date,date_time,home_team,away_team,venue,home_score,away_score,margin,outcome,final,home_odds,away_odds
2009-06-19,2009-06-19 19:40:00,Essendon,Melbourne,Marvel Stadium,131,83,48,1.0,False,1.24,3.93
2009-06-20,2009-06-20 19:10:00,Sydney,Collingwood,Accor Stadium,66,89,-23,0.0,False,1.93,1.75
2009-06-21,2009-06-21 14:40:00,Fremantle,Geelong,Domain Stadium,75,94,-19,0.0,False,7.25,1.08
2009-06-26,2009-06-26 19:40:00,Essendon,Carlton,MCG,136,67,69,1.0,False,2.55,1.48
2009-06-27,2009-06-27 14:10:00,Collingwood,Fremantle,MCG,169,85,84,1.0,False,1.12,5.94
2009-06-27,2009-06-27 14:40:00,Adelaide,Sydney,AAMI Stadium,85,69,16,1.0,False,1.25,3.75
2009-06-27,2009-06-27 17:40:00,West Coast,Hawthorn,Domain Stadium,107,87,20,1.0,False,2.77,1.42
2009-06-27,2009-06-27 19:10:00,Brisbane,Melbourne,Gabba,111,56,55,1.0,False,1.06,8.25
2009-06-28,2009-06-28 13:10:00,Geelong,Port Adelaide,GMHBA Stadium,122,88,34,1.0,False,1.05,8.63
2009-06-28,2009-06-28 14:10:00,North Melbourne,Western Bulldogs,MCG,86,108,-22,0.0,False,5.03,1.16
2009-06-28,2009-06-28 16:40:00,St Kilda,Richmond,Marvel Stadium,92,36,56,1.0,False,1.07,7.63
2009-07-03,2009-07-03 19:40:00,Collingwood,Essendon,MCG,102,67,35,1.0,False,1.5,2.5
2009-07-04,2009-07-04 14:10:00,Melbourne,West Coast,MCG,112,92,20,1.0,False,1.96,1.75
2009-07-04,2009-07-04 14:40:00,Port Adelaide,Brisbane,AAMI Stadium,128,80,48,1.0,False,2.3,1.57
2009-07-04,2009-07-04 19:10:00,Richmond,Adelaide,People First Stadium,85,102,-17,0.0,False,3.78,1.25
2009-07-04,2009-07-04 19:10:00,Western Bulldogs,Hawthorn,Marvel Stadium,133,45,88,1.0,False,1.4,2.8
2009-07-05,2009-07-05 13:10:00,Sydney,North Melbourne,SCG,100,85,15,1.0,False,1.31,3.32
2009-07-05,2009-07-05 14:40:00,Fremantle,Carlton,Domain Stadium,100,115,-15,0.0,False,2.28,1.57
2009-07-05,2009-07-05 15:10:00,St Kilda,Geelong,Marvel Stadium,91,85,6,1.0,False,2.3,1.56
2009-07-10,2009-07-10 19:40:00,Western Bulldogs,Collingwood,Marvel Stadium,110,111,-1,0.0,False,1.56,2.34
2009-07-11,2009-07-11 14:10:00,Carlton,Richmond,MCG,109,89,20,1.0,False,1.25,3.76
2009-07-11,2009-07-11 14:10:00,Sydney,Essendon,SCG,72,107,-35,0.0,False,1.66,2.14
2009-07-11,2009-07-11 19:10:00,Adelaide,Fremantle,AAMI Stadium,130,13,117,1.0,False,1.14,5.44
2009-07-11,2009-07-11 19:10:00,Brisbane,Geelong,Gabba,108,65,43,1.0,False,2.28,1.57
2009-07-12,2009-07-12 12:40:00,West Coast,St Kilda,Domain Stadium,70,90,-20,0.0,False,4.7,1.17
2009-07-12,2009-07-12 13:10:00,Hawthorn,North Melbourne,UTAS Stadium,73,64,9,1.0,False,1.5,2.5
2009-07-12,2009-07-12 14:10:00,Melbourne,Port Adelaide,MCG,101,90,11,1.0,False,2.89,1.38
2009-07-17,2009-07-17 19:40:00,Essendon,Western Bulldogs,Marvel Stadium,70,103,-33,0.0,False,3.1,1.36
2009-07-18,2009-07-18 14:10:00,Carlton,Sydney,Marvel Stadium,124,63,61,1.0,False,1.23,3.91
2009-07-18,2009-07-18 14:10:00,Geelong,Melbourne,GMHBA Stadium,117,71,46,1.0,False,1.04,10.25
2009-07-18,2009-07-18 17:40:00,Fremantle,Brisbane,Domain Stadium,47,62,-15,0.0,False,3.14,1.34
2009-07-18,2009-07-18 19:10:00,Collingwood,Hawthorn,MCG,76,121,-45,0.0,False,1.38,2.9
2009-07-19,2009-07-19 12:40:00,Port Adelaide,West Coast,AAMI Stadium,112,76,36,1.0,False,1.16,4.85
2009-07-19,2009-07-19 14:10:00,Richmond,North Melbourne,MCG,85,85,0,0.5,False,1.93,1.79
2009-07-19,2009-07-19 16:40:00,St Kilda,Adelaide,Marvel Stadium,105,48,57,1.0,False,1.34,3.15
2009-07-24,2009-07-24 19:40:00,Carlton,Collingwood,MCG,40,94,-54,0.0,False,1.95,1.76
2009-07-25,2009-07-25 14:10:00,Fremantle,West Coast,Domain Stadium,71,66,5,1.0,False,1.66,2.14
2009-07-25,2009-07-25 14:10:00,Geelong,Hawthorn,MCG,99,98,1,1.0,False,1.39,2.95
2009-07-25,2009-07-25 19:10:00,Brisbane,North Melbourne,Gabba,116,75,41,1.0,False,1.15,5.03
2009-07-25,2009-07-25 19:10:00,St Kilda,Western Bulldogs,Marvel Stadium,106,61,45,1.0,False,1.51,2.44
2009-07-26,2009-07-26 13:10:00,Melbourne,Sydney,Manuka Oval,50,68,-18,0.0,False,3.23,1.33
2009-07-26,2009-07-26 14:10:00,Essendon,Richmond,MCG,96,101,-5,0.0,False,1.28,3.62
2009-07-26,2009-07-26 16:10:00,Adelaide,Port Adelaide,AAMI Stadium,132,62,70,1.0,False,1.53,2.4
2009-07-31,2009-07-31 19:40:00,North Melbourne,Carlton,Marvel Stadium,84,94,-10,0.0,False,3.38,1.3
2009-08-01,2009-08-01 14:10:00,Geelong,Adelaide,GMHBA Stadium,93,91,2,1.0,False,1.25,3.7
2009-08-01,2009-08-01 14:10:00,Western Bulldogs,Fremantle,Marvel Stadium,111,80,31,1.0,False,1.04,10.88
2009-08-01,2009-08-01 19:10:00,Collingwood,Brisbane,MCG,95,55,40,1.0,False,1.37,3.06
2009-08-01,2009-08-01 19:10:00,Sydney,St Kilda,SCG,93,94,-1,0.0,False,5.43,1.13
2009-08-02,2009-08-02 13:10:00,Melbourne,Richmond,MCG,82,86,-4,0.0,False,3.7,1.26
2009-08-02,2009-08-02 14:40:00,Port Adelaide,Hawthorn,AAMI Stadium,121,103,18,1.0,False,2.63,1.45
2009-08-02,2009-08-02 14:40:00,West Coast,Essendon,Domain Stadium,95,68,27,1.0,False,2.79,1.41
2009-08-07,2009-08-07 19:40:00,Carlton,Geelong,MCG,97,62,35,1.0,False,3.15,1.35
2009-08-08,2009-08-08 14:10:00,Hawthorn,St Kilda,UTAS Stadium,49,74,-25,0.0,False,1.52,2.45
2009-08-08,2009-08-08 14:10:00,Western Bulldogs,West Coast,Marvel Stadium,97,102,-5,0.0,False,1.06,8.38
2009-08-08,2009-08-08 19:10:00,Adelaide,Collingwood,AAMI Stadium,68,89,-21,0.0,False,1.84,1.87
2009-08-08,2009-08-08 19:10:00,Essendon,Brisbane,MCG,87,87,0,0.5,False,2.4,1.54
2009-08-09,2009-08-09 13:10:00,North Melbourne,Melbourne,Marvel Stadium,123,61,62,1.0,False,1.34,3.17
2009-08-09,2009-08-09 14:10:00,Richmond,Sydney,MCG,68,123,-55,0.0,False,1.79,1.92
2009-08-09,2009-08-09 14:40:00,Fremantle,Port Adelaide,Domain Stadium,116,74,42,1.0,False,2.48,1.5
2009-08-14,2009-08-14 19:40:00,Hawthorn,Adelaide,MCG,67,94,-27,0.0,False,2.14,1.67
2009-08-15,2009-08-15 14:10:00,Richmond,Collingwood,MCG,59,152,-93,0.0,False,6.44,1.1
2009-08-15,2009-08-15 14:10:00,West Coast,North Melbourne,Domain Stadium,110,72,38,1.0,False,1.37,2.93
2009-08-15,2009-08-15 19:10:00,Brisbane,Western Bulldogs,Gabba,84,102,-18,0.0,False,1.75,1.98
2009-08-15,2009-08-15 19:10:00,Sydney,Geelong,Accor Stadium,87,92,-5,0.0,False,2.61,1.45
2009-08-16,2009-08-16 13:10:00,Melbourne,Fremantle,MCG,127,64,63,1.0,False,2.18,1.63
2009-08-16,2009-08-16 14:40:00,Port Adelaide,Carlton,AAMI Stadium,67,121,-54,0.0,False,1.91,1.8
2009-08-16,2009-08-16 16:40:00,Essendon,St Kilda,Marvel Stadium,110,108,2,1.0,False,5.5,1.13
2009-08-21,2009-08-21 19:40:00,Western Bulldogs,Geelong,Marvel Stadium,110,96,14,1.0,False,2.24,1.61
2009-08-22,2009-08-22 14:10:00,Carlton,Melbourne,Marvel Stadium,153,96,57,1.0,False,1.07,7.63
2009-08-22,2009-08-22 14:40:00,Adelaide,West Coast,AAMI Stadium,122,48,74,1.0,False,1.16,4.9
2009-08-22,2009-08-22 19:10:00,Brisbane,Port Adelaide,Gabba,107,92,15,1.0,False,1.18,4.6
2009-08-22,2009-08-22 19:10:00,Richmond,Hawthorn,MCG,93,135,-42,0.0,False,3.03,1.36
2009-08-23,2009-08-23 13:10:00,St Kilda,North Melbourne,Marvel Stadium,59,64,-5,0.0,False,1.06,8.6
2009-08-23,2009-08-23 14:10:00,Collingwood,Sydney,MCG,97,56,41,1.0,False,1.2,4.36
2009-08-23,2009-08-23 14:40:00,Fremantle,Essendon,Domain Stadium,141,87,54,1.0,False,1.84,1.87
2009-08-28,2009-08-28 18:40:00,West Coast,Richmond,Domain Stadium,125,45,80,1.0,False,1.21,4.27
2009-08-29,2009-08-29 13:10:00,Geelong,Fremantle,GMHBA Stadium,94,54,40,1.0,False,1.05,9.0
2009-08-29,2009-08-29 14:10:00,Hawthorn,Essendon,MCG,99,116,-17,0.0,False,2.03,1.71
2009-08-29,2009-08-29 16:10:00,Carlton,Adelaide,Marvel Stadium,104,176,-72,0.0,False,1.81,1.93
2009-08-29,2009-08-29 19:10:00,Port Adelaide,North Melbourne,AAMI Stadium,67,71,-4,0.0,False,1.38,2.94
2009-08-29,2009-08-29 19:10:00,Sydney,Brisbane,SCG,92,100,-8,0.0,False,1.67,2.12
2009-08-30,2009-08-30 14:10:00,Melbourne,St Kilda,MCG,67,114,-47,0.0,False,12.0,1.02
2009-08-30,2009-08-30 16:40:00,Collingwood,Western Bulldogs,Marvel Stadium,76,100,-24,0.0,False,1.71,2.08
2009-09-04,2009-09-04 19:45:00,Adelaide,Essendon,AAMI Stadium,166,70,96,1.0,False,1.1,6.5
2009-09-05,2009-09-05 14:30:00,Geelong,Western Bulldogs,MCG,96,82,14,1.0,False,1.83,1.93
2009-09-05,2009-09-05 19:30:00,Brisbane,Carlton,Gabba,111,104,7,1.0,False,1.87,1.86
2009-09-06,2009-09-06 14:40:00,St Kilda,Collingwood,MCG,80,52,28,1.0,False,1.6,2.25
2009-09-11,2009-09-11 19:45:00,Western Bulldogs,Brisbane,MCG,107,56,51,1.0,False,1.26,3.7
2009-09-12,2009-09-12 19:30:00,Collingwood,Adelaide,MCG,83,78,5,1.0,False,2.18,1.66
2009-09-18,2009-09-18 19:45:00,St Kilda,Western Bulldogs,MCG,60,53,7,1.0,False,1.36,3.05
2009-09-19,2009-09-19 19:30:00,Geelong,Collingwood,MCG,120,47,73,1.0,False,1.34,3.18
2009-09-26,2009-09-26 14:30:00,St Kilda,Geelong,MCG,68,80,-12,0.0,False,2.2,1.63
2010-03-25,2010-03-25 19:10:00,Richmond,Carlton,MCG,64,120,-56,0.0,False,2.88,1.42
2010-03-26,2010-03-26 19:40:00,Geelong,Essendon,MCG,125,94,31,1.0,False,1.21,4.28
2010-03-27,2010-03-27 14:10:00,Melbourne,Hawthorn,MCG,61,117,-56,0.0,False,4.42,1.2
2010-03-27,2010-03-27 19:10:00,Brisbane,West Coast,Gabba,114,82,32,1.0,False,1.28,3.63
2010-03-27,2010-03-27 19:10:00,Sydney,St Kilda,Accor Stadium,88,96,-8,0.0,False,2.44,1.53
2010-03-28,2010-03-28 12:40:00,Port Adelaide,North Melbourne,AAMI Stadium,96,82,14,1.0,False,1.41,2.83
2010-03-28,2010-03-28 14:10:00,Western Bulldogs,Collingwood,Marvel Stadium,93,129,-36,0.0,False,1.62,2.25
2010-03-28,2010-03-28 17:10:00,Fremantle,Adelaide,Domain Stadium,118,62,56,1.0,False,1.94,1.8
2010-04-01,2010-04-01 19:40:00,Brisbane,Carlton,Gabba,107,88,19,1.0,False,1.32,3.45
2010-04-03,2010-04-03 14:10:00,Collingwood,Melbourne,MCG,86,85,1,1.0,False,1.05,10.33
2010-04-03,2010-04-03 17:40:00,West Coast,Port Adelaide,Domain Stadium,86,89,-3,0.0,False,1.58,2.31
2010-04-03,2010-04-03 19:10:00,St Kilda,North Melbourne,Marvel Stadium,143,39,104,1.0,False,1.13,5.58
2010-04-04,2010-04-04 12:40:00,Adelaide,Sydney,AAMI Stadium,75,118,-43,0.0,False,1.54,2.42
2010-04-04,2010-04-04 14:10:00,Essendon,Fremantle,Marvel Stadium,69,113,-44,0.0,False,1.46,2.66
2010-04-04,2010-04-04 16:40:00,Richmond,Western Bulldogs,MCG,48,120,-72,0.0,False,10.0,1.06
2010-04-05,2010-04-05 14:10:00,Hawthorn,Geelong,MCG,91,100,-9,0.0,False,2.4,1.56
2010-04-09,2010-04-09 19:40:00,St Kilda,Collingwood,Marvel Stadium,69,41,28,1.0,False,1.32,3.3
2010-04-10,2010-04-10 14:10:00,North Melbourne,West Coast,Marvel Stadium,116,91,25,1.0,False,1.85,1.91
2010-04-10,2010-04-10 14:40:00,Port Adelaide,Brisbane,AAMI Stadium,81,108,-27,0.0,False,1.84,1.92
2010-04-10,2010-04-10 19:10:00,Carlton,Essendon,MCG,75,95,-20,0.0,False,1.45,2.7
2010-04-10,2010-04-10 19:10:00,Sydney,Richmond,SCG,111,56,55,1.0,False,1.1,7.0
2010-04-11,2010-04-11 13:10:00,Melbourne,Adelaide,MCG,57,41,16,1.0,False,2.6,1.49
2010-04-11,2010-04-11 14:10:00,Western Bulldogs,Hawthorn,Marvel Stadium,100,84,16,1.0,False,1.47,2.63
2010-04-11,2010-04-11 14:40:00,Fremantle,Geelong,Domain Stadium,125,118,7,1.0,False,2.05,1.72
2010-04-16,2010-04-16 18:40:00,West Coast,Essendon,Domain Stadium,101,78,23,1.0,False,1.58,2.32
2010-04-17,2010-04-17 14:10:00,North Melbourne,Sydney,Marvel Stadium,60,100,-40,0.0,False,2.57,1.48
2010-04-17,2010-04-17 14:40:00,Adelaide,Carlton,AAMI Stadium,55,103,-48,0.0,False,1.77,1.97
2010-04-17,2010-04-17 19:10:00,Brisbane,Western Bulldogs,Gabba,101,79,22,1.0,False,1.95,1.78
2010-04-17,2010-04-17 19:10:00,Collingwood,Hawthorn,MCG,123,59,64,1.0,False,1.59,2.31
2010-04-18,2010-04-18 13:10:00,Richmond,Melbourne,MCG,78,133,-55,0.0,False,3.35,1.31
2010-04-18,2010-04-18 14:10:00,Geelong,Port Adelaide,GMHBA Stadium,159,64,95,1.0,False,1.13,5.7
2010-04-18,2010-04-18 16:40:00,St Kilda,Fremantle,Marvel Stadium,108,93,15,1.0,False,1.31,3.31
2010-04-23,2010-04-23 19:40:00,Western Bulldogs,Adelaide,Marvel Stadium,121,72,49,1.0,False,1.1,6.3
2010-04-24,2010-04-24 14:15:00,Sydney,West Coast,SCG,115,63,52,1.0,False,1.15,4.91
2010-04-24,2010-04-24 19:10:00,Melbourne,Brisbane,MCG,103,53,50,1.0,False,3.33,1.31
2010-04-24,2010-04-24 19:15:00,Port Adelaide,St Kilda,AAMI Stadium,54,44,10,1.0,False,3.55,1.28
2010-04-25,2010-04-25 14:40:00,Collingwood,Essendon,MCG,120,55,65,1.0,False,1.27,3.6
2010-04-25,2010-04-25 17:40:00,Hawthorn,North Melbourne,UTAS Stadium,70,82,-12,0.0,False,1.32,3.28
2010-04-25,2010-04-25 18:45:00,Fremantle,Richmond,Domain Stadium,112,73,39,1.0,False,1.04,10.5
2010-04-26,2010-04-26 14:10:00,Carlton,Geelong,MCG,104,68,36,1.0,False,4.38,1.19
2010-04-30,2010-04-30 19:40:00,Western Bulldogs,St Kilda,Marvel Stadium,46,49,-3,0.0,False,1.67,2.13
2010-05-01,2010-05-01 14:10:00,North Melbourne,Melbourne,Marvel Stadium,104,78,26,1.0,False,1.99,1.75
2010-05-01,2010-05-01 14:40:00,Adelaide,Port Adelaide,AAMI Stadium,74,97,-23,0.0,False,2.42,1.53
2010-05-01,2010-05-01 19:10:00,Essendon,Hawthorn,MCG,106,63,43,1.0,False,2.58,1.47
2010-05-01,2010-05-01 19:10:00,Sydney,Brisbane,SCG,107,87,20,1.0,False,1.52,2.43
2010-05-02,2010-05-02 13:10:00,Geelong,Richmond,GMHBA Stadium,161,53,108,1.0,False,1.03,12.25
2010-05-02,2010-05-02 14:10:00,Carlton,Collingwood,MCG,102,155,-53,0.0,False,2.44,1.52
2010-05-02,2010-05-02 14:40:00,West Coast,Fremantle,Domain Stadium,73,111,-38,0.0,False,2.84,1.4
2010-05-07,2010-05-07 19:40:00,Melbourne,Western Bulldogs,MCG,66,70,-4,0.0,False,4.05,1.23
2010-05-08,2010-05-08 13:10:00,West Coast,Hawthorn,Domain Stadium,102,94,8,1.0,False,1.6,2.3
2010-05-08,2010-05-08 14:10:00,Essendon,Port Adelaide,Marvel Stadium,106,109,-3,0.0,False,1.74,2.0
2010-05-08,2010-05-08 19:10:00,Brisbane,Fremantle,Gabba,100,113,-13,0.0,False,1.47,2.62
2010-05-08,2010-05-08 19:10:00,Collingwood,North Melbourne,MCG,157,91,66,1.0,False,1.19,4.55
2010-05-09,2010-05-09 13:10:00,Geelong,Sydney,GMHBA Stadium,126,59,67,1.0,False,1.27,3.71
2010-05-09,2010-05-09 16:10:00,Adelaide,Richmond,AAMI Stadium,104,54,50,1.0,False,1.19,4.54
2010-05-10,2010-05-10 19:20:00,St Kilda,Carlton,Marvel Stadium,68,129,-61,0.0,False,1.43,2.77
2010-05-14,2010-05-14 18:40:00,Fremantle,Collingwood,Domain Stadium,97,133,-36,0.0,False,2.0,1.76
2010-05-15,2010-05-15 14:10:00,Melbourne,West Coast,MCG,46,75,-29,0.0,False,1.35,3.09
2010-05-15,2010-05-15 14:10:00,Western Bulldogs,Sydney,Manuka Oval,101,63,38,1.0,False,1.56,2.35
2010-05-15,2010-05-15 19:10:00,Brisbane,Geelong,Gabba,74,155,-81,0.0,False,3.38,1.31
2010-05-15,2010-05-15 19:10:00,North Melbourne,Adelaide,Marvel Stadium,84,75,9,1.0,False,1.61,2.24
2010-05-16,2010-05-16 13:10:00,Richmond,Hawthorn,MCG,86,89,-3,0.0,False,4.94,1.16
2010-05-16,2010-05-16 14:40:00,Port Adelaide,Carlton,AAMI Stadium,92,118,-26,0.0,False,1.82,1.92
2010-05-16,2010-05-16 16:40:00,St Kilda,Essendon,Marvel Stadium,81,93,-12,0.0,False,1.4,2.81
2010-05-21,2010-05-21 19:40:00,Collingwood,Geelong,MCG,50,86,-36,0.0,False,1.95,1.78
2010-05-22,2010-05-22 14:10:00,North Melbourne,Western Bulldogs,Marvel Stadium,57,127,-70,0.0,False,4.21,1.22
2010-05-22,2010-05-22 14:10:00,Sydney,Fremantle,SCG,63,100,-37,0.0,False,1.68,2.13
2010-05-22,2010-05-22 19:10:00,Melbourne,Port Adelaide,TIO Stadium,111,110,1,1.0,False,2.32,1.57
2010-05-22,2010-05-22 19:45:00,Essendon,Richmond,MCG,130,95,35,1.0,False,1.26,3.81
2010-05-23,2010-05-23 12:40:00,Adelaide,Brisbane,AAMI Stadium,93,81,12,1.0,False,2.1,1.69
2010-05-23,2010-05-23 14:10:00,Carlton,Hawthorn,Marvel Stadium,60,110,-50,0.0,False,1.35,3.1
2010-05-23,2010-05-23 14:40:00,West Coast,St Kilda,Domain Stadium,56,91,-35,0.0,False,1.99,1.75
2010-05-28,2010-05-28 19:40:00,Essendon,Western Bulldogs,Marvel Stadium,99,90,9,1.0,False,3.2,1.33
2010-05-29,2010-05-29 14:10:00,Geelong,Melbourne,GMHBA Stadium,121,67,54,1.0,False,1.04,10.25
2010-05-29,2010-05-29 14:40:00,Port Adelaide,Richmond,AAMI Stadium,30,77,-47,0.0,False,1.18,4.61
2010-05-29,2010-05-29 19:10:00,Brisbane,Collingwood,Gabba,88,80,8,1.0,False,3.54,1.28
2010-05-29,2010-05-29 19:10:00,St Kilda,Adelaide,Marvel Stadium,123,76,47,1.0,False,1.23,4.08
2010-05-30,2010-05-30 13:10:00,Hawthorn,Sydney,MCG,79,77,2,1.0,False,1.31,3.35
2010-05-30,2010-05-30 14:10:00,Carlton,West Coast,Marvel Stadium,105,76,29,1.0,False,1.19,4.48
2010-05-30,2010-05-30 14:40:00,Fremantle,North Melbourne,Domain Stadium,139,78,61,1.0,False,1.12,5.94
2010-06-04,2010-06-04 19:40:00,Richmond,St Kilda,Marvel Stadium,59,97,-38,0.0,False,5.69,1.12
2010-06-05,2010-06-05 14:10:00,Carlton,Melbourne,MCG,101,60,41,1.0,False,1.36,3.01
2010-06-05,2010-06-05 14:40:00,Adelaide,Fremantle,AAMI Stadium,105,82,23,1.0,False,2.8,1.41
2010-06-05,2010-06-05 17:40:00,West Coast,Geelong,Domain Stadium,98,122,-24,0.0,False,6.06,1.11
2010-06-05,2010-06-05 19:10:00,North Melbourne,Brisbane,Marvel Stadium,90,89,1,1.0,False,2.35,1.56
2010-06-06,2010-06-06 13:10:00,Sydney,Essendon,SCG,89,80,9,1.0,False,1.71,2.06
2010-06-06,2010-06-06 14:10:00,Hawthorn,Port Adelaide,MCG,74,63,11,1.0,False,1.41,2.78
2010-06-06,2010-06-06 16:40:00,Collingwood,Western Bulldogs,Marvel Stadium,113,103,10,1.0,False,1.67,2.11
2010-06-11,2010-06-11 19:40:00,North Melbourne,Carlton,Marvel Stadium,97,68,29,1.0,False,3.7,1.27
2010-06-12,2010-06-12 14:10:00,Hawthorn,Adelaide,UTAS Stadium,124,77,47,1.0,False,1.39,2.91
2010-06-12,2010-06-12 19:10:00,Essendon,Geelong,Marvel Stadium,83,154,-71,0.0,False,4.18,1.22
2010-06-12,2010-06-12 19:10:00,Port Adelaide,Sydney,AAMI Stadium,55,93,-38,0.0,False,1.77,1.97
2010-06-13,2010-06-13 13:10:00,Richmond,West Coast,MCG,126,77,49,1.0,False,1.82,1.93
2010-06-13,2010-06-13 14:10:00,Western Bulldogs,Brisbane,Marvel Stadium,121,56,65,1.0,False,1.24,4.02
2010-06-13,2010-06-13 14:40:00,Fremantle,St Kilda,Domain Stadium,67,85,-18,0.0,False,1.64,2.18
2010-06-14,2010-06-14 14:10:00,Melbourne,Collingwood,MCG,76,76,0,0.5,False,4.98,1.16
2010-06-18,2010-06-18 19:40:00,Hawthorn,Essendon,MCG,102,86,16,1.0,False,1.55,2.39
2010-06-19,2010-06-19 19:10:00,Brisbane,Richmond,Gabba,86,105,-19,0.0,False,1.41,2.82
2010-06-19,2010-06-19 19:10:00,Carlton,Fremantle,Marvel Stadium,87,96,-9,0.0,False,1.62,2.23
2010-06-20,2010-06-20 13:10:00,North Melbourne,Port Adelaide,Marvel Stadium,129,93,36,1.0,False,1.35,3.08
2010-06-20,2010-06-20 14:40:00,West Coast,Western Bulldogs,Domain Stadium,59,119,-60,0.0,False,3.25,1.33
2010-06-25,2010-06-25 19:50:00,St Kilda,Geelong,MCG,70,46,24,1.0,False,3.09,1.34
2010-06-26,2010-06-26 19:10:00,Sydney,Collingwood,Accor Stadium,71,96,-25,0.0,False,2.23,1.62
2010-06-27,2010-06-27 14:40:00,Adelaide,Melbourne,AAMI Stadium,117,73,44,1.0,False,1.59,2.28
2010-07-01,2010-07-01 19:10:00,Carlton,Brisbane,Marvel Stadium,120,65,55,1.0,False,1.25,3.85
2010-07-02,2010-07-02 19:40:00,Hawthorn,Western Bulldogs,MCG,79,76,3,1.0,False,2.3,1.57
2010-07-03,2010-07-03 13:10:00,Fremantle,Port Adelaide,Domain Stadium,115,58,57,1.0,False,1.11,6.13
2010-07-03,2010-07-03 19:10:00,Adelaide,Essendon,AAMI Stadium,124,40,84,1.0,False,1.58,2.3
2010-07-03,2010-07-03 19:10:00,Collingwood,West Coast,Marvel Stadium,135,52,83,1.0,False,1.06,9.0
2010-07-04,2010-07-04 13:10:00,Geelong,North Melbourne,GMHBA Stadium,98,63,35,1.0,False,1.14,5.38
2010-07-04,2010-07-04 14:10:00,Richmond,Sydney,MCG,89,85,4,1.0,False,2.14,1.66
2010-07-04,2010-07-04 16:40:00,St Kilda,Melbourne,Marvel Stadium,100,65,35,1.0,False,1.12,5.81
2010-07-09,2010-07-09 20:10:00,Port Adelaide,Collingwood,AAMI Stadium,79,105,-26,0.0,False,5.06,1.15
2010-07-10,2010-07-10 13:10:00,West Coast,Adelaide,Domain Stadium,95,117,-22,0.0,False,2.63,1.46
2010-07-10,2010-07-10 14:10:00,Geelong,Hawthorn,MCG,85,83,2,1.0,False,1.33,3.18
2010-07-10,2010-07-10 19:10:00,Brisbane,St Kilda,Gabba,65,79,-14,0.0,False,4.21,1.21
2010-07-10,2010-07-10 19:10:00,Richmond,Fremantle,Marvel Stadium,100,81,19,1.0,False,2.61,1.46
2010-07-11,2010-07-11 13:10:00,Sydney,North Melbourne,SCG,85,55,30,1.0,False,1.42,2.78
2010-07-11,2010-07-11 14:10:00,Melbourne,Essendon,MCG,122,103,19,1.0,False,1.89,1.86
2010-07-11,2010-07-11 16:40:00,Carlton,Western Bulldogs,Marvel Stadium,58,126,-68,0.0,False,2.5,1.5
2010-07-16,2010-07-16 20:10:00,Adelaide,Geelong,AAMI Stadium,74,63,11,1.0,False,3.5,1.29
2010-07-17,2010-07-17 14:10:00,Collingwood,St Kilda,MCG,100,52,48,1.0,False,2.05,1.71
2010-07-17,2010-07-17 14:10:00,Hawthorn,Brisbane,UTAS Stadium,118,43,75,1.0,False,1.27,3.62
2010-07-17,2010-07-17 19:10:00,Essendon,West Coast,Marvel Stadium,100,132,-32,0.0,False,1.4,2.85
2010-07-17,2010-07-17 19:40:00,Western Bulldogs,Port Adelaide,TIO Stadium,83,47,36,1.0,False,1.15,5.08
2010-07-18,2010-07-18 13:10:00,Carlton,Sydney,Marvel Stadium,68,107,-39,0.0,False,1.57,2.31
2010-07-18,2010-07-18 14:10:00,Richmond,North Melbourne,MCG,53,103,-50,0.0,False,1.74,2.01
2010-07-18,2010-07-18 14:40:00,Fremantle,Melbourne,Domain Stadium,82,71,11,1.0,False,1.2,4.33
2010-07-23,2010-07-23 19:40:00,St Kilda,Hawthorn,Marvel Stadium,87,87,0,0.5,False,1.72,2.04
2010-07-24,2010-07-24 14:10:00,Collingwood,Richmond,MCG,127,45,82,1.0,False,1.1,6.5
2010-07-24,2010-07-24 14:10:00,Geelong,Brisbane,GMHBA Stadium,127,64,63,1.0,False,1.06,8.69
2010-07-24,2010-07-24 17:40:00,West Coast,Carlton,Domain Stadium,83,109,-26,0.0,False,1.84,1.88
2010-07-24,2010-07-24 19:10:00,North Melbourne,Essendon,Marvel Stadium,119,122,-3,0.0,False,1.43,2.73
2010-07-25,2010-07-25 13:10:00,Western Bulldogs,Fremantle,Marvel Stadium,158,76,82,1.0,False,1.3,3.43
2010-07-25,2010-07-25 14:10:00,Melbourne,Sydney,MCG,142,69,73,1.0,False,2.28,1.59
2010-07-25,2010-07-25 16:10:00,Port Adelaide,Adelaide,AAMI Stadium,88,69,19,1.0,False,3.36,1.3
2010-07-30,2010-07-30 19:40:00,Essendon,St Kilda,Marvel Stadium,108,75,33,1.0,False,4.74,1.17
2010-07-31,2010-07-31 14:10:00,Collingwood,Carlton,MCG,105,57,48,1.0,False,1.19,4.48
2010-07-31,2010-07-31 14:40:00,Port Adelaide,Hawthorn,AAMI Stadium,92,84,8,1.0,False,3.14,1.33
2010-07-31,2010-07-31 19:10:00,Brisbane,Melbourne,Gabba,64,74,-10,0.0,False,1.75,2.0
2010-07-31,2010-07-31 19:10:00,Sydney,Geelong,Accor Stadium,72,125,-53,0.0,False,4.07,1.23
2010-08-01,2010-08-01 13:10:00,Richmond,Adelaide,MCG,100,80,20,1.0,False,2.25,1.61
2010-08-01,2010-08-01 14:10:00,Western Bulldogs,North Melbourne,Marvel Stadium,143,72,71,1.0,False,1.16,5.02
2010-08-01,2010-08-01 14:40:00,Fremantle,West Coast,Domain Stadium,160,85,75,1.0,False,1.39,2.91
2010-08-06,2010-08-06 19:40:00,Essendon,Carlton,MCG,73,149,-76,0.0,False,1.91,1.81
2010-08-07,2010-08-07 14:10:00,North Melbourne,Fremantle,Marvel Stadium,123,69,54,1.0,False,1.83,1.9
2010-08-07,2010-08-07 14:10:00,Sydney,Hawthorn,SCG,129,85,44,1.0,False,2.01,1.74
2010-08-07,2010-08-07 17:40:00,West Coast,Brisbane,Domain Stadium,65,70,-5,0.0,False,1.61,2.25
2010-08-07,2010-08-07 19:10:00,Geelong,Collingwood,MCG,85,107,-22,0.0,False,1.76,1.99
2010-08-08,2010-08-08 13:10:00,St Kilda,Port Adelaide,Marvel Stadium,151,57,94,1.0,False,1.2,4.4
2010-08-08,2010-08-08 14:10:00,Melbourne,Richmond,MCG,109,80,29,1.0,False,1.52,2.47
2010-08-08,2010-08-08 16:10:00,Adelaide,Western Bulldogs,AAMI Stadium,53,61,-8,0.0,False,3.21,1.33
2010-08-13,2010-08-13 19:40:00,Essendon,Collingwood,MCG,64,162,-98,0.0,False,6.64,1.1
2010-08-14,2010-08-14 13:10:00,Fremantle,Sydney,Domain Stadium,87,96,-9,0.0,False,1.62,2.23
2010-08-14,2010-08-14 14:10:00,Carlton,Richmond,MCG,156,67,89,1.0,False,1.3,3.42
2010-08-14,2010-08-14 19:10:00,Port Adelaide,West Coast,AAMI Stadium,61,60,1,1.0,False,1.33,3.25
2010-08-14,2010-08-14 19:10:00,Western Bulldogs,Geelong,Marvel Stadium,60,161,-101,0.0,False,2.38,1.56
2010-08-15,2010-08-15 13:10:00,Brisbane,Adelaide,Gabba,97,104,-7,0.0,False,2.06,1.7
2010-08-15,2010-08-15 14:10:00,Hawthorn,Melbourne,MCG,99,78,21,1.0,False,1.63,2.22
2010-08-15,2010-08-15 16:40:00,North Melbourne,St Kilda,Marvel Stadium,63,115,-52,0.0,False,3.98,1.24
2010-08-20,2010-08-20 19:40:00,Geelong,Carlton,Marvel Stadium,121,79,42,1.0,False,1.17,4.82
2010-08-21,2010-08-21 14:10:00,Hawthorn,Fremantle,UTAS Stadium,155,39,116,1.0,False,1.09,7.25
2010-08-21,2010-08-21 14:10:00,St Kilda,Richmond,Marvel Stadium,115,94,21,1.0,False,1.08,7.7
2010-08-21,2010-08-21 19:10:00,Collingwood,Adelaide,MCG,54,51,3,1.0,False,1.05,9.75
2010-08-21,2010-08-21 19:10:00,Sydney,Western Bulldogs,SCG,114,70,44,1.0,False,2.05,1.72
2010-08-22,2010-08-22 12:40:00,Port Adelaide,Melbourne,AAMI Stadium,112,83,29,1.0,False,1.92,1.81
2010-08-22,2010-08-22 14:10:00,Essendon,Brisbane,Marvel Stadium,68,95,-27,0.0,False,1.63,2.21
2010-08-22,2010-08-22 14:40:00,West Coast,North Melbourne,Domain Stadium,94,110,-16,0.0,False,2.25,1.61
2010-08-27,2010-08-27 18:40:00,Fremantle,Carlton,Domain Stadium,93,87,6,1.0,False,1.53,2.4
2010-08-28,2010-08-28 13:10:00,Geelong,West Coast,GMHBA Stadium,112,68,44,1.0,False,1.02,14.5
2010-08-28,2010-08-28 14:10:00,Hawthorn,Collingwood,MCG,98,95,3,1.0,False,2.5,1.5
2010-08-28,2010-08-28 15:40:00,Adelaide,St Kilda,AAMI Stadium,65,37,28,1.0,False,2.53,1.49
2010-08-28,2010-08-28 19:10:00,Brisbane,Sydney,Gabba,68,106,-38,0.0,False,2.81,1.41
2010-08-28,2010-08-28 19:10:00,Western Bulldogs,Essendon,Marvel Stadium,107,78,29,1.0,False,1.18,4.61
2010-08-29,2010-08-29 14:10:00,Richmond,Port Adelaide,Marvel Stadium,112,122,-10,0.0,False,1.62,2.22
2010-08-29,2010-08-29 16:40:00,Melbourne,North Melbourne,MCG,103,113,-10,0.0,False,1.87,1.86
2010-09-03,2010-09-03 19:45:00,Geelong,St Kilda,MCG,79,83,-4,0.0,True,1.37,3.05
2010-09-04,2010-09-04 13:20:00,Fremantle,Hawthorn,Domain Stadium,94,64,30,1.0,True,2.16,1.66
2010-09-04,2010-09-04 19:20:00,Collingwood,Western Bulldogs,MCG,124,62,62,1.0,True,1.24,3.91
2010-09-05,2010-09-05 14:40:00,Sydney,Carlton,Accor Stadium,99,94,5,1.0,True,1.45,2.65
2010-09-10,2010-09-10 19:45:00,Geelong,Fremantle,MCG,135,66,69,1.0,True,1.1,6.54
2010-09-11,2010-09-11 19:20:00,Western Bulldogs,Sydney,MCG,77,72,5,1.0,True,1.89,1.86
2010-09-17,2010-09-17 19:45:00,Collingwood,Geelong,MCG,120,79,41,1.0,True,1.79,1.94
2010-09-18,2010-09-18 19:20:00,St Kilda,Western Bulldogs,MCG,88,64,24,1.0,True,1.19,4.42
2010-09-25,2010-09-25 14:30:00,Collingwood,St Kilda,MCG,68,68,0,0.5,True,1.41,2.88
2010-10-02,2010-10-02 14:30:00,Collingwood,St Kilda,MCG,108,52,56,1.0,True,1.59,2.33
2011-03-24,2011-03-24 19:40:00,Carlton,Richmond,MCG,104,84,20,1.0,False,1.29,3.51
2011-03-25,2011-03-25 19:45:00,Geelong,St Kilda,MCG,48,47,1,1.0,False,2.18,1.68
2011-03-26,2011-03-26 14:10:00,Collingwood,Port Adelaide,Marvel Stadium,155,80,75,1.0,False,1.08,7.99
2011-03-26,2011-03-26 19:10:00,Adelaide,Hawthorn,AAMI Stadium,105,85,20,1.0,False,1.92,1.85
2011-03-26,2011-03-26 19:10:00,Brisbane,Fremantle,Gabba,92,94,-2,0.0,False,1.98,1.79
2011-03-27,2011-03-27 13:10:00,Essendon,Western Bulldogs,Marvel Stadium,113,58,55,1.0,False,2.31,1.59
2011-03-27,2011-03-27 14:10:00,Melbourne,Sydney,MCG,84,84,0,0.5,False,1.78,1.99
2011-03-27,2011-03-27 16:10:00,West Coast,North Melbourne,Domain Stadium,92,88,4,1.0,False,1.61,2.27
2011-04-01,2011-04-01 19:40:00,St Kilda,Richmond,MCG,95,95,0,0.5,False,1.23,4.15
2011-04-02,2011-04-02 14:10:00,North Melbourne,Collingwood,Marvel Stadium,56,143,-87,0.0,False,6.7,1.1
2011-04-02,2011-04-02 14:40:00,Port Adelaide,West Coast,AAMI Stadium,98,116,-18,0.0,False,1.45,2.72
2011-04-02,2011-04-02 17:40:00,Fremantle,Geelong,Domain Stadium,78,89,-11,0.0,False,1.67,2.15
2011-04-02,2011-04-02 18:50:00,Gold Coast,Carlton,Gabba,52,171,-119,0.0,False,3.96,1.25
2011-04-03,2011-04-03 13:10:00,Western Bulldogs,Brisbane,Marvel Stadium,123,45,78,1.0,False,1.12,6.34
2011-04-03,2011-04-03 14:10:00,Sydney,Essendon,Accor Stadium,98,93,5,1.0,False,1.8,1.97
2011-04-03,2011-04-03 16:40:00,Hawthorn,Melbourne,MCG,122,77,45,1.0,False,1.41,2.83
2011-04-08,2011-04-08 19:50:00,Collingwood,Carlton,MCG,102,74,28,1.0,False,1.22,4.32
2011-04-09,2011-04-09 14:10:00,Western Bulldogs,Gold Coast,Marvel Stadium,122,51,71,1.0,False,1.02,14.29
2011-04-09,2011-04-09 14:40:00,Adelaide,Fremantle,AAMI Stadium,54,79,-25,0.0,False,1.49,2.6
2011-04-09,2011-04-09 18:10:00,West Coast,Sydney,Domain Stadium,88,101,-13,0.0,False,1.9,1.86
2011-04-09,2011-04-09 19:10:00,Richmond,Hawthorn,MCG,52,115,-63,0.0,False,3.72,1.27
2011-04-10,2011-04-10 13:10:00,Melbourne,Brisbane,MCG,82,71,11,1.0,False,1.18,4.65
2011-04-10,2011-04-10 14:10:00,Geelong,Port Adelaide,GMHBA Stadium,122,43,79,1.0,False,1.07,7.96
2011-04-10,2011-04-10 16:40:00,St Kilda,Essendon,Marvel Stadium,84,136,-52,0.0,False,1.81,1.95
2011-04-15,2011-04-15 19:40:00,Richmond,Collingwood,MCG,90,161,-71,0.0,False,9.79,1.05
2011-04-16,2011-04-16 14:10:00,Carlton,Essendon,MCG,79,79,0,0.5,False,1.89,1.86
2011-04-16,2011-04-16 14:10:00,Hawthorn,West Coast,UTAS Stadium,72,65,7,1.0,False,1.11,6.27
2011-04-16,2011-04-16 19:10:00,Port Adelaide,Adelaide,AAMI Stadium,98,66,32,1.0,False,2.78,1.42
2011-04-16,2011-04-16 19:10:00,Sydney,Geelong,SCG,54,81,-27,0.0,False,2.07,1.72
2011-04-17,2011-04-17 14:10:00,Gold Coast,Melbourne,Gabba,69,159,-90,0.0,False,8.79,1.07
2011-04-17,2011-04-17 14:40:00,Fremantle,North Melbourne,Domain Stadium,127,98,29,1.0,False,1.18,4.82
2011-04-21,2011-04-21 19:40:00,Brisbane,St Kilda,Gabba,76,89,-13,0.0,False,3.66,1.28
2011-04-23,2011-04-23 14:40:00,Port Adelaide,Gold Coast,AAMI Stadium,101,104,-3,0.0,False,1.05,10.58
2011-04-23,2011-04-23 19:10:00,Carlton,Adelaide,Marvel Stadium,85,79,6,1.0,False,1.28,3.68
2011-04-24,2011-04-24 16:40:00,North Melbourne,Richmond,Marvel Stadium,103,112,-9,0.0,False,1.82,1.94
2011-04-25,2011-04-25 14:40:00,Essendon,Collingwood,MCG,77,107,-30,0.0,False,4.26,1.22
2011-04-25,2011-04-25 18:40:00,Fremantle,Western Bulldogs,Domain Stadium,85,78,7,1.0,False,1.67,2.15
2011-04-26,2011-04-26 14:40:00,Hawthorn,Geelong,MCG,98,117,-19,0.0,False,2.02,1.75
2011-04-28,2011-04-28 18:40:00,West Coast,Melbourne,Domain Stadium,106,52,54,1.0,False,1.56,2.41
2011-04-29,2011-04-29 19:40:00,Sydney,Carlton,SCG,71,87,-16,0.0,False,1.66,2.19
2011-04-30,2011-04-30 14:10:00,North Melbourne,Port Adelaide,Marvel Stadium,133,73,60,1.0,False,1.45,2.72
2011-04-30,2011-04-30 19:10:00,Adelaide,St Kilda,AAMI Stadium,90,71,19,1.0,False,1.76,2.01
2011-04-30,2011-04-30 19:10:00,Richmond,Brisbane,MCG,124,98,26,1.0,False,1.4,2.93
2011-05-01,2011-05-01 13:10:00,Essendon,Gold Coast,Marvel Stadium,197,58,139,1.0,False,1.03,12.75
2011-05-01,2011-05-01 16:40:00,Collingwood,Western Bulldogs,MCG,105,57,48,1.0,False,1.12,6.13
2011-05-06,2011-05-06 20:10:00,Port Adelaide,Hawthorn,AAMI Stadium,72,104,-32,0.0,False,4.45,1.2
2011-05-07,2011-05-07 13:10:00,Western Bulldogs,Sydney,Manuka Oval,65,73,-8,0.0,False,1.69,2.12
2011-05-07,2011-05-07 14:10:00,Geelong,North Melbourne,GMHBA Stadium,127,61,66,1.0,False,1.07,8.35
2011-05-07,2011-05-07 16:10:00,Richmond,Fremantle,MCG,148,99,49,1.0,False,2.2,1.64
2011-05-07,2011-05-07 19:10:00,Gold Coast,Brisbane,Gabba,124,116,8,1.0,False,6.33,1.12
2011-05-08,2011-05-08 13:10:00,Essendon,West Coast,Marvel Stadium,106,90,16,1.0,False,1.2,4.4
2011-05-08,2011-05-08 14:10:00,Melbourne,Adelaide,MCG,149,53,96,1.0,False,1.81,1.96
2011-05-09,2011-05-09 19:20:00,St Kilda,Carlton,Marvel Stadium,81,84,-3,0.0,False,2.84,1.41
2011-05-13,2011-05-13 19:40:00,Geelong,Collingwood,MCG,65,62,3,1.0,False,2.62,1.48
2011-05-14,2011-05-14 14:10:00,North Melbourne,Melbourne,Marvel Stadium,124,83,41,1.0,False,1.81,1.95
2011-05-14,2011-05-14 14:40:00,Adelaide,Gold Coast,AAMI Stadium,130,73,57,1.0,False,1.14,5.65
2011-05-14,2011-05-14 19:10:00,Brisbane,Essendon,Gabba,66,102,-36,0.0,False,4.43,1.2
2011-05-14,2011-05-14 19:40:00,Sydney,Port Adelaide,SCG,121,59,62,1.0,False,1.12,6.12
2011-05-15,2011-05-15 13:10:00,Hawthorn,St Kilda,MCG,99,69,30,1.0,False,1.42,2.82
2011-05-15,2011-05-15 14:10:00,Western Bulldogs,Richmond,Marvel Stadium,153,118,35,1.0,False,1.66,2.18
2011-05-15,2011-05-15 14:40:00,West Coast,Fremantle,Domain Stadium,96,63,33,1.0,False,1.96,1.8
2011-05-20,2011-05-20 19:40:00,Carlton,Geelong,Marvel Stadium,100,102,-2,0.0,False,2.74,1.44
2011-05-21,2011-05-21 14:10:00,Port Adelaide,Fremantle,AAMI Stadium,90,142,-52,0.0,False,2.39,1.56
2011-05-21,2011-05-21 14:10:00,St Kilda,Melbourne,Marvel Stadium,106,86,20,1.0,False,1.4,2.9
2011-05-21,2011-05-21 19:40:00,Brisbane,North Melbourne,Gabba,73,59,14,1.0,False,1.88,1.87
2011-05-21,2011-05-21 19:40:00,Richmond,Essendon,MCG,105,89,16,1.0,False,2.73,1.44
2011-05-22,2011-05-22 13:10:00,Collingwood,Adelaide,Marvel Stadium,135,92,43,1.0,False,1.05,9.88
2011-05-22,2011-05-22 14:10:00,Sydney,Hawthorn,SCG,60,106,-46,0.0,False,1.74,2.05
2011-05-22,2011-05-22 14:40:00,West Coast,Western Bulldogs,Domain Stadium,175,52,123,1.0,False,1.67,2.15
2011-05-27,2011-05-27 19:40:00,Melbourne,Carlton,MCG,46,93,-47,0.0,False,5.64,1.14
2011-05-28,2011-05-28 13:10:00,Fremantle,St Kilda,Domain Stadium,56,102,-46,0.0,False,1.58,2.35
2011-05-28,2011-05-28 14:10:00,North Melbourne,Sydney,Marvel Stadium,71,72,-1,0.0,False,2.02,1.76
2011-05-28,2011-05-28 19:20:00,Gold Coast,Geelong,People First Stadium,73,139,-66,0.0,False,12.5,1.03
2011-05-28,2011-05-28 20:10:00,Richmond,Port Adelaide,TIO Stadium,74,89,-15,0.0,False,1.24,4.06
2011-05-29,2011-05-29 12:40:00,Adelaide,Brisbane,AAMI Stadium,61,101,-40,0.0,False,1.26,3.79
2011-05-29,2011-05-29 14:10:00,Collingwood,West Coast,MCG,105,53,52,1.0,False,1.22,4.24
2011-05-29,2011-05-29 16:40:00,Western Bulldogs,Hawthorn,Marvel Stadium,62,91,-29,0.0,False,3.37,1.32
2011-06-03,2011-06-03 19:40:00,Essendon,Melbourne,MCG,68,101,-33,0.0,False,1.24,4.02
2011-06-04,2011-06-04 13:10:00,West Coast,Gold Coast,Domain Stadium,85,67,18,1.0,False,1.05,9.75
2011-06-04,2011-06-04 14:10:00,Geelong,Western Bulldogs,GMHBA Stadium,148,87,61,1.0,False,1.11,6.55
2011-06-04,2011-06-04 19:10:00,Collingwood,St Kilda,MCG,108,51,57,1.0,False,1.18,4.72
2011-06-04,2011-06-04 19:40:00,Brisbane,Sydney,Gabba,51,116,-65,0.0,False,1.84,1.91
2011-06-05,2011-06-05 13:10:00,Hawthorn,Fremantle,MCG,111,89,22,1.0,False,1.19,4.59
2011-06-05,2011-06-05 14:10:00,North Melbourne,Adelaide,Marvel Stadium,115,68,47,1.0,False,1.6,2.29
2011-06-05,2011-06-05 16:10:00,Port Adelaide,Carlton,AAMI Stadium,49,111,-62,0.0,False,4.32,1.21
2011-06-10,2011-06-10 19:40:00,St Kilda,Western Bulldogs,Marvel Stadium,81,57,24,1.0,False,1.4,2.89
2011-06-11,2011-06-11 14:10:00,Adelaide,West Coast,AAMI Stadium,67,106,-39,0.0,False,2.2,1.64
2011-06-11,2011-06-11 19:10:00,Geelong,Hawthorn,MCG,88,83,5,1.0,False,1.44,2.73
2011-06-11,2011-06-11 19:10:00,Gold Coast,North Melbourne,People First Stadium,63,122,-59,0.0,False,3.34,1.32
2011-06-12,2011-06-12 13:10:00,Carlton,Brisbane,Marvel Stadium,124,63,61,1.0,False,1.06,9.33
2011-06-12,2011-06-12 14:10:00,Sydney,Richmond,SCG,75,65,10,1.0,False,1.25,3.86
2011-06-12,2011-06-12 14:40:00,Fremantle,Essendon,Domain Stadium,98,64,34,1.0,False,1.76,2.01
2011-06-13,2011-06-13 14:10:00,Melbourne,Collingwood,MCG,41,129,-88,0.0,False,4.63,1.19
2011-06-17,2011-06-17 19:40:00,Western Bulldogs,Adelaide,Marvel Stadium,100,70,30,1.0,False,1.29,3.48
2011-06-18,2011-06-18 14:10:00,Essendon,North Melbourne,Marvel Stadium,90,111,-21,0.0,False,1.65,2.18
2011-06-18,2011-06-18 14:10:00,Hawthorn,Gold Coast,UTAS Stadium,129,58,71,1.0,False,1.02,14.67
2011-06-18,2011-06-18 19:10:00,Brisbane,Richmond,Gabba,94,125,-31,0.0,False,2.12,1.69
2011-06-18,2011-06-18 19:10:00,St Kilda,Geelong,MCG,72,100,-28,0.0,False,3.65,1.27
2011-06-19,2011-06-19 13:10:00,Melbourne,Fremantle,MCG,149,60,89,1.0,False,1.73,2.06
2011-06-19,2011-06-19 14:10:00,Carlton,Sydney,Marvel Stadium,100,66,34,1.0,False,1.28,3.59
2011-06-19,2011-06-19 14:40:00,West Coast,Port Adelaide,Domain Stadium,110,88,22,1.0,False,1.07,8.45
2011-06-24,2011-06-24 19:40:00,Hawthorn,Essendon,MCG,146,81,65,1.0,False,1.61,2.28
2011-06-25,2011-06-25 14:10:00,Gold Coast,Western Bulldogs,People First Stadium,88,110,-22,0.0,False,5.24,1.15
2011-06-25,2011-06-25 14:10:00,Richmond,Melbourne,MCG,91,118,-27,0.0,False,1.95,1.81
2011-06-25,2011-06-25 17:40:00,Fremantle,Brisbane,Domain Stadium,88,65,23,1.0,False,1.17,4.96
2011-06-25,2011-06-25 19:10:00,Sydney,Collingwood,Accor Stadium,93,99,-6,0.0,False,5.46,1.15
2011-06-26,2011-06-26 13:10:00,Geelong,Adelaide,GMHBA Stadium,125,73,52,1.0,False,1.06,8.92
2011-06-26,2011-06-26 14:10:00,Carlton,West Coast,Marvel Stadium,67,103,-36,0.0,False,1.22,4.19
2011-06-26,2011-06-26 16:10:00,Port Adelaide,North Melbourne,AAMI Stadium,91,136,-45,0.0,False,2.59,1.48
2011-07-01,2011-07-01 19:40:00,Western Bulldogs,Melbourne,Marvel Stadium,127,63,64,1.0,False,2.01,1.75
2011-07-02,2011-07-02 13:10:00,Fremantle,Gold Coast,Domain Stadium,112,62,50,1.0,False,1.1,6.56
2011-07-02,2011-07-02 14:10:00,Richmond,Carlton,MCG,81,184,-103,0.0,False,3.85,1.25
2011-07-02,2011-07-02 19:10:00,Adelaide,Sydney,AAMI Stadium,57,50,7,1.0,False,2.78,1.42
2011-07-02,2011-07-02 19:10:00,Essendon,Geelong,Marvel Stadium,115,111,4,1.0,False,7.76,1.08
2011-07-03,2011-07-03 13:10:00,Brisbane,Port Adelaide,Gabba,99,88,11,1.0,False,1.41,2.85
2011-07-03,2011-07-03 14:10:00,Collingwood,Hawthorn,MCG,106,65,41,1.0,False,1.3,3.49
2011-07-03,2011-07-03 16:40:00,North Melbourne,St Kilda,Marvel Stadium,70,79,-9,0.0,False,1.97,1.79
2011-07-08,2011-07-08 18:40:00,West Coast,Geelong,Domain Stadium,96,88,8,1.0,False,2.25,1.62
2011-07-09,2011-07-09 14:10:00,Hawthorn,Brisbane,UTAS Stadium,105,63,42,1.0,False,1.09,7.06
2011-07-09,2011-07-09 19:10:00,Essendon,Richmond,MCG,105,66,39,1.0,False,1.51,2.51
2011-07-09,2011-07-09 19:10:00,Gold Coast,Sydney,People First Stadium,36,106,-70,0.0,False,5.7,1.13
2011-07-10,2011-07-10 13:10:00,Collingwood,North Melbourne,MCG,147,30,117,1.0,False,1.07,8.28
2011-07-10,2011-07-10 14:40:00,Port Adelaide,St Kilda,AAMI Stadium,53,109,-56,0.0,False,3.63,1.27
2011-07-10,2011-07-10 16:40:00,Western Bulldogs,Carlton,Marvel Stadium,96,69,27,1.0,False,3.35,1.31
2011-07-15,2011-07-15 20:10:00,Adelaide,Essendon,AAMI Stadium,73,84,-11,0.0,False,2.05,1.72
2011-07-16,2011-07-16 14:10:00,Carlton,Collingwood,MCG,79,98,-19,0.0,False,5.16,1.16
2011-07-16,2011-07-16 14:10:00,Richmond,Gold Coast,Cazaly’s Stadium,70,85,-15,0.0,False,1.13,5.85
2011-07-16,2011-07-16 19:10:00,St Kilda,West Coast,Marvel Stadium,82,61,21,1.0,False,1.76,2.01
2011-07-16,2011-07-16 20:10:00,Melbourne,Port Adelaide,TIO Stadium,113,92,21,1.0,False,1.27,3.65
2011-07-17,2011-07-17 13:10:00,Sydney,Fremantle,SCG,87,98,-11,0.0,False,1.28,3.61
2011-07-17,2011-07-17 14:10:00,Brisbane,Geelong,Gabba,104,133,-29,0.0,False,7.26,1.09
2011-07-17,2011-07-17 16:40:00,North Melbourne,Western Bulldogs,Marvel Stadium,142,111,31,1.0,False,3.04,1.37
2011-07-22,2011-07-22 19:40:00,St Kilda,Adelaide,Marvel Stadium,127,24,103,1.0,False,1.13,6.03
2011-07-23,2011-07-23 14:10:00,North Melbourne,Brisbane,Marvel Stadium,122,77,45,1.0,False,1.12,6.24
2011-07-23,2011-07-23 14:10:00,Sydney,Western Bulldogs,SCG,114,75,39,1.0,False,1.51,2.54
2011-07-23,2011-07-23 19:10:00,Essendon,Carlton,MCG,79,153,-74,0.0,False,2.87,1.41
2011-07-23,2011-07-23 19:10:00,Gold Coast,Collingwood,People First Stadium,75,129,-54,0.0,False,15.8,1.02
2011-07-24,2011-07-24 13:10:00,Geelong,Richmond,Marvel Stadium,113,51,62,1.0,False,1.06,8.8
2011-07-24,2011-07-24 14:10:00,Melbourne,Hawthorn,MCG,78,132,-54,0.0,False,4.37,1.21
2011-07-24,2011-07-24 14:40:00,Fremantle,West Coast,Domain Stadium,64,65,-1,0.0,False,2.69,1.46
2011-07-29,2011-07-29 19:40:00,North Melbourne,Carlton,Marvel Stadium,62,80,-18,0.0,False,3.52,1.3
2011-07-30,2011-07-30 14:10:00,Geelong,Melbourne,GMHBA Stadium,233,47,186,1.0,False,1.07,8.33
2011-07-30,2011-07-30 14:10:00,Western Bulldogs,West Coast,Marvel Stadium,95,103,-8,0.0,False,2.29,1.61
2011-07-30,2011-07-30 17:40:00,Fremantle,Hawthorn,Domain Stadium,44,95,-51,0.0,False,2.49,1.54
2011-07-30,2011-07-30 19:10:00,Gold Coast,St Kilda,People First Stadium,54,74,-20,0.0,False,7.4,1.08
2011-07-31,2011-07-31 14:10:00,Collingwood,Essendon,MCG,166,92,74,1.0,False,1.07,8.45
2011-07-31,2011-07-31 16:10:00,Adelaide,Port Adelaide,AAMI Stadium,111,79,32,1.0,False,1.61,2.29
2011-08-05,2011-08-05 19:40:00,St Kilda,Fremantle,Marvel Stadium,113,72,41,1.0,False,1.14,5.51
2011-08-06,2011-08-06 13:40:00,Geelong,Gold Coast,GMHBA Stadium,188,38,150,1.0,False,1.01,17.03
2011-08-06,2011-08-06 14:10:00,Carlton,Melbourne,MCG,134,58,76,1.0,False,1.13,5.74
2011-08-06,2011-08-06 19:10:00,Port Adelaide,Collingwood,AAMI Stadium,21,159,-138,0.0,False,13.17,1.03
2011-08-06,2011-08-06 19:20:00,Essendon,Sydney,Marvel Stadium,100,99,1,1.0,False,1.84,1.89
2011-08-07,2011-08-07 13:10:00,Brisbane,Adelaide,Gabba,105,110,-5,0.0,False,1.68,2.13
2011-08-07,2011-08-07 14:10:00,Hawthorn,North Melbourne,UTAS Stadium,103,86,17,1.0,False,1.17,4.82
2011-08-07,2011-08-07 14:40:00,West Coast,Richmond,Domain Stadium,147,90,57,1.0,False,1.08,7.56
2011-08-12,2011-08-12 19:40:00,St Kilda,Collingwood,Marvel Stadium,70,89,-19,0.0,False,5.89,1.12
2011-08-13,2011-08-13 13:10:00,Fremantle,Carlton,Domain Stadium,85,115,-30,0.0,False,2.97,1.38
2011-08-13,2011-08-13 14:10:00,Hawthorn,Port Adelaide,MCG,197,32,165,1.0,False,1.02,15.46
2011-08-13,2011-08-13 19:10:00,Brisbane,Gold Coast,Gabba,123,61,62,1.0,False,1.36,3.08
2011-08-13,2011-08-13 19:10:00,Western Bulldogs,Essendon,Marvel Stadium,101,150,-49,0.0,False,2.23,1.63
2011-08-14,2011-08-14 13:10:00,Melbourne,West Coast,Marvel Stadium,62,110,-48,0.0,False,4.45,1.2
2011-08-14,2011-08-14 14:10:00,Richmond,Sydney,MCG,99,56,43,1.0,False,3.42,1.3
2011-08-14,2011-08-14 16:10:00,Adelaide,Geelong,AAMI Stadium,85,96,-11,0.0,False,8.8,1.06
2011-08-19,2011-08-19 19:40:00,Carlton,Hawthorn,Marvel Stadium,66,78,-12,0.0,False,2.39,1.56
2011-08-20,2011-08-20 13:10:00,West Coast,Essendon,Domain Stadium,134,77,57,1.0,False,1.24,3.97
2011-08-20,2011-08-20 14:10:00,Gold Coast,Adelaide,People First Stadium,64,125,-61,0.0,False,4.66,1.19
2011-08-20,2011-08-20 19:10:00,Collingwood,Brisbane,MCG,102,84,18,1.0,False,1.01,16.12
2011-08-20,2011-08-20 19:10:00,North Melbourne,Fremantle,Marvel Stadium,143,45,98,1.0,False,1.34,3.18
2011-08-21,2011-08-21 13:10:00,Sydney,St Kilda,Accor Stadium,83,68,15,1.0,False,2.24,1.62
2011-08-21,2011-08-21 14:40:00,Port Adelaide,Western Bulldogs,AAMI Stadium,97,157,-60,0.0,False,4.79,1.17
2011-08-21,2011-08-21 16:40:00,Melbourne,Richmond,MCG,110,117,-7,0.0,False,2.06,1.72
2011-08-26,2011-08-26 18:40:00,Fremantle,Collingwood,Domain Stadium,52,132,-80,0.0,False,13.75,1.02
2011-08-27,2011-08-27 14:10:00,Geelong,Sydney,GMHBA Stadium,86,99,-13,0.0,False,1.07,8.35
2011-08-27,2011-08-27 14:10:00,Hawthorn,Western Bulldogs,MCG,113,67,46,1.0,False,1.1,6.79
2011-08-27,2011-08-27 19:10:00,Brisbane,West Coast,Gabba,81,89,-8,0.0,False,3.44,1.3
2011-08-27,2011-08-27 19:10:00,St Kilda,North Melbourne,Marvel Stadium,135,70,65,1.0,False,1.71,2.08
2011-08-28,2011-08-28 12:40:00,Adelaide,Richmond,AAMI Stadium,99,121,-22,0.0,False,1.35,3.15
2011-08-28,2011-08-28 14:10:00,Melbourne,Gold Coast,MCG,112,82,30,1.0,False,1.1,6.78
2011-08-28,2011-08-28 16:40:00,Essendon,Port Adelaide,Marvel Stadium,120,113,7,1.0,False,1.03,12.5
2011-09-02,2011-09-02 19:40:00,Collingwood,Geelong,MCG,53,149,-96,0.0,False,1.35,3.14
2011-09-03,2011-09-03 13:10:00,Gold Coast,Hawthorn,People First Stadium,97,106,-9,0.0,False,5.25,1.16
2011-09-03,2011-09-03 14:10:00,Western Bulldogs,Fremantle,Marvel Stadium,107,61,46,1.0,False,1.11,6.39
2011-09-03,2011-09-03 16:10:00,Sydney,Brisbane,SCG,119,67,52,1.0,False,1.13,5.68
2011-09-03,2011-09-03 17:10:00,West Coast,Adelaide,Domain Stadium,145,50,95,1.0,False,1.14,5.41
2011-09-03,2011-09-03 19:10:00,Carlton,St Kilda,MCG,66,86,-20,0.0,False,1.71,2.08
2011-09-04,2011-09-04 14:40:00,Port Adelaide,Melbourne,Adelaide Oval,112,104,8,1.0,False,2.24,1.63
2011-09-04,2011-09-04 16:40:00,Richmond,North Melbourne,Marvel Stadium,91,104,-13,0.0,False,2.2,1.64
2011-09-09,2011-09-09 19:45:00,Geelong,Hawthorn,MCG,98,67,31,1.0,True,1.63,2.22
2011-09-10,2011-09-10 14:20:00,Collingwood,West Coast,MCG,82,62,20,1.0,True,1.19,4.59
2011-09-10,2011-09-10 19:20:00,St Kilda,Sydney,Marvel Stadium,57,82,-25,0.0,True,1.4,2.9
2011-09-11,2011-09-11 14:40:00,Carlton,Essendon,MCG,149,87,62,1.0,True,1.39,2.94
2011-09-16,2011-09-16 19:45:00,Hawthorn,Sydney,MCG,122,86,36,1.0,True,1.42,2.81
2011-09-17,2011-09-17 17:50:00,West Coast,Carlton,Domain Stadium,101,98,3,1.0,True,1.4,2.9
2011-09-23,2011-09-23 19:45:00,Collingwood,Hawthorn,MCG,68,65,3,1.0,True,1.27,3.65
2011-09-24,2011-09-24 14:20:00,Geelong,West Coast,MCG,117,69,48,1.0,True,1.2,4.54
2011-10-01,2011-10-01 14:30:00,Collingwood,Geelong,MCG,81,119,-38,0.0,True,1.96,1.8
2012-03-24,2012-03-24 19:20:00,GWS Giants,Sydney,Accor Stadium,37,100,-63,0.0,False,13.78,1.02
2012-03-29,2012-03-29 19:40:00,Richmond,Carlton,MCG,81,125,-44,0.0,False,2.48,1.52
2012-03-30,2012-03-30 19:50:00,Hawthorn,Collingwood,MCG,137,115,22,1.0,False,1.65,2.19
2012-03-31,2012-03-31 13:40:00,Melbourne,Brisbane,MCG,78,119,-41,0.0,False,1.42,2.81
2012-03-31,2012-03-31 15:40:00,Gold Coast,Adelaide,People First Stadium,68,137,-69,0.0,False,4.39,1.22
2012-03-31,2012-03-31 16:40:00,Fremantle,Geelong,Domain Stadium,105,101,4,1.0,False,1.96,1.79
2012-03-31,2012-03-31 19:40:00,North Melbourne,Essendon,Marvel Stadium,102,104,-2,0.0,False,2.14,1.66
2012-04-01,2012-04-01 13:10:00,Western Bulldogs,West Coast,Marvel Stadium,87,136,-49,0.0,False,2.25,1.6
2012-04-01,2012-04-01 16:10:00,Port Adelaide,St Kilda,AAMI Stadium,89,85,4,1.0,False,2.86,1.41
2012-04-05,2012-04-05 19:40:00,Brisbane,Carlton,Gabba,63,154,-91,0.0,False,3.46,1.3
2012-04-07,2012-04-07 13:45:00,Essendon,Port Adelaide,Marvel Stadium,111,86,25,1.0,False,1.23,4.05
2012-04-07,2012-04-07 14:10:00,Sydney,Fremantle,SCG,94,81,13,1.0,False,1.67,2.15
2012-04-07,2012-04-07 16:40:00,West Coast,Melbourne,Domain Stadium,166,58,108,1.0,False,1.05,10.34
2012-04-07,2012-04-07 19:40:00,Adelaide,Western Bulldogs,AAMI Stadium,82,64,18,1.0,False,1.21,4.26
2012-04-07,2012-04-07 19:40:00,Collingwood,Richmond,MCG,85,64,21,1.0,False,1.14,5.49
2012-04-08,2012-04-08 13:10:00,North Melbourne,GWS Giants,Ninja Stadium,183,54,129,1.0,False,1.01,15.94
2012-04-08,2012-04-08 16:40:00,St Kilda,Gold Coast,Marvel Stadium,139,47,92,1.0,False,1.05,9.56
2012-04-09,2012-04-09 15:10:00,Geelong,Hawthorn,MCG,92,90,2,1.0,False,2.48,1.53
2012-04-13,2012-04-13 19:50:00,Carlton,Collingwood,MCG,122,62,60,1.0,False,1.83,1.93
2012-04-14,2012-04-14 13:40:00,Port Adelaide,Sydney,AAMI Stadium,83,105,-22,0.0,False,2.58,1.48
2012-04-14,2012-04-14 13:45:00,Richmond,Melbourne,MCG,133,74,59,1.0,False,1.21,4.39
2012-04-14,2012-04-14 14:40:00,Fremantle,Brisbane,Domain Stadium,64,35,29,1.0,False,1.09,7.32
2012-04-14,2012-04-14 19:40:00,Gold Coast,Essendon,People First Stadium,88,105,-17,0.0,False,9.66,1.05
2012-04-14,2012-04-14 19:40:00,Western Bulldogs,St Kilda,Marvel Stadium,40,103,-63,0.0,False,2.49,1.52
2012-04-15,2012-04-15 13:10:00,GWS Giants,West Coast,Blacktown Park,69,150,-81,0.0,False,23.86,1.01
2012-04-15,2012-04-15 15:15:00,Hawthorn,Adelaide,MCG,140,84,56,1.0,False,1.17,4.9
2012-04-15,2012-04-15 16:40:00,North Melbourne,Geelong,Marvel Stadium,131,114,17,1.0,False,4.09,1.22
2012-04-20,2012-04-20 19:50:00,St Kilda,Fremantle,Marvel Stadium,79,92,-13,0.0,False,1.4,2.87
2012-04-21,2012-04-21 13:45:00,Carlton,Essendon,MCG,79,109,-30,0.0,False,1.11,6.62
2012-04-21,2012-04-21 14:10:00,Collingwood,Port Adelaide,Marvel Stadium,97,73,24,1.0,False,1.22,4.1
2012-04-21,2012-04-21 16:10:00,Adelaide,GWS Giants,AAMI Stadium,96,50,46,1.0,False,1.01,21.67
2012-04-21,2012-04-21 17:40:00,West Coast,Hawthorn,Domain Stadium,51,46,5,1.0,False,1.6,2.29
2012-04-21,2012-04-21 19:40:00,Brisbane,Gold Coast,Gabba,111,46,65,1.0,False,1.36,3.02
2012-04-22,2012-04-22 13:10:00,Geelong,Richmond,GMHBA Stadium,75,65,10,1.0,False,1.15,5.19
2012-04-22,2012-04-22 15:15:00,Sydney,North Melbourne,SCG,113,77,36,1.0,False,1.88,1.86
2012-04-22,2012-04-22 16:40:00,Melbourne,Western Bulldogs,MCG,67,88,-21,0.0,False,2.99,1.37
2012-04-25,2012-04-25 14:40:00,Collingwood,Essendon,MCG,80,79,1,1.0,False,1.68,2.15
2012-04-27,2012-04-27 18:40:00,Fremantle,Carlton,Domain Stadium,57,65,-8,0.0,False,2.18,1.66
2012-04-28,2012-04-28 13:40:00,GWS Giants,Western Bulldogs,Manuka Oval,62,104,-42,0.0,False,11.93,1.03
2012-04-28,2012-04-28 16:40:00,North Melbourne,Gold Coast,Marvel Stadium,127,93,34,1.0,False,1.01,15.53
2012-04-28,2012-04-28 19:40:00,Brisbane,Geelong,Gabba,41,79,-38,0.0,False,3.61,1.28
2012-04-28,2012-04-28 19:40:00,Melbourne,St Kilda,MCG,66,84,-18,0.0,False,6.64,1.1
2012-04-29,2012-04-29 13:10:00,Hawthorn,Sydney,UTAS Stadium,69,106,-37,0.0,False,1.31,3.38
2012-04-29,2012-04-29 15:15:00,Richmond,West Coast,Marvel Stadium,97,107,-10,0.0,False,3.13,1.35
2012-04-29,2012-04-29 16:10:00,Adelaide,Port Adelaide,AAMI Stadium,110,91,19,1.0,False,1.51,2.53
2012-05-04,2012-05-04 19:50:00,Western Bulldogs,Collingwood,Marvel Stadium,77,98,-21,0.0,False,6.83,1.1
2012-05-05,2012-05-05 13:40:00,Essendon,Brisbane,Marvel Stadium,129,62,67,1.0,False,1.15,5.48
2012-05-05,2012-05-05 13:45:00,Geelong,Melbourne,GMHBA Stadium,119,76,43,1.0,False,1.03,11.68
2012-05-05,2012-05-05 16:40:00,Gold Coast,Fremantle,People First Stadium,87,94,-7,0.0,False,6.45,1.11
2012-05-05,2012-05-05 19:40:00,St Kilda,Hawthorn,SCG,88,123,-35,0.0,False,3.6,1.28
2012-05-05,2012-05-05 19:40:00,Sydney,Adelaide,MCG,94,99,-5,0.0,False,1.26,3.82
2012-05-06,2012-05-06 13:10:00,Carlton,GWS Giants,Marvel Stadium,110,43,67,1.0,False,1.01,23.67
2012-05-06,2012-05-06 14:40:00,West Coast,North Melbourne,Domain Stadium,120,95,25,1.0,False,1.28,3.61
2012-05-06,2012-05-06 14:45:00,Port Adelaide,Richmond,AAMI Stadium,54,91,-37,0.0,False,2.19,1.66
2012-05-11,2012-05-11 19:50:00,Melbourne,Hawthorn,MCG,49,115,-66,0.0,False,11.5,1.03
2012-05-12,2012-05-12 13:15:00,Adelaide,Geelong,AAMI Stadium,122,72,50,1.0,False,2.04,1.76
2012-05-12,2012-05-12 13:40:00,GWS Giants,Gold Coast,Manuka Oval,94,67,27,1.0,False,3.95,1.25
2012-05-12,2012-05-12 16:40:00,Richmond,Sydney,MCG,91,62,29,1.0,False,1.82,1.94
2012-05-12,2012-05-12 19:40:00,Brisbane,Collingwood,Gabba,58,116,-58,0.0,False,4.9,1.17
2012-05-12,2012-05-12 19:40:00,Essendon,West Coast,Marvel Stadium,113,52,61,1.0,False,1.57,2.37
2012-05-13,2012-05-13 13:10:00,North Melbourne,Western Bulldogs,Marvel Stadium,83,101,-18,0.0,False,1.32,3.39
2012-05-13,2012-05-13 14:40:00,Fremantle,Port Adelaide,Domain Stadium,87,47,40,1.0,False,1.14,5.69
2012-05-14,2012-05-14 19:40:00,St Kilda,Carlton,Marvel Stadium,122,98,24,1.0,False,4.03,1.24
2012-05-18,2012-05-18 19:50:00,Collingwood,Geelong,MCG,96,84,12,1.0,False,1.61,2.29
2012-05-19,2012-05-19 13:15:00,Port Adelaide,North Melbourne,AAMI Stadium,95,93,2,1.0,False,2.64,1.47
2012-05-19,2012-05-19 14:10:00,Hawthorn,Fremantle,UTAS Stadium,119,63,56,1.0,False,1.19,4.61
2012-05-19,2012-05-19 16:40:00,Sydney,Melbourne,SCG,138,37,101,1.0,False,1.09,7.4
2012-05-19,2012-05-19 19:10:00,Western Bulldogs,Gold Coast,TIO Stadium,72,34,38,1.0,False,1.14,5.48
2012-05-19,2012-05-19 19:45:00,Essendon,Richmond,MCG,128,109,19,1.0,False,1.49,2.59
2012-05-20,2012-05-20 13:10:00,Brisbane,GWS Giants,Gabba,132,40,92,1.0,False,1.15,5.54
2012-05-20,2012-05-20 14:40:00,West Coast,St Kilda,Domain Stadium,121,91,30,1.0,False,1.38,2.99
2012-05-20,2012-05-20 15:15:00,Carlton,Adelaide,Marvel Stadium,55,124,-69,0.0,False,1.41,2.85
2012-05-25,2012-05-25 19:50:00,Western Bulldogs,Geelong,Marvel Stadium,75,95,-20,0.0,False,4.78,1.18
2012-05-26,2012-05-26 13:45:00,Richmond,Hawthorn,MCG,137,75,62,1.0,False,3.61,1.28
2012-05-26,2012-05-26 14:10:00,Gold Coast,Port Adelaide,People First Stadium,70,118,-48,0.0,False,2.55,1.5
2012-05-26,2012-05-26 16:40:00,St Kilda,Sydney,Marvel Stadium,111,83,28,1.0,False,1.89,1.86
2012-05-26,2012-05-26 19:10:00,Adelaide,Collingwood,AAMI Stadium,49,75,-26,0.0,False,1.46,2.68
2012-05-26,2012-05-26 19:40:00,GWS Giants,Essendon,ENGIE Stadium,53,119,-66,0.0,False,17.14,1.01
2012-05-27,2012-05-27 13:10:00,North Melbourne,Brisbane,Marvel Stadium,112,96,16,1.0,False,1.24,4.04
2012-05-27,2012-05-27 14:40:00,West Coast,Fremantle,Domain Stadium,84,36,48,1.0,False,1.35,3.12
2012-05-27,2012-05-27 15:15:00,Carlton,Melbourne,MCG,107,49,58,1.0,False,1.04,10.33
2012-06-01,2012-06-01 19:50:00,St Kilda,Richmond,Marvel Stadium,113,121,-8,0.0,False,1.85,1.91
2012-06-02,2012-06-02 13:45:00,Geelong,GWS Giants,GMHBA Stadium,126,61,65,1.0,False,1.01,19.57
2012-06-02,2012-06-02 14:10:00,Hawthorn,North Melbourne,UTAS Stadium,174,59,115,1.0,False,1.26,3.81
2012-06-02,2012-06-02 14:40:00,Fremantle,Adelaide,Domain Stadium,82,111,-29,0.0,False,2.37,1.57
2012-06-02,2012-06-02 19:10:00,Port Adelaide,Carlton,AAMI Stadium,99,45,54,1.0,False,3.11,1.36
2012-06-02,2012-06-02 19:40:00,Essendon,Melbourne,MCG,52,58,-6,0.0,False,1.04,10.88
2012-06-03,2012-06-03 13:10:00,Brisbane,West Coast,Gabba,102,100,2,1.0,False,4.67,1.19
2012-06-03,2012-06-03 15:15:00,Sydney,Western Bulldogs,SCG,132,40,92,1.0,False,1.28,3.59
2012-06-03,2012-06-03 16:40:00,Collingwood,Gold Coast,MCG,149,52,97,1.0,False,1.01,16.31
2012-06-08,2012-06-08 19:50:00,Carlton,Geelong,Marvel Stadium,85,97,-12,0.0,False,2.74,1.44
2012-06-09,2012-06-09 13:40:00,Richmond,Fremantle,MCG,66,78,-12,0.0,False,1.2,4.43
2012-06-09,2012-06-09 16:40:00,Gold Coast,St Kilda,People First Stadium,49,144,-95,0.0,False,7.41,1.09
2012-06-09,2012-06-09 19:40:00,Essendon,Sydney,Marvel Stadium,82,86,-4,0.0,False,1.5,2.55
2012-06-10,2012-06-10 16:10:00,Port Adelaide,Hawthorn,AAMI Stadium,62,108,-46,0.0,False,3.95,1.25
2012-06-11,2012-06-11 15:15:00,Melbourne,Collingwood,MCG,87,129,-42,0.0,False,8.9,1.06
2012-06-14,2012-06-14 17:40:00,West Coast,Carlton,Domain Stadium,79,69,10,1.0,False,1.28,3.66
2012-06-15,2012-06-15 20:10:00,Adelaide,St Kilda,AAMI Stadium,115,111,4,1.0,False,1.47,2.67
2012-06-16,2012-06-16 14:10:00,GWS Giants,Richmond,ENGIE Stadium,74,86,-12,0.0,False,10.93,1.04
2012-06-16,2012-06-16 19:40:00,Gold Coast,North Melbourne,People First Stadium,80,87,-7,0.0,False,5.21,1.16
2012-06-17,2012-06-17 13:10:00,Hawthorn,Brisbane,MCG,135,70,65,1.0,False,1.06,8.94
2012-06-17,2012-06-17 16:40:00,Western Bulldogs,Port Adelaide,Marvel Stadium,95,57,38,1.0,False,1.45,2.77
2012-06-22,2012-06-22 19:50:00,Sydney,Geelong,SCG,80,74,6,1.0,False,1.6,2.3
2012-06-23,2012-06-23 13:40:00,Western Bulldogs,Brisbane,Marvel Stadium,56,114,-58,0.0,False,1.36,3.09
2012-06-23,2012-06-23 16:40:00,Collingwood,West Coast,MCG,85,82,3,1.0,False,1.4,2.91
2012-06-23,2012-06-23 17:40:00,Fremantle,Essendon,Domain Stadium,89,113,-24,0.0,False,2.2,1.65
2012-06-24,2012-06-24 15:15:00,Melbourne,GWS Giants,MCG,135,57,78,1.0,False,1.28,3.67
2012-06-24,2012-06-24 16:40:00,North Melbourne,Adelaide,Marvel Stadium,121,89,32,1.0,False,3.12,1.35
2012-06-29,2012-06-29 19:50:00,Carlton,Hawthorn,MCG,70,120,-50,0.0,False,3.43,1.3
2012-06-30,2012-06-30 13:40:00,Adelaide,Richmond,AAMI Stadium,106,87,19,1.0,False,1.4,2.88
2012-06-30,2012-06-30 13:45:00,Collingwood,Fremantle,MCG,107,78,29,1.0,False,1.1,7.11
2012-06-30,2012-06-30 16:40:00,West Coast,Gold Coast,Domain Stadium,166,40,126,1.0,False,1.01,19.42
2012-06-30,2012-06-30 19:40:00,Essendon,Western Bulldogs,Marvel Stadium,140,56,84,1.0,False,1.19,4.61
2012-06-30,2012-06-30 19:40:00,Sydney,GWS Giants,Accor Stadium,132,38,94,1.0,False,1.01,19.94
2012-07-01,2012-07-01 13:10:00,Geelong,Port Adelaide,GMHBA Stadium,99,61,38,1.0,False,1.04,11.25
2012-07-01,2012-07-01 15:15:00,Brisbane,Melbourne,Gabba,122,61,61,1.0,False,1.18,4.91
2012-07-01,2012-07-01 16:40:00,St Kilda,North Melbourne,Marvel Stadium,103,136,-33,0.0,False,1.38,2.97
2012-07-06,2012-07-06 19:50:00,Collingwood,Carlton,MCG,62,85,-23,0.0,False,1.2,4.46
2012-07-07,2012-07-07 13:45:00,North Melbourne,West Coast,Ninja Stadium,84,86,-2,0.0,False,2.67,1.46
2012-07-07,2012-07-07 14:10:00,Melbourne,Richmond,MCG,78,101,-23,0.0,False,4.72,1.18
2012-07-07,2012-07-07 16:40:00,Sydney,Brisbane,SCG,110,63,47,1.0,False,1.17,5.05
2012-07-07,2012-07-07 19:10:00,Port Adelaide,Adelaide,AAMI Stadium,58,116,-58,0.0,False,3.73,1.27
2012-07-07,2012-07-07 19:40:00,St Kilda,Essendon,Marvel Stadium,133,62,71,1.0,False,2.93,1.4
2012-07-08,2012-07-08 13:10:00,Hawthorn,GWS Giants,MCG,193,31,162,1.0,False,1.0,21.0
2012-07-08,2012-07-08 14:40:00,Fremantle,Western Bulldogs,Domain Stadium,95,57,38,1.0,False,1.19,4.73
2012-07-08,2012-07-08 15:15:00,Gold Coast,Geelong,People First Stadium,96,110,-14,0.0,False,12.68,1.03
2012-07-13,2012-07-13 19:50:00,North Melbourne,Carlton,Marvel Stadium,149,96,53,1.0,False,2.12,1.7
2012-07-14,2012-07-14 13:40:00,Port Adelaide,Essendon,AAMI Stadium,77,127,-50,0.0,False,2.7,1.45
2012-07-14,2012-07-14 13:45:00,Melbourne,Fremantle,Marvel Stadium,83,117,-34,0.0,False,3.16,1.35
2012-07-14,2012-07-14 16:40:00,Richmond,Gold Coast,Cazaly’s Stadium,88,90,-2,0.0,False,1.16,5.18
2012-07-14,2012-07-14 19:40:00,Brisbane,St Kilda,Gabba,92,105,-13,0.0,False,2.53,1.51
2012-07-14,2012-07-14 19:40:00,Geelong,Collingwood,MCG,79,110,-31,0.0,False,2.65,1.48
2012-07-15,2012-07-15 13:10:00,GWS Giants,Adelaide,ENGIE Stadium,59,178,-119,0.0,False,16.46,1.01
2012-07-15,2012-07-15 14:40:00,West Coast,Sydney,Domain Stadium,69,121,-52,0.0,False,1.69,2.13
2012-07-15,2012-07-15 15:15:00,Western Bulldogs,Hawthorn,Marvel Stadium,44,116,-72,0.0,False,10.07,1.04
2012-07-20,2012-07-20 19:50:00,Geelong,Essendon,Marvel Stadium,134,67,67,1.0,False,2.02,1.76
2012-07-21,2012-07-21 13:40:00,Adelaide,West Coast,AAMI Stadium,124,75,49,1.0,False,1.43,2.78
2012-07-21,2012-07-21 13:45:00,Collingwood,Hawthorn,MCG,91,138,-47,0.0,False,1.9,1.88
2012-07-21,2012-07-21 16:40:00,Gold Coast,Brisbane,People First Stadium,48,59,-11,0.0,False,3.95,1.25
2012-07-21,2012-07-21 19:10:00,Melbourne,Port Adelaide,TIO Stadium,56,84,-28,0.0,False,2.24,1.63
2012-07-21,2012-07-21 19:40:00,Western Bulldogs,Carlton,Marvel Stadium,84,102,-18,0.0,False,2.35,1.58
2012-07-22,2012-07-22 13:10:00,Sydney,St Kilda,SCG,105,76,29,1.0,False,1.36,3.11
2012-07-22,2012-07-22 14:40:00,Fremantle,GWS Giants,Domain Stadium,132,37,95,1.0,False,1.01,21.83
2012-07-22,2012-07-22 15:15:00,Richmond,North Melbourne,MCG,99,103,-4,0.0,False,2.1,1.73
2012-07-27,2012-07-27 19:50:00,Essendon,Hawthorn,Marvel Stadium,86,180,-94,0.0,False,5.2,1.16
2012-07-28,2012-07-28 13:45:00,Geelong,Adelaide,GMHBA Stadium,102,75,27,1.0,False,1.61,2.27
2012-07-28,2012-07-28 14:10:00,North Melbourne,Melbourne,Marvel Stadium,127,73,54,1.0,False,1.09,7.67
2012-07-28,2012-07-28 16:40:00,GWS Giants,Collingwood,ENGIE Stadium,54,174,-120,0.0,False,22.17,1.01
2012-07-28,2012-07-28 19:40:00,Carlton,Richmond,MCG,95,91,4,1.0,False,2.34,1.58
2012-07-28,2012-07-28 19:40:00,Gold Coast,Sydney,People First Stadium,54,126,-72,0.0,False,9.98,1.05
2012-07-29,2012-07-29 12:40:00,Port Adelaide,Fremantle,AAMI Stadium,48,75,-27,0.0,False,2.45,1.54
2012-07-29,2012-07-29 14:40:00,West Coast,Brisbane,Domain Stadium,175,77,98,1.0,False,1.14,5.66
2012-07-29,2012-07-29 15:15:00,St Kilda,Western Bulldogs,Marvel Stadium,118,42,76,1.0,False,1.14,5.54
2012-08-03,2012-08-03 19:50:00,Hawthorn,Geelong,MCG,116,118,-2,0.0,False,1.29,3.61
2012-08-04,2012-08-04 13:45:00,Western Bulldogs,North Melbourne,Marvel Stadium,61,115,-54,0.0,False,7.84,1.08
2012-08-04,2012-08-04 14:10:00,GWS Giants,Port Adelaide,ENGIE Stadium,107,73,34,1.0,False,6.7,1.1
2012-08-04,2012-08-04 14:40:00,Fremantle,West Coast,Domain Stadium,113,48,65,1.0,False,2.59,1.49
2012-08-04,2012-08-04 19:40:00,Brisbane,Richmond,Gabba,84,132,-48,0.0,False,2.21,1.64
2012-08-04,2012-08-04 19:40:00,Collingwood,St Kilda,MCG,91,85,6,1.0,False,1.4,2.94
2012-08-05,2012-08-05 13:10:00,Melbourne,Gold Coast,MCG,108,66,42,1.0,False,1.39,3.02
2012-08-05,2012-08-05 14:10:00,Adelaide,Essendon,AAMI Stadium,104,100,4,1.0,False,1.15,5.45
2012-08-05,2012-08-05 15:15:00,Carlton,Sydney,Marvel Stadium,71,93,-22,0.0,False,2.97,1.39
2012-08-10,2012-08-10 18:40:00,West Coast,Geelong,Domain Stadium,102,97,5,1.0,False,1.68,2.15
2012-08-11,2012-08-11 13:40:00,Adelaide,Fremantle,AAMI Stadium,119,91,28,1.0,False,1.4,2.91
2012-08-11,2012-08-11 13:45:00,St Kilda,Melbourne,MCG,107,82,25,1.0,False,1.05,9.67
2012-08-11,2012-08-11 16:40:00,Gold Coast,GWS Giants,People First Stadium,109,79,30,1.0,False,1.36,3.08
2012-08-11,2012-08-11 19:40:00,Carlton,Brisbane,Marvel Stadium,113,77,36,1.0,False,1.19,4.68
2012-08-11,2012-08-11 19:40:00,Sydney,Collingwood,Accor Stadium,70,78,-8,0.0,False,1.59,2.34
2012-08-12,2012-08-12 13:10:00,Hawthorn,Port Adelaide,UTAS Stadium,159,87,72,1.0,False,1.01,19.5
2012-08-12,2012-08-12 15:15:00,Richmond,Western Bulldogs,MCG,150,80,70,1.0,False,1.14,5.62
2012-08-12,2012-08-12 16:40:00,Essendon,North Melbourne,Marvel Stadium,76,100,-24,0.0,False,2.19,1.65
2012-08-17,2012-08-17 19:50:00,Geelong,St Kilda,Marvel Stadium,123,81,42,1.0,False,1.31,3.38
2012-08-18,2012-08-18 13:45:00,Essendon,Carlton,MCG,60,156,-96,0.0,False,2.05,1.74
2012-08-18,2012-08-18 14:10:00,GWS Giants,Melbourne,Manuka Oval,59,84,-25,0.0,False,4.55,1.19
2012-08-18,2012-08-18 14:40:00,Fremantle,Richmond,Domain Stadium,94,72,22,1.0,False,1.39,2.95
2012-08-18,2012-08-18 19:40:00,Brisbane,Adelaide,Gabba,95,85,10,1.0,False,4.29,1.21
2012-08-18,2012-08-18 19:40:00,Collingwood,North Melbourne,Marvel Stadium,61,91,-30,0.0,False,1.31,3.42
2012-08-19,2012-08-19 12:40:00,Port Adelaide,West Coast,AAMI Stadium,50,98,-48,0.0,False,5.64,1.13
2012-08-19,2012-08-19 15:15:00,Western Bulldogs,Sydney,Marvel Stadium,85,167,-82,0.0,False,8.66,1.06
2012-08-19,2012-08-19 16:40:00,Hawthorn,Gold Coast,MCG,129,65,64,1.0,False,1.01,23.58
2012-08-24,2012-08-24 19:50:00,Richmond,Essendon,MCG,102,57,45,1.0,False,1.59,2.3
2012-08-25,2012-08-25 13:40:00,Port Adelaide,Brisbane,AAMI Stadium,93,104,-11,0.0,False,2.22,1.64
2012-08-25,2012-08-25 13:45:00,St Kilda,GWS Giants,Marvel Stadium,163,35,128,1.0,False,1.01,20.4
2012-08-25,2012-08-25 16:40:00,Sydney,Hawthorn,SCG,95,102,-7,0.0,False,1.97,1.79
2012-08-25,2012-08-25 17:40:00,West Coast,Collingwood,Domain Stadium,107,58,49,1.0,False,1.68,2.16
2012-08-25,2012-08-25 19:40:00,Gold Coast,Carlton,People First Stadium,98,86,12,1.0,False,13.6,1.02
2012-08-26,2012-08-26 13:10:00,Geelong,Western Bulldogs,GMHBA Stadium,107,73,34,1.0,False,1.02,15.55
2012-08-26,2012-08-26 15:15:00,North Melbourne,Fremantle,Marvel Stadium,79,132,-53,0.0,False,1.27,3.67
2012-08-26,2012-08-26 16:40:00,Melbourne,Adelaide,MCG,81,150,-69,0.0,False,6.16,1.12
2012-08-31,2012-08-31 19:50:00,Hawthorn,West Coast,MCG,95,70,25,1.0,False,1.25,3.9
2012-09-01,2012-09-01 13:40:00,Adelaide,Gold Coast,AAMI Stadium,153,62,91,1.0,False,1.01,16.82
2012-09-01,2012-09-01 13:45:00,Geelong,Sydney,GMHBA Stadium,112,78,34,1.0,False,1.65,2.2
2012-09-01,2012-09-01 16:40:00,GWS Giants,North Melbourne,ENGIE Stadium,77,105,-28,0.0,False,16.0,1.01
2012-09-01,2012-09-01 17:40:00,Fremantle,Melbourne,Domain Stadium,101,40,61,1.0,False,1.03,11.75
2012-09-01,2012-09-01 19:40:00,Essendon,Collingwood,MCG,72,104,-32,0.0,False,5.25,1.15
2012-09-02,2012-09-02 13:10:00,Carlton,St Kilda,Marvel Stadium,91,106,-15,0.0,False,1.97,1.8
2012-09-02,2012-09-02 15:15:00,Richmond,Port Adelaide,MCG,106,106,0,0.5,False,1.1,6.84
2012-09-02,2012-09-02 16:40:00,Brisbane,Western Bulldogs,Gabba,128,61,67,1.0,False,1.2,4.56
2012-09-07,2012-09-07 19:50:00,Hawthorn,Collingwood,MCG,135,97,38,1.0,True,1.32,3.35
2012-09-08,2012-09-08 14:45:00,Adelaide,Sydney,AAMI Stadium,42,71,-29,0.0,True,1.63,2.24
2012-09-08,2012-09-08 19:45:00,Geelong,Fremantle,MCG,80,96,-16,0.0,True,1.28,3.64
2012-09-09,2012-09-09 13:15:00,West Coast,North Melbourne,Domain Stadium,162,66,96,1.0,True,1.2,4.53
2012-09-14,2012-09-14 19:45:00,Adelaide,Fremantle,AAMI Stadium,81,71,10,1.0,True,1.6,2.31
2012-09-15,2012-09-15 19:45:00,Collingwood,West Coast,MCG,73,60,13,1.0,True,1.86,1.91
2012-09-21,2012-09-21 19:45:00,Sydney,Collingwood,Accor Stadium,96,70,26,1.0,True,1.55,2.43
2012-09-22,2012-09-22 17:15:00,Hawthorn,Adelaide,MCG,97,92,5,1.0,True,1.13,5.85
2012-09-29,2012-09-29 14:30:00,Hawthorn,Sydney,MCG,81,91,-10,0.0,True,1.52,2.53
2013-03-22,2013-03-22 20:10:00,Adelaide,Essendon,AAMI Stadium,82,117,-35,0.0,False,1.46,2.68
2013-03-23,2013-03-23 16:40:00,Fremantle,West Coast,Domain Stadium,108,80,28,1.0,False,1.76,2.02
2013-03-28,2013-03-28 19:45:00,Carlton,Richmond,MCG,101,106,-5,0.0,False,1.86,1.91
2013-03-30,2013-03-30 13:40:00,Western Bulldogs,Brisbane,Marvel Stadium,127,59,68,1.0,False,3.83,1.27
2013-03-30,2013-03-30 16:40:00,GWS Giants,Sydney,Accor Stadium,76,106,-30,0.0,False,11.62,1.04
2013-03-30,2013-03-30 18:45:00,Gold Coast,St Kilda,People First Stadium,90,77,13,1.0,False,3.37,1.32
2013-03-31,2013-03-31 13:10:00,Melbourne,Port Adelaide,MCG,54,133,-79,0.0,False,1.83,1.94
2013-03-31,2013-03-31 16:40:00,North Melbourne,Collingwood,Marvel Stadium,87,103,-16,0.0,False,2.38,1.58
2013-04-01,2013-04-01 15:20:00,Hawthorn,Geelong,MCG,86,93,-7,0.0,False,1.6,2.32
2013-04-05,2013-04-05 19:50:00,St Kilda,Richmond,MCG,82,99,-17,0.0,False,2.95,1.4
2013-04-06,2013-04-06 13:45:00,Sydney,Gold Coast,SCG,114,73,41,1.0,False,1.09,7.51
2013-04-06,2013-04-06 14:10:00,Western Bulldogs,Fremantle,Marvel Stadium,78,106,-28,0.0,False,3.26,1.33
2013-04-06,2013-04-06 15:40:00,Brisbane,Adelaide,Gabba,77,96,-19,0.0,False,1.99,1.81
2013-04-06,2013-04-06 19:10:00,Port Adelaide,GWS Giants,AAMI Stadium,134,78,56,1.0,False,1.14,5.89
2013-04-06,2013-04-06 19:40:00,Essendon,Melbourne,MCG,184,36,148,1.0,False,1.08,7.93
2013-04-07,2013-04-07 13:10:00,Geelong,North Melbourne,Marvel Stadium,112,108,4,1.0,False,1.43,2.79
2013-04-07,2013-04-07 14:40:00,West Coast,Hawthorn,Domain Stadium,98,148,-50,0.0,False,1.96,1.82
2013-04-07,2013-04-07 15:15:00,Collingwood,Carlton,MCG,117,100,17,1.0,False,1.47,2.68
2013-04-12,2013-04-12 18:40:00,Fremantle,Essendon,Domain Stadium,68,72,-4,0.0,False,1.43,2.84
2013-04-13,2013-04-13 13:45:00,North Melbourne,Sydney,Ninja Stadium,92,131,-39,0.0,False,2.11,1.72
2013-04-13,2013-04-13 14:10:00,Melbourne,West Coast,MCG,83,177,-94,0.0,False,11.52,1.03
2013-04-13,2013-04-13 16:40:00,GWS Giants,St Kilda,Manuka Oval,68,140,-72,0.0,False,4.61,1.2
2013-04-13,2013-04-13 19:40:00,Geelong,Carlton,Marvel Stadium,119,103,16,1.0,False,1.51,2.53
2013-04-13,2013-04-13 19:40:00,Gold Coast,Brisbane,People First Stadium,92,94,-2,0.0,False,2.66,1.47
2013-04-14,2013-04-14 13:10:00,Richmond,Western Bulldogs,Marvel Stadium,135,68,67,1.0,False,1.25,3.9
2013-04-14,2013-04-14 15:15:00,Collingwood,Hawthorn,MCG,90,145,-55,0.0,False,2.35,1.58
2013-04-14,2013-04-14 16:10:00,Port Adelaide,Adelaide,AAMI Stadium,118,109,9,1.0,False,2.7,1.46
2013-04-19,2013-04-19 19:50:00,Sydney,Geelong,SCG,103,124,-21,0.0,False,1.6,2.33
2013-04-20,2013-04-20 13:45:00,Hawthorn,Fremantle,UTAS Stadium,118,76,42,1.0,False,1.17,5.04
2013-04-20,2013-04-20 14:10:00,Richmond,Collingwood,MCG,79,113,-34,0.0,False,1.86,1.92
2013-04-20,2013-04-20 16:40:00,St Kilda,Essendon,Marvel Stadium,91,128,-37,0.0,False,2.49,1.53
2013-04-20,2013-04-20 17:40:00,West Coast,Carlton,Domain Stadium,65,89,-24,0.0,False,1.39,2.95
2013-04-20,2013-04-20 19:40:00,Gold Coast,Port Adelaide,People First Stadium,66,104,-38,0.0,False,2.62,1.49
2013-04-21,2013-04-21 13:10:00,Melbourne,GWS Giants,MCG,144,103,41,1.0,False,1.46,2.69
2013-04-21,2013-04-21 14:45:00,Adelaide,Western Bulldogs,AAMI Stadium,80,28,52,1.0,False,1.11,6.46
2013-04-21,2013-04-21 16:40:00,North Melbourne,Brisbane,Marvel Stadium,125,62,63,1.0,False,1.27,3.78
2013-04-25,2013-04-25 14:40:00,Essendon,Collingwood,MCG,121,75,46,1.0,False,2.21,1.65
2013-04-25,2013-04-25 19:50:00,St Kilda,Sydney,Westpac Stadium,63,79,-16,0.0,False,4.76,1.19
2013-04-26,2013-04-26 18:45:00,Fremantle,Richmond,Domain Stadium,81,80,1,1.0,False,1.45,2.76
2013-04-27,2013-04-27 13:45:00,GWS Giants,Gold Coast,Manuka Oval,104,148,-44,0.0,False,3.19,1.35
2013-04-27,2013-04-27 16:40:00,Carlton,Adelaide,MCG,115,83,32,1.0,False,1.44,2.78
2013-04-27,2013-04-27 19:15:00,Port Adelaide,West Coast,AAMI Stadium,84,79,5,1.0,False,1.97,1.82
2013-04-27,2013-04-27 19:40:00,Western Bulldogs,Geelong,Marvel Stadium,86,107,-21,0.0,False,13.89,1.02
2013-04-28,2013-04-28 15:20:00,Brisbane,Melbourne,Gabba,122,94,28,1.0,False,1.17,4.92
2013-04-28,2013-04-28 16:40:00,Hawthorn,North Melbourne,MCG,99,96,3,1.0,False,1.18,4.89
2013-05-03,2013-05-03 19:50:00,Collingwood,St Kilda,Marvel Stadium,103,77,26,1.0,False,1.22,4.17
2013-05-04,2013-05-04 13:45:00,Essendon,GWS Giants,Marvel Stadium,120,81,39,1.0,False,1.01,19.27
2013-05-04,2013-05-04 14:10:00,North Melbourne,Port Adelaide,Ninja Stadium,93,83,10,1.0,False,1.38,2.98
2013-05-04,2013-05-04 16:10:00,Adelaide,Hawthorn,AAMI Stadium,78,89,-11,0.0,False,4.46,1.2
2013-05-04,2013-05-04 19:40:00,Gold Coast,Fremantle,People First Stadium,54,99,-45,0.0,False,2.83,1.42
2013-05-04,2013-05-04 19:40:00,Richmond,Geelong,MCG,87,131,-44,0.0,False,2.94,1.39
2013-05-05,2013-05-05 13:10:00,Sydney,Brisbane,SCG,115,55,60,1.0,False,1.07,8.53
2013-05-05,2013-05-05 14:40:00,West Coast,Western Bulldogs,Domain Stadium,137,67,70,1.0,False,1.03,13.06
2013-05-05,2013-05-05 15:20:00,Carlton,Melbourne,MCG,121,60,61,1.0,False,1.02,15.5
2013-05-10,2013-05-10 19:50:00,Geelong,Essendon,Marvel Stadium,113,85,28,1.0,False,1.65,2.21
2013-05-11,2013-05-11 13:15:00,Port Adelaide,Richmond,AAMI Stadium,73,114,-41,0.0,False,1.55,2.43
2013-05-11,2013-05-11 14:10:00,Brisbane,West Coast,Gabba,82,108,-26,0.0,False,4.34,1.21
2013-05-11,2013-05-11 16:40:00,Western Bulldogs,North Melbourne,Marvel Stadium,97,151,-54,0.0,False,7.64,1.08
2013-05-11,2013-05-11 17:40:00,Fremantle,Collingwood,Domain Stadium,100,73,27,1.0,False,2.43,1.55
2013-05-11,2013-05-11 19:40:00,Hawthorn,Sydney,MCG,119,82,37,1.0,False,1.48,2.63
2013-05-12,2013-05-12 13:10:00,GWS Giants,Adelaide,ENGIE Stadium,52,187,-135,0.0,False,9.51,1.05
2013-05-12,2013-05-12 16:40:00,Melbourne,Gold Coast,MCG,54,114,-60,0.0,False,2.1,1.72
2013-05-13,2013-05-13 19:40:00,St Kilda,Carlton,Marvel Stadium,77,68,9,1.0,False,3.81,1.26
2013-05-17,2013-05-17 18:40:00,West Coast,North Melbourne,Domain Stadium,90,88,2,1.0,False,1.37,3.06
2013-05-18,2013-05-18 13:45:00,Essendon,Brisbane,Marvel Stadium,86,96,-10,0.0,False,1.04,10.82
2013-05-18,2013-05-18 14:10:00,Hawthorn,GWS Giants,UTAS Stadium,140,57,83,1.0,False,1.01,29.63
2013-05-18,2013-05-18 16:40:00,Gold Coast,Western Bulldogs,People First Stadium,93,61,32,1.0,False,1.62,2.26
2013-05-18,2013-05-18 19:40:00,Collingwood,Geelong,MCG,102,96,6,1.0,False,3.29,1.33
2013-05-18,2013-05-18 19:40:00,Sydney,Fremantle,SCG,70,70,0,0.5,False,1.35,3.15
2013-05-19,2013-05-19 13:10:00,Carlton,Port Adelaide,Marvel Stadium,109,91,18,1.0,False,1.37,3.04
2013-05-19,2013-05-19 15:20:00,Richmond,Melbourne,MCG,106,72,34,1.0,False,1.02,14.7
2013-05-19,2013-05-19 16:10:00,Adelaide,St Kilda,AAMI Stadium,87,47,40,1.0,False,1.33,3.32
2013-05-24,2013-05-24 19:50:00,Collingwood,Sydney,MCG,55,102,-47,0.0,False,1.61,2.28
2013-05-25,2013-05-25 13:15:00,Port Adelaide,Geelong,AAMI Stadium,68,116,-48,0.0,False,4.71,1.18
2013-05-25,2013-05-25 14:10:00,GWS Giants,West Coast,ENGIE Stadium,55,155,-100,0.0,False,16.03,1.01
2013-05-25,2013-05-25 16:40:00,St Kilda,Western Bulldogs,Marvel Stadium,101,110,-9,0.0,False,1.18,4.71
2013-05-25,2013-05-25 19:40:00,Brisbane,Carlton,Gabba,85,98,-13,0.0,False,2.73,1.45
2013-05-25,2013-05-25 19:45:00,Richmond,Essendon,MCG,62,91,-29,0.0,False,2.04,1.75
2013-05-26,2013-05-26 13:10:00,Hawthorn,Gold Coast,MCG,118,92,26,1.0,False,1.01,16.33
2013-05-26,2013-05-26 14:40:00,Fremantle,Melbourne,Domain Stadium,130,40,90,1.0,False,1.01,16.25
2013-05-26,2013-05-26 15:20:00,North Melbourne,Adelaide,Marvel Stadium,124,125,-1,0.0,False,1.44,2.74
2013-05-31,2013-05-31 19:50:00,Brisbane,Collingwood,Gabba,51,100,-49,0.0,False,4.5,1.2
2013-06-01,2013-06-01 13:40:00,Adelaide,Fremantle,AAMI Stadium,59,66,-7,0.0,False,1.81,1.98
2013-06-01,2013-06-01 13:45:00,Carlton,GWS Giants,Marvel Stadium,148,54,94,1.0,False,1.01,18.52
2013-06-01,2013-06-01 16:40:00,Sydney,Essendon,SCG,115,71,44,1.0,False,1.51,2.52
2013-06-01,2013-06-01 19:10:00,Western Bulldogs,Port Adelaide,TIO Stadium,67,58,9,1.0,False,2.57,1.5
2013-06-01,2013-06-01 19:40:00,Geelong,Gold Coast,GMHBA Stadium,123,71,52,1.0,False,1.03,13.05
2013-06-02,2013-06-02 15:20:00,Melbourne,Hawthorn,MCG,48,143,-95,0.0,False,21.38,1.01
2013-06-02,2013-06-02 16:40:00,North Melbourne,St Kilda,Marvel Stadium,133,65,68,1.0,False,1.22,4.29
2013-06-03,2013-06-03 17:40:00,West Coast,Richmond,Domain Stadium,62,103,-41,0.0,False,1.28,3.63
2013-06-07,2013-06-07 19:50:00,Essendon,Carlton,MCG,77,72,5,1.0,False,1.8,1.98
2013-06-08,2013-06-08 13:40:00,GWS Giants,Geelong,ENGIE Stadium,98,157,-59,0.0,False,17.9,1.01
2013-06-08,2013-06-08 16:10:00,Adelaide,Sydney,AAMI Stadium,50,127,-77,0.0,False,2.47,1.53
2013-06-08,2013-06-08 19:40:00,Gold Coast,North Melbourne,People First Stadium,66,51,15,1.0,False,3.4,1.31
2013-06-09,2013-06-09 16:40:00,St Kilda,West Coast,Marvel Stadium,80,84,-4,0.0,False,2.86,1.42
2013-06-10,2013-06-10 15:15:00,Melbourne,Collingwood,MCG,39,122,-83,0.0,False,15.9,1.02
2013-06-14,2013-06-14 19:50:00,Carlton,Hawthorn,Marvel Stadium,87,102,-15,0.0,False,4.07,1.23
2013-06-15,2013-06-15 13:40:00,Richmond,Adelaide,MCG,110,72,38,1.0,False,1.36,3.14
2013-06-15,2013-06-15 14:40:00,Fremantle,Brisbane,Domain Stadium,86,46,40,1.0,False,1.06,9.37
2013-06-15,2013-06-15 19:40:00,Essendon,Gold Coast,Marvel Stadium,115,72,43,1.0,False,1.16,5.29
2013-06-16,2013-06-16 13:10:00,GWS Giants,Port Adelaide,ENGIE Stadium,50,125,-75,0.0,False,4.26,1.22
2013-06-16,2013-06-16 16:40:00,Collingwood,Western Bulldogs,Marvel Stadium,99,65,34,1.0,False,1.11,6.41
2013-06-21,2013-06-21 19:50:00,Hawthorn,West Coast,Marvel Stadium,123,103,20,1.0,False,1.16,5.17
2013-06-22,2013-06-22 13:10:00,Port Adelaide,Sydney,AAMI Stadium,72,54,18,1.0,False,7.12,1.1
2013-06-22,2013-06-22 16:40:00,St Kilda,Melbourne,MCG,104,69,35,1.0,False,1.11,6.47
2013-06-22,2013-06-22 19:40:00,Western Bulldogs,Richmond,Marvel Stadium,61,121,-60,0.0,False,6.65,1.11
2013-06-23,2013-06-23 13:20:00,Fremantle,North Melbourne,Domain Stadium,67,29,38,1.0,False,1.32,3.35
2013-06-23,2013-06-23 16:40:00,Brisbane,Geelong,Gabba,103,98,5,1.0,False,5.58,1.14
2013-06-27,2013-06-27 18:10:00,West Coast,Essendon,Domain Stadium,91,98,-7,0.0,False,2.08,1.73
2013-06-28,2013-06-28 19:50:00,Sydney,Carlton,SCG,65,43,22,1.0,False,1.4,2.93
2013-06-29,2013-06-29 13:40:00,Gold Coast,Adelaide,People First Stadium,83,111,-28,0.0,False,2.35,1.58
2013-06-29,2013-06-29 16:10:00,Port Adelaide,Collingwood,AAMI Stadium,86,51,35,1.0,False,2.96,1.39
2013-06-29,2013-06-29 19:40:00,Geelong,Fremantle,GMHBA Stadium,85,44,41,1.0,False,1.37,3.08
2013-06-29,2013-06-29 19:40:00,Melbourne,Western Bulldogs,MCG,103,100,3,1.0,False,4.29,1.22
2013-06-30,2013-06-30 13:10:00,Hawthorn,Brisbane,UTAS Stadium,143,85,58,1.0,False,1.06,8.84
2013-06-30,2013-06-30 15:20:00,North Melbourne,GWS Giants,Marvel Stadium,130,44,86,1.0,False,1.01,18.75
2013-06-30,2013-06-30 16:40:00,Richmond,St Kilda,MCG,119,55,64,1.0,False,1.19,4.61
2013-07-05,2013-07-05 19:50:00,Carlton,Collingwood,MCG,77,118,-41,0.0,False,1.62,2.27
2013-07-06,2013-07-06 13:45:00,GWS Giants,Western Bulldogs,Manuka Oval,83,87,-4,0.0,False,4.31,1.21
2013-07-06,2013-07-06 14:10:00,North Melbourne,Richmond,Marvel Stadium,128,66,62,1.0,False,2.65,1.47
2013-07-06,2013-07-06 16:40:00,Brisbane,Gold Coast,Gabba,116,83,33,1.0,False,1.29,3.63
2013-07-06,2013-07-06 19:10:00,Adelaide,West Coast,AAMI Stadium,69,75,-6,0.0,False,1.59,2.33
2013-07-06,2013-07-06 19:40:00,Geelong,Hawthorn,MCG,82,72,10,1.0,False,2.25,1.63
2013-07-07,2013-07-07 13:10:00,Melbourne,Sydney,MCG,85,116,-31,0.0,False,14.84,1.02
2013-07-07,2013-07-07 13:20:00,Fremantle,St Kilda,Domain Stadium,100,70,30,1.0,False,1.03,11.92
2013-07-07,2013-07-07 16:40:00,Essendon,Port Adelaide,Marvel Stadium,118,88,30,1.0,False,1.31,3.38
2013-07-12,2013-07-12 19:50:00,Collingwood,Adelaide,MCG,111,84,27,1.0,False,1.18,4.81
2013-07-13,2013-07-13 13:15:00,Port Adelaide,Hawthorn,AAMI Stadium,79,124,-45,0.0,False,3.29,1.33
2013-07-13,2013-07-13 14:10:00,Geelong,Melbourne,GMHBA Stadium,98,30,68,1.0,False,1.01,17.58
2013-07-13,2013-07-13 16:40:00,Richmond,Gold Coast,Cazaly’s Stadium,53,44,9,1.0,False,1.23,4.1
2013-07-13,2013-07-13 19:40:00,Brisbane,North Melbourne,Gabba,117,105,12,1.0,False,2.82,1.43
2013-07-13,2013-07-13 19:40:00,Carlton,St Kilda,Marvel Stadium,110,74,36,1.0,False,1.36,3.12
2013-07-14,2013-07-14 13:10:00,Sydney,GWS Giants,SCG,171,42,129,1.0,False,1.01,19.92
2013-07-14,2013-07-14 14:40:00,West Coast,Fremantle,Domain Stadium,93,121,-28,0.0,False,2.83,1.42
2013-07-14,2013-07-14 15:20:00,Western Bulldogs,Essendon,Marvel Stadium,90,121,-31,0.0,False,7.25,1.09
2013-07-19,2013-07-19 19:50:00,North Melbourne,Carlton,Marvel Stadium,108,109,-1,0.0,False,1.65,2.21
2013-07-20,2013-07-20 13:45:00,Hawthorn,Western Bulldogs,UTAS Stadium,95,76,19,1.0,False,1.01,14.85
2013-07-20,2013-07-20 14:10:00,GWS Giants,Essendon,ENGIE Stadium,77,116,-39,0.0,False,17.22,1.01
2013-07-20,2013-07-20 16:40:00,Gold Coast,Collingwood,People First Stadium,85,78,7,1.0,False,4.83,1.18
2013-07-20,2013-07-20 19:10:00,Melbourne,Brisbane,TIO Stadium,75,94,-19,0.0,False,3.96,1.25
2013-07-20,2013-07-20 19:40:00,St Kilda,Port Adelaide,Marvel Stadium,92,97,-5,0.0,False,2.03,1.77
2013-07-21,2013-07-21 13:10:00,Richmond,Fremantle,MCG,84,57,27,1.0,False,1.7,2.11
2013-07-21,2013-07-21 14:40:00,West Coast,Sydney,Domain Stadium,79,113,-34,0.0,False,2.58,1.49
2013-07-21,2013-07-21 14:50:00,Adelaide,Geelong,AAMI Stadium,94,92,2,1.0,False,4.36,1.21
2013-07-26,2013-07-26 19:50:00,Essendon,Hawthorn,Marvel Stadium,87,143,-56,0.0,False,3.33,1.32
2013-07-27,2013-07-27 13:45:00,Gold Coast,Carlton,People First Stadium,77,120,-43,0.0,False,2.82,1.42
2013-07-27,2013-07-27 14:10:00,Melbourne,North Melbourne,Marvel Stadium,28,150,-122,0.0,False,13.31,1.03
2013-07-27,2013-07-27 16:40:00,Collingwood,GWS Giants,MCG,106,66,40,1.0,False,1.01,21.45
2013-07-27,2013-07-27 17:40:00,Fremantle,Adelaide,Domain Stadium,75,53,22,1.0,False,1.25,3.87
2013-07-27,2013-07-27 19:40:00,Geelong,St Kilda,GMHBA Stadium,137,36,101,1.0,False,1.07,8.27
2013-07-28,2013-07-28 12:40:00,Port Adelaide,Brisbane,AAMI Stadium,71,62,9,1.0,False,1.38,3.0
2013-07-28,2013-07-28 15:20:00,Western Bulldogs,West Coast,Marvel Stadium,111,89,22,1.0,False,2.5,1.52
2013-07-28,2013-07-28 16:40:00,Sydney,Richmond,SCG,110,63,47,1.0,False,1.27,3.68
2013-08-02,2013-08-02 19:50:00,North Melbourne,Geelong,Marvel Stadium,96,86,10,1.0,False,3.35,1.32
2013-08-03,2013-08-03 13:45:00,GWS Giants,Melbourne,ENGIE Stadium,124,87,37,1.0,False,1.65,2.2
2013-08-03,2013-08-03 14:10:00,Hawthorn,Richmond,MCG,66,107,-41,0.0,False,1.21,4.32
2013-08-03,2013-08-03 14:40:00,West Coast,Gold Coast,Domain Stadium,130,113,17,1.0,False,1.44,2.77
2013-08-03,2013-08-03 19:40:00,Brisbane,St Kilda,Gabba,108,77,31,1.0,False,1.26,3.84
2013-08-03,2013-08-03 19:40:00,Carlton,Fremantle,Marvel Stadium,80,116,-36,0.0,False,1.83,1.95
2013-08-04,2013-08-04 13:10:00,Western Bulldogs,Sydney,Marvel Stadium,99,134,-35,0.0,False,7.73,1.08
2013-08-04,2013-08-04 14:50:00,Adelaide,Port Adelaide,AAMI Stadium,103,107,-4,0.0,False,2.01,1.78
2013-08-04,2013-08-04 16:40:00,Collingwood,Essendon,MCG,133,54,79,1.0,False,1.86,1.92
2013-08-09,2013-08-09 19:50:00,St Kilda,Hawthorn,Marvel Stadium,56,102,-46,0.0,False,11.36,1.04
2013-08-10,2013-08-10 13:45:00,Richmond,Brisbane,MCG,97,74,23,1.0,False,1.16,5.05
2013-08-10,2013-08-10 14:10:00,Geelong,Port Adelaide,GMHBA Stadium,129,104,25,1.0,False,1.11,6.53
2013-08-10,2013-08-10 16:40:00,Carlton,Western Bulldogs,Marvel Stadium,89,117,-28,0.0,False,1.34,3.26
2013-08-10,2013-08-10 19:40:00,Gold Coast,Melbourne,People First Stadium,90,77,13,1.0,False,1.12,6.41
2013-08-10,2013-08-10 19:40:00,Sydney,Collingwood,Accor Stadium,71,100,-29,0.0,False,1.41,2.86
2013-08-11,2013-08-11 13:10:00,Essendon,West Coast,Marvel Stadium,67,120,-53,0.0,False,1.42,2.86
2013-08-11,2013-08-11 14:40:00,Fremantle,GWS Giants,Domain Stadium,157,44,113,1.0,False,1.01,18.91
2013-08-11,2013-08-11 14:50:00,Adelaide,North Melbourne,AAMI Stadium,79,70,9,1.0,False,2.04,1.75
2013-08-16,2013-08-16 19:50:00,Hawthorn,Collingwood,MCG,119,84,35,1.0,False,1.53,2.48
2013-08-17,2013-08-17 13:40:00,Port Adelaide,Gold Coast,AAMI Stadium,113,96,17,1.0,False,1.2,4.56
2013-08-17,2013-08-17 13:45:00,Richmond,Carlton,MCG,96,106,-10,0.0,False,1.3,3.52
2013-08-17,2013-08-17 16:40:00,Essendon,North Melbourne,Marvel Stadium,70,115,-45,0.0,False,2.73,1.45
2013-08-17,2013-08-17 17:40:00,West Coast,Geelong,Domain Stadium,41,107,-66,0.0,False,2.65,1.48
2013-08-17,2013-08-17 19:40:00,Brisbane,GWS Giants,Gabba,123,63,60,1.0,False,1.03,12.64
2013-08-18,2013-08-18 13:10:00,Melbourne,Fremantle,MCG,38,133,-95,0.0,False,16.1,1.02
2013-08-18,2013-08-18 15:20:00,Sydney,St Kilda,SCG,118,59,59,1.0,False,1.02,14.85
2013-08-18,2013-08-18 16:40:00,Western Bulldogs,Adelaide,Marvel Stadium,131,114,17,1.0,False,2.08,1.72
2013-08-23,2013-08-23 19:50:00,Collingwood,West Coast,MCG,101,39,62,1.0,False,1.13,5.87
2013-08-24,2013-08-24 13:15:00,Adelaide,Melbourne,AAMI Stadium,120,52,68,1.0,False,1.02,15.5
2013-08-24,2013-08-24 14:10:00,North Melbourne,Hawthorn,Marvel Stadium,103,117,-14,0.0,False,3.28,1.34
2013-08-24,2013-08-24 16:40:00,Geelong,Sydney,GMHBA Stadium,92,48,44,1.0,False,1.46,2.71
2013-08-24,2013-08-24 17:40:00,Fremantle,Port Adelaide,Domain Stadium,134,60,74,1.0,False,1.16,5.17
2013-08-24,2013-08-24 19:40:00,Carlton,Essendon,MCG,76,82,-6,0.0,False,1.41,2.86
2013-08-25,2013-08-25 13:10:00,St Kilda,Gold Coast,Marvel Stadium,116,70,46,1.0,False,1.74,2.06
2013-08-25,2013-08-25 15:20:00,GWS Giants,Richmond,ENGIE Stadium,42,163,-121,0.0,False,16.89,1.01
2013-08-25,2013-08-25 16:40:00,Brisbane,Western Bulldogs,Gabba,100,93,7,1.0,False,1.54,2.44
2013-08-30,2013-08-30 19:50:00,Sydney,Hawthorn,Accor Stadium,100,112,-12,0.0,False,3.02,1.38
2013-08-31,2013-08-31 13:45:00,St Kilda,Fremantle,Marvel Stadium,112,41,71,1.0,False,1.83,2.1
2013-08-31,2013-08-31 14:10:00,Geelong,Brisbane,GMHBA Stadium,112,111,1,1.0,False,1.04,10.44
2013-08-31,2013-08-31 16:10:00,Port Adelaide,Carlton,AAMI Stadium,103,104,-1,0.0,False,1.88,1.87
2013-08-31,2013-08-31 18:10:00,West Coast,Adelaide,Domain Stadium,43,129,-86,0.0,False,1.87,1.9
2013-08-31,2013-08-31 19:40:00,Essendon,Richmond,MCG,65,104,-39,0.0,False,2.86,1.42
2013-09-01,2013-09-01 13:10:00,Gold Coast,GWS Giants,People First Stadium,146,63,83,1.0,False,1.09,7.35
2013-09-01,2013-09-01 15:20:00,Collingwood,North Melbourne,MCG,114,125,-11,0.0,False,1.62,2.27
2013-09-01,2013-09-01 16:40:00,Western Bulldogs,Melbourne,Marvel Stadium,107,87,20,1.0,False,1.08,7.84
2013-09-06,2013-09-06 19:50:00,Hawthorn,Sydney,MCG,105,51,54,1.0,True,1.57,2.38
2013-09-07,2013-09-07 14:20:00,Geelong,Fremantle,GMHBA Stadium,72,87,-15,0.0,True,1.34,3.29
2013-09-07,2013-09-07 19:45:00,Collingwood,Port Adelaide,MCG,63,87,-24,0.0,True,1.21,4.43
2013-09-08,2013-09-08 15:20:00,Richmond,Carlton,MCG,96,116,-20,0.0,True,1.47,2.67
2013-09-13,2013-09-13 19:50:00,Geelong,Port Adelaide,MCG,96,80,16,1.0,True,1.21,4.38
2013-09-14,2013-09-14 19:45:00,Sydney,Carlton,Accor Stadium,86,62,24,1.0,True,1.35,3.19
2013-09-20,2013-09-20 19:50:00,Hawthorn,Geelong,MCG,102,97,5,1.0,True,1.38,3.02
2013-09-21,2013-09-21 17:45:00,Fremantle,Sydney,Domain Stadium,99,74,25,1.0,True,1.29,3.6
2013-09-28,2013-09-28 14:30:00,Hawthorn,Fremantle,MCG,77,62,15,1.0,True,1.61,2.31
2014-03-14,2014-03-14 19:50:00,Collingwood,Fremantle,Marvel Stadium,46,116,-70,0.0,False,2.31,1.6
2014-03-15,2014-03-15 16:40:00,GWS Giants,Sydney,ENGIE Stadium,99,67,32,1.0,False,10.17,1.05
2014-03-15,2014-03-15 18:55:00,Gold Coast,Richmond,People First Stadium,87,69,18,1.0,False,2.66,1.47
2014-03-16,2014-03-16 19:40:00,Carlton,Port Adelaide,Marvel Stadium,87,120,-33,0.0,False,1.62,2.24
2014-03-20,2014-03-20 19:10:00,Geelong,Adelaide,GMHBA Stadium,119,81,38,1.0,False,1.33,3.29
2014-03-21,2014-03-21 19:50:00,North Melbourne,Essendon,Marvel Stadium,60,99,-39,0.0,False,1.45,2.69
2014-03-22,2014-03-22 16:40:00,Hawthorn,Brisbane,UTAS Stadium,139,91,48,1.0,False,1.07,8.28
2014-03-22,2014-03-22 19:40:00,St Kilda,Melbourne,Marvel Stadium,68,51,17,1.0,False,2.2,1.66
2014-03-23,2014-03-23 16:40:00,West Coast,Western Bulldogs,Domain Stadium,134,69,65,1.0,False,1.2,4.57
2014-03-27,2014-03-27 19:45:00,Richmond,Carlton,MCG,98,86,12,1.0,False,1.53,2.47
2014-03-28,2014-03-28 19:50:00,Essendon,Hawthorn,Marvel Stadium,86,90,-4,0.0,False,2.67,1.46
2014-03-29,2014-03-29 13:40:00,St Kilda,GWS Giants,Marvel Stadium,95,88,7,1.0,False,1.73,2.07
2014-03-29,2014-03-29 16:15:00,Port Adelaide,Adelaide,Adelaide Oval,127,73,54,1.0,False,1.69,2.12
2014-03-29,2014-03-29 16:40:00,Fremantle,Gold Coast,Domain Stadium,87,39,48,1.0,False,1.08,7.62
2014-03-29,2014-03-29 19:40:00,Sydney,Collingwood,Accor Stadium,69,89,-20,0.0,False,1.43,2.81
2014-03-30,2014-03-30 12:10:00,Brisbane,Geelong,Gabba,68,93,-25,0.0,False,3.6,1.29
2014-03-30,2014-03-30 15:20:00,Melbourne,West Coast,MCG,30,123,-93,0.0,False,8.29,1.08
2014-03-30,2014-03-30 16:40:00,Western Bulldogs,North Melbourne,Marvel Stadium,54,83,-29,0.0,False,3.21,1.35
2014-04-04,2014-04-04 19:50:00,Hawthorn,Fremantle,MCG,137,79,58,1.0,False,1.65,2.19
2014-04-05,2014-04-05 13:40:00,Adelaide,Sydney,Adelaide Oval,71,134,-63,0.0,False,1.99,1.78
2014-04-05,2014-04-05 13:45:00,Western Bulldogs,Richmond,Marvel Stadium,100,98,2,1.0,False,2.99,1.39
2014-04-05,2014-04-05 15:40:00,Gold Coast,Brisbane,People First Stadium,114,61,53,1.0,False,1.7,2.12
2014-04-05,2014-04-05 16:40:00,West Coast,St Kilda,Domain Stadium,83,58,25,1.0,False,1.05,10.78
2014-04-05,2014-04-05 19:40:00,Collingwood,Geelong,MCG,76,87,-11,0.0,False,2.36,1.57
2014-04-06,2014-04-06 13:10:00,GWS Giants,Melbourne,ENGIE Stadium,79,47,32,1.0,False,1.32,3.42
2014-04-06,2014-04-06 16:10:00,North Melbourne,Port Adelaide,Marvel Stadium,97,90,7,1.0,False,2.07,1.74
2014-04-06,2014-04-06 19:10:00,Essendon,Carlton,MCG,138,57,81,1.0,False,1.43,2.81
2014-04-11,2014-04-11 19:50:00,Richmond,Collingwood,MCG,72,110,-38,0.0,False,2.63,1.48
2014-04-12,2014-04-12 13:40:00,Port Adelaide,Brisbane,Adelaide Oval,159,46,113,1.0,False,1.13,5.83
2014-04-12,2014-04-12 13:45:00,Carlton,Melbourne,MCG,58,81,-23,0.0,False,1.15,5.18
2014-04-12,2014-04-12 16:40:00,GWS Giants,Western Bulldogs,Manuka Oval,83,110,-27,0.0,False,2.49,1.53
2014-04-12,2014-04-12 19:40:00,Geelong,West Coast,GMHBA Stadium,107,32,75,1.0,False,1.16,5.07
2014-04-12,2014-04-12 19:40:00,Gold Coast,Hawthorn,People First Stadium,49,148,-99,0.0,False,4.38,1.21
2014-04-13,2014-04-13 13:10:00,Sydney,North Melbourne,SCG,48,91,-43,0.0,False,1.4,2.93
2014-04-13,2014-04-13 14:40:00,Fremantle,Essendon,Domain Stadium,113,60,53,1.0,False,1.86,1.92
2014-04-13,2014-04-13 15:20:00,St Kilda,Adelaide,Marvel Stadium,50,136,-86,0.0,False,2.2,1.67
2014-04-17,2014-04-17 19:50:00,Brisbane,Richmond,Gabba,63,106,-43,0.0,False,4.45,1.21
2014-04-19,2014-04-19 13:40:00,Collingwood,North Melbourne,MCG,93,58,35,1.0,False,1.86,1.91
2014-04-19,2014-04-19 16:40:00,Sydney,Fremantle,SCG,92,75,17,1.0,False,2.4,1.56
2014-04-19,2014-04-19 17:40:00,West Coast,Port Adelaide,Domain Stadium,56,70,-14,0.0,False,1.84,1.93
2014-04-19,2014-04-19 19:40:00,Essendon,St Kilda,Marvel Stadium,65,81,-16,0.0,False,1.11,6.45
2014-04-20,2014-04-20 12:40:00,Adelaide,GWS Giants,Adelaide Oval,137,72,65,1.0,False,1.12,6.19
2014-04-20,2014-04-20 15:20:00,Melbourne,Gold Coast,MCG,78,86,-8,0.0,False,3.09,1.37
2014-04-20,2014-04-20 16:40:00,Western Bulldogs,Carlton,Marvel Stadium,91,119,-28,0.0,False,1.77,2.02
2014-04-21,2014-04-21 15:20:00,Geelong,Hawthorn,MCG,106,87,19,1.0,False,2.52,1.52
2014-04-25,2014-04-25 14:40:00,Collingwood,Essendon,MCG,83,60,23,1.0,False,1.55,2.42
2014-04-25,2014-04-25 18:40:00,Fremantle,North Melbourne,Domain Stadium,61,74,-13,0.0,False,1.27,3.74
2014-04-25,2014-04-25 19:45:00,St Kilda,Brisbane,Westpac Stadium,79,82,-3,0.0,False,1.37,3.1
2014-04-26,2014-04-26 13:40:00,Gold Coast,GWS Giants,People First Stadium,134,94,40,1.0,False,1.18,4.69
2014-04-26,2014-04-26 16:40:00,Carlton,West Coast,Marvel Stadium,92,89,3,1.0,False,2.03,1.76
2014-04-26,2014-04-26 19:40:00,Melbourne,Sydney,MCG,38,69,-31,0.0,False,7.09,1.09
2014-04-27,2014-04-27 13:10:00,Western Bulldogs,Adelaide,Marvel Stadium,83,92,-9,0.0,False,2.37,1.58
2014-04-27,2014-04-27 15:20:00,Richmond,Hawthorn,MCG,52,118,-66,0.0,False,5.04,1.17
2014-04-27,2014-04-27 16:10:00,Port Adelaide,Geelong,Adelaide Oval,107,67,40,1.0,False,2.08,1.74
2014-05-02,2014-05-02 19:50:00,Carlton,Collingwood,MCG,70,104,-34,0.0,False,3.95,1.25
2014-05-03,2014-05-03 13:45:00,Hawthorn,St Kilda,MCG,175,30,145,1.0,False,1.04,11.17
2014-05-03,2014-05-03 14:10:00,GWS Giants,Port Adelaide,Manuka Oval,97,132,-35,0.0,False,8.46,1.07
2014-05-03,2014-05-03 16:10:00,Adelaide,Melbourne,Adelaide Oval,67,70,-3,0.0,False,1.06,8.79
2014-05-03,2014-05-03 19:40:00,Brisbane,Sydney,Gabba,44,123,-79,0.0,False,4.64,1.19
2014-05-03,2014-05-03 19:40:00,Essendon,Western Bulldogs,Marvel Stadium,73,65,8,1.0,False,1.31,3.45
2014-05-04,2014-05-04 13:10:00,North Melbourne,Gold Coast,Marvel Stadium,77,120,-43,0.0,False,1.26,3.78
2014-05-04,2014-05-04 14:40:00,West Coast,Fremantle,Domain Stadium,54,73,-19,0.0,False,2.81,1.42
2014-05-04,2014-05-04 15:20:00,Geelong,Richmond,MCG,81,76,5,1.0,False,1.19,4.49
2014-05-09,2014-05-09 19:50:00,Sydney,Hawthorn,Accor Stadium,107,88,19,1.0,False,2.16,1.68
2014-05-10,2014-05-10 13:10:00,Port Adelaide,Fremantle,Adelaide Oval,94,76,18,1.0,False,1.54,2.43
2014-05-10,2014-05-10 16:40:00,Brisbane,Essendon,Gabba,57,65,-8,0.0,False,3.91,1.25
2014-05-10,2014-05-10 19:40:00,Melbourne,Western Bulldogs,MCG,83,99,-16,0.0,False,2.73,1.44
2014-05-11,2014-05-11 14:40:00,West Coast,GWS Giants,Domain Stadium,188,77,111,1.0,False,1.06,9.29
2014-05-12,2014-05-12 19:20:00,St Kilda,Carlton,Marvel Stadium,69,101,-32,0.0,False,3.2,1.35
2014-05-15,2014-05-15 19:20:00,Adelaide,Collingwood,Adelaide Oval,76,55,21,1.0,False,2.71,1.45
2014-05-16,2014-05-16 19:50:00,Essendon,Sydney,Marvel Stadium,64,114,-50,0.0,False,3.13,1.36
2014-05-17,2014-05-17 13:40:00,Richmond,Melbourne,MCG,74,91,-17,0.0,False,1.18,4.7
2014-05-17,2014-05-17 16:40:00,North Melbourne,Brisbane,Marvel Stadium,125,38,87,1.0,False,1.06,9.34
2014-05-17,2014-05-17 17:40:00,Fremantle,Geelong,Domain Stadium,96,64,32,1.0,False,1.79,2.0
2014-05-18,2014-05-18 16:40:00,St Kilda,Gold Coast,Marvel Stadium,87,125,-38,0.0,False,4.03,1.24
2014-05-23,2014-05-23 19:50:00,Geelong,North Melbourne,GMHBA Stadium,111,91,20,1.0,False,1.54,2.46
2014-05-24,2014-05-24 13:40:00,GWS Giants,Richmond,ENGIE Stadium,41,154,-113,0.0,False,3.19,1.34
2014-05-24,2014-05-24 16:40:00,Collingwood,West Coast,MCG,109,101,8,1.0,False,1.3,3.48
2014-05-24,2014-05-24 19:10:00,Port Adelaide,Hawthorn,Adelaide Oval,100,86,14,1.0,False,1.53,2.46
2014-05-25,2014-05-25 15:20:00,Gold Coast,Western Bulldogs,People First Stadium,119,74,45,1.0,False,1.22,4.31
2014-05-25,2014-05-25 16:40:00,Carlton,Adelaide,MCG,81,76,5,1.0,False,2.25,1.63
2014-05-29,2014-05-29 19:10:00,Sydney,Geelong,SCG,148,38,110,1.0,False,1.39,3.0
2014-05-30,2014-05-30 19:50:00,St Kilda,Collingwood,Marvel Stadium,54,140,-86,0.0,False,8.45,1.06
2014-05-31,2014-05-31 13:10:00,Melbourne,Port Adelaide,Traeger Park,75,95,-20,0.0,False,6.04,1.12
2014-05-31,2014-05-31 16:40:00,Brisbane,Carlton,Gabba,98,91,7,1.0,False,2.86,1.41
2014-05-31,2014-05-31 19:45:00,Essendon,Richmond,MCG,104,54,50,1.0,False,1.68,2.16
2014-06-01,2014-06-01 12:40:00,Adelaide,Gold Coast,Adelaide Oval,109,77,32,1.0,False,1.54,2.46
2014-06-01,2014-06-01 15:20:00,Western Bulldogs,Fremantle,Marvel Stadium,51,89,-38,0.0,False,5.28,1.15
2014-06-01,2014-06-01 16:40:00,Hawthorn,GWS Giants,MCG,94,87,7,1.0,False,1.01,16.02
2014-06-01,2014-06-01 17:40:00,West Coast,North Melbourne,Domain Stadium,44,82,-38,0.0,False,1.6,2.31
2014-06-06,2014-06-06 19:50:00,Geelong,Carlton,Marvel Stadium,107,102,5,1.0,False,1.18,4.74
2014-06-07,2014-06-07 13:40:00,Hawthorn,West Coast,UTAS Stadium,123,79,44,1.0,False,1.19,4.49
2014-06-07,2014-06-07 16:10:00,Port Adelaide,St Kilda,Adelaide Oval,129,59,70,1.0,False,1.02,13.09
2014-06-07,2014-06-07 19:40:00,GWS Giants,Essendon,ENGIE Stadium,66,81,-15,0.0,False,5.78,1.13
2014-06-07,2014-06-07 19:40:00,Western Bulldogs,Brisbane,Marvel Stadium,87,95,-8,0.0,False,1.31,3.42
2014-06-08,2014-06-08 14:10:00,Fremantle,Adelaide,Domain Stadium,90,50,40,1.0,False,1.23,4.07
2014-06-08,2014-06-08 15:20:00,Gold Coast,Sydney,People First Stadium,74,109,-35,0.0,False,4.43,1.2
2014-06-08,2014-06-08 19:10:00,North Melbourne,Richmond,Marvel Stadium,116,88,28,1.0,False,1.31,3.43
2014-06-09,2014-06-09 15:20:00,Melbourne,Collingwood,MCG,28,61,-33,0.0,False,4.64,1.19
2014-06-13,2014-06-13 19:50:00,Carlton,Hawthorn,MCG,90,118,-28,0.0,False,4.74,1.18
2014-06-14,2014-06-14 13:45:00,Richmond,Fremantle,MCG,85,105,-20,0.0,False,3.67,1.27
2014-06-14,2014-06-14 14:10:00,Sydney,Port Adelaide,SCG,98,94,4,1.0,False,1.43,2.8
2014-06-14,2014-06-14 14:40:00,West Coast,Gold Coast,Domain Stadium,103,100,3,1.0,False,1.74,2.08
2014-06-14,2014-06-14 19:10:00,Adelaide,North Melbourne,Adelaide Oval,109,73,36,1.0,False,1.85,1.93
2014-06-14,2014-06-14 19:40:00,Brisbane,GWS Giants,Gabba,80,125,-45,0.0,False,1.41,2.89
2014-06-15,2014-06-15 13:10:00,Geelong,St Kilda,GMHBA Stadium,133,37,96,1.0,False,1.03,12.66
2014-06-15,2014-06-15 15:20:00,Collingwood,Western Bulldogs,Marvel Stadium,98,106,-8,0.0,False,1.11,6.36
2014-06-15,2014-06-15 16:40:00,Essendon,Melbourne,MCG,77,78,-1,0.0,False,1.43,2.87
2014-06-20,2014-06-20 19:50:00,Richmond,Sydney,MCG,51,62,-11,0.0,False,4.17,1.22
2014-06-21,2014-06-21 13:15:00,Port Adelaide,Western Bulldogs,Adelaide Oval,128,56,72,1.0,False,1.09,6.98
2014-06-21,2014-06-21 14:10:00,Hawthorn,Collingwood,MCG,115,86,29,1.0,False,1.34,3.15
2014-06-21,2014-06-21 16:40:00,Gold Coast,Geelong,People First Stadium,118,78,40,1.0,False,2.64,1.47
2014-06-21,2014-06-21 17:40:00,Fremantle,Brisbane,Domain Stadium,105,22,83,1.0,False,1.03,12.19
2014-06-21,2014-06-21 19:40:00,Essendon,Adelaide,Marvel Stadium,101,92,9,1.0,False,2.3,1.61
2014-06-22,2014-06-22 13:10:00,GWS Giants,Carlton,ENGIE Stadium,100,92,8,1.0,False,3.33,1.32
2014-06-22,2014-06-22 15:20:00,St Kilda,West Coast,Marvel Stadium,70,103,-33,0.0,False,5.77,1.13
2014-06-22,2014-06-22 16:40:00,Melbourne,North Melbourne,MCG,66,107,-41,0.0,False,3.56,1.29
2014-06-27,2014-06-27 19:50:00,Geelong,Essendon,Marvel Stadium,89,80,9,1.0,False,1.36,3.09
2014-06-28,2014-06-28 13:45:00,Hawthorn,Gold Coast,UTAS Stadium,116,63,53,1.0,False,1.16,5.01
2014-06-28,2014-06-28 14:10:00,St Kilda,Richmond,Marvel Stadium,73,117,-44,0.0,False,5.56,1.14
2014-06-28,2014-06-28 14:40:00,Fremantle,West Coast,Domain Stadium,88,81,7,1.0,False,1.24,3.98
2014-06-28,2014-06-28 19:40:00,Brisbane,North Melbourne,Gabba,70,66,4,1.0,False,5.26,1.15
2014-06-28,2014-06-28 19:40:00,Sydney,GWS Giants,SCG,106,60,46,1.0,False,1.05,9.47
2014-06-29,2014-06-29 13:10:00,Western Bulldogs,Melbourne,Marvel Stadium,91,85,6,1.0,False,1.72,2.12
2014-06-29,2014-06-29 13:40:00,Adelaide,Port Adelaide,Adelaide Oval,99,76,23,1.0,False,3.02,1.38
2014-06-29,2014-06-29 19:10:00,Collingwood,Carlton,MCG,91,76,15,1.0,False,1.28,3.71
2014-07-04,2014-07-04 19:50:00,North Melbourne,Hawthorn,Marvel Stadium,108,88,20,1.0,False,3.89,1.25
2014-07-05,2014-07-05 13:45:00,Richmond,Brisbane,MCG,79,54,25,1.0,False,1.1,6.57
2014-07-05,2014-07-05 14:10:00,GWS Giants,Adelaide,ENGIE Stadium,72,140,-68,0.0,False,3.9,1.25
2014-07-05,2014-07-05 16:40:00,Gold Coast,Collingwood,People First Stadium,80,75,5,1.0,False,1.91,1.88
2014-07-05,2014-07-05 19:10:00,Melbourne,Fremantle,TIO Stadium,34,97,-63,0.0,False,5.4,1.15
2014-07-05,2014-07-05 19:10:00,Port Adelaide,Essendon,Adelaide Oval,60,62,-2,0.0,False,1.22,4.29
2014-07-06,2014-07-06 13:10:00,Carlton,St Kilda,Marvel Stadium,151,66,85,1.0,False,1.16,5.06
2014-07-06,2014-07-06 13:20:00,West Coast,Sydney,Domain Stadium,51,79,-28,0.0,False,2.99,1.36
2014-07-06,2014-07-06 16:40:00,Geelong,Western Bulldogs,GMHBA Stadium,69,56,13,1.0,False,1.13,5.72
2014-07-11,2014-07-11 19:20:00,Adelaide,Hawthorn,Adelaide Oval,92,104,-12,0.0,False,2.13,1.7
2014-07-12,2014-07-12 13:45:00,Melbourne,Geelong,MCG,36,102,-66,0.0,False,6.13,1.12
2014-07-12,2014-07-12 14:10:00,North Melbourne,St Kilda,Ninja Stadium,92,33,59,1.0,False,1.04,11.65
2014-07-12,2014-07-12 16:40:00,Western Bulldogs,Gold Coast,Cazaly’s Stadium,94,66,28,1.0,False,2.45,1.54
2014-07-12,2014-07-12 19:40:00,Brisbane,West Coast,Gabba,64,76,-12,0.0,False,2.79,1.43
2014-07-12,2014-07-12 19:40:00,Sydney,Carlton,SCG,122,51,71,1.0,False,1.13,5.9
2014-07-13,2014-07-13 13:10:00,Richmond,Port Adelaide,Marvel Stadium,126,106,20,1.0,False,2.47,1.53
2014-07-13,2014-07-13 14:40:00,Fremantle,GWS Giants,Domain Stadium,136,60,76,1.0,False,1.01,17.1
2014-07-13,2014-07-13 15:20:00,Essendon,Collingwood,MCG,103,39,64,1.0,False,2.67,1.46
2014-07-18,2014-07-18 19:50:00,Carlton,North Melbourne,Marvel Stadium,109,86,23,1.0,False,3.97,1.24
2014-07-19,2014-07-19 16:40:00,St Kilda,Fremantle,Marvel Stadium,118,60,58,1.0,False,11.96,1.03
2014-07-19,2014-07-19 19:40:00,GWS Giants,Geelong,ENGIE Stadium,87,94,-7,0.0,False,7.67,1.08
2014-07-20,2014-07-20 12:40:00,Port Adelaide,Melbourne,Adelaide Oval,72,69,3,1.0,False,1.06,8.81
2014-07-20,2014-07-20 16:40:00,Western Bulldogs,Essendon,Marvel Stadium,94,101,-7,0.0,False,3.03,1.38
2014-07-25,2014-07-25 18:40:00,West Coast,Richmond,Domain Stadium,42,59,-17,0.0,False,1.64,2.23
2014-07-26,2014-07-26 16:40:00,Brisbane,Gold Coast,Gabba,110,56,54,1.0,False,2.47,1.54
2014-07-26,2014-07-26 19:40:00,Hawthorn,Sydney,MCG,104,94,10,1.0,False,1.85,1.94
2014-07-27,2014-07-27 16:40:00,Collingwood,Adelaide,MCG,82,98,-16,0.0,False,1.84,1.97
2014-07-31,2014-07-31 18:10:00,Fremantle,Carlton,Domain Stadium,83,78,5,1.0,False,1.13,6.14
2014-08-01,2014-08-01 19:50:00,Sydney,Essendon,SCG,79,57,22,1.0,False,1.27,3.8
2014-08-02,2014-08-02 13:10:00,Adelaide,West Coast,Adelaide Oval,105,136,-31,0.0,False,1.18,4.93
2014-08-02,2014-08-02 16:40:00,Richmond,GWS Giants,MCG,89,62,27,1.0,False,1.09,7.38
2014-08-02,2014-08-02 19:40:00,Gold Coast,St Kilda,People First Stadium,117,64,53,1.0,False,1.42,2.87
2014-08-02,2014-08-02 19:40:00,North Melbourne,Geelong,Marvel Stadium,79,111,-32,0.0,False,2.23,1.65
2014-08-03,2014-08-03 13:10:00,Melbourne,Brisbane,Marvel Stadium,51,74,-23,0.0,False,1.72,2.13
2014-08-03,2014-08-03 15:20:00,Hawthorn,Western Bulldogs,UTAS Stadium,107,45,62,1.0,False,1.13,6.15
2014-08-03,2014-08-03 16:40:00,Collingwood,Port Adelaide,MCG,76,70,6,1.0,False,2.19,1.67
2014-08-08,2014-08-08 19:50:00,Richmond,Essendon,MCG,95,77,18,1.0,False,2.25,1.65
2014-08-09,2014-08-09 13:45:00,GWS Giants,North Melbourne,Manuka Oval,51,126,-75,0.0,False,5.51,1.15
2014-08-09,2014-08-09 14:10:00,Carlton,Gold Coast,Marvel Stadium,97,58,39,1.0,False,1.51,2.6
2014-08-09,2014-08-09 16:40:00,Hawthorn,Melbourne,MCG,115,65,50,1.0,False,1.03,14.03
2014-08-09,2014-08-09 19:10:00,Port Adelaide,Sydney,Adelaide Oval,58,84,-26,0.0,False,3.05,1.38
2014-08-09,2014-08-09 19:40:00,Geelong,Fremantle,GMHBA Stadium,81,79,2,1.0,False,1.46,2.75
2014-08-10,2014-08-10 13:10:00,Brisbane,Adelaide,Gabba,63,168,-105,0.0,False,2.89,1.43
2014-08-10,2014-08-10 14:40:00,West Coast,Collingwood,Domain Stadium,126,66,60,1.0,False,1.71,2.15
2014-08-10,2014-08-10 15:20:00,St Kilda,Western Bulldogs,Marvel Stadium,99,122,-23,0.0,False,3.45,1.32
2014-08-15,2014-08-15 19:50:00,Carlton,Geelong,Marvel Stadium,76,82,-6,0.0,False,2.74,1.45
2014-08-16,2014-08-16 13:45:00,Sydney,St Kilda,SCG,127,56,71,1.0,False,1.01,17.61
2014-08-16,2014-08-16 14:10:00,Gold Coast,Port Adelaide,People First Stadium,47,56,-9,0.0,False,3.16,1.36
2014-08-16,2014-08-16 16:40:00,Essendon,West Coast,Marvel Stadium,77,74,3,1.0,False,1.56,2.44
2014-08-16,2014-08-16 19:10:00,Adelaide,Richmond,Adelaide Oval,69,79,-10,0.0,False,1.46,2.71
2014-08-16,2014-08-16 19:40:00,Collingwood,Brisbane,MCG,56,123,-67,0.0,False,1.15,5.4
2014-08-17,2014-08-17 13:10:00,North Melbourne,Western Bulldogs,Marvel Stadium,111,61,50,1.0,False,1.35,3.22
2014-08-17,2014-08-17 14:40:00,Fremantle,Hawthorn,Domain Stadium,110,91,19,1.0,False,1.82,1.99
2014-08-17,2014-08-17 15:20:00,Melbourne,GWS Giants,MCG,34,98,-64,0.0,False,1.43,2.84
2014-08-22,2014-08-22 19:20:00,Port Adelaide,Carlton,Adelaide Oval,140,37,103,1.0,False,1.27,3.78
2014-08-23,2014-08-23 13:45:00,North Melbourne,Adelaide,Ninja Stadium,101,94,7,1.0,False,1.85,1.97
2014-08-23,2014-08-23 14:10:00,Essendon,Gold Coast,Marvel Stadium,108,89,19,1.0,False,1.16,5.31
2014-08-23,2014-08-23 16:40:00,GWS Giants,Collingwood,ENGIE Stadium,67,75,-8,0.0,False,2.36,1.59
2014-08-23,2014-08-23 17:40:00,West Coast,Melbourne,Domain Stadium,119,53,66,1.0,False,1.04,11.9
2014-08-23,2014-08-23 19:40:00,Hawthorn,Geelong,MCG,94,71,23,1.0,False,1.51,2.57
2014-08-24,2014-08-24 13:10:00,Brisbane,Fremantle,Gabba,48,106,-58,0.0,False,3.33,1.33
2014-08-24,2014-08-24 15:20:00,Western Bulldogs,Sydney,Marvel Stadium,67,130,-63,0.0,False,5.29,1.16
2014-08-24,2014-08-24 16:40:00,Richmond,St Kilda,MCG,98,72,26,1.0,False,1.11,6.86
2014-08-29,2014-08-29 19:50:00,Collingwood,Hawthorn,MCG,56,121,-65,0.0,False,9.05,1.07
2014-08-30,2014-08-30 13:10:00,Fremantle,Port Adelaide,Domain Stadium,105,97,8,1.0,False,1.46,2.72
2014-08-30,2014-08-30 14:45:00,Carlton,Essendon,MCG,90,90,0,0.5,False,3.06,1.38
2014-08-30,2014-08-30 16:40:00,Sydney,Richmond,Accor Stadium,65,68,-3,0.0,False,1.43,2.86
2014-08-30,2014-08-30 19:40:00,Geelong,Brisbane,GMHBA Stadium,143,81,62,1.0,False,1.1,7.65
2014-08-30,2014-08-30 19:40:00,North Melbourne,Melbourne,Marvel Stadium,123,93,30,1.0,False,1.08,8.03
2014-08-31,2014-08-31 13:10:00,Gold Coast,West Coast,People First Stadium,99,151,-52,0.0,False,2.36,1.59
2014-08-31,2014-08-31 14:50:00,Adelaide,St Kilda,Adelaide Oval,141,62,79,1.0,False,1.04,11.16
2014-08-31,2014-08-31 16:40:00,Western Bulldogs,GWS Giants,Marvel Stadium,109,115,-6,0.0,False,1.25,4.0
2014-09-05,2014-09-05 19:50:00,Hawthorn,Geelong,MCG,104,68,36,1.0,True,1.47,2.67
2014-09-06,2014-09-06 14:45:00,Sydney,Fremantle,Accor Stadium,93,69,24,1.0,True,1.39,3.04
2014-09-06,2014-09-06 19:15:00,North Melbourne,Essendon,MCG,93,81,12,1.0,True,1.68,2.19
2014-09-07,2014-09-07 14:50:00,Port Adelaide,Richmond,Adelaide Oval,132,75,57,1.0,True,1.41,2.88
2014-09-12,2014-09-12 19:50:00,Geelong,North Melbourne,MCG,92,98,-6,0.0,True,1.76,2.07
2014-09-13,2014-09-13 17:45:00,Fremantle,Port Adelaide,Domain Stadium,83,105,-22,0.0,True,1.59,2.34
2014-09-19,2014-09-19 19:50:00,Sydney,North Melbourne,Accor Stadium,136,65,71,1.0,True,1.21,4.39
2014-09-20,2014-09-20 16:45:00,Hawthorn,Port Adelaide,MCG,97,94,3,1.0,True,1.33,3.38
2014-09-27,2014-09-27 14:30:00,Sydney,Hawthorn,MCG,74,137,-63,0.0,True,1.57,2.41
2015-04-02,2015-04-02 19:20:00,Carlton,Richmond,MCG,78,105,-27,0.0,False,2.53,1.53
2015-04-04,2015-04-04 13:40:00,Melbourne,Gold Coast,MCG,115,89,26,1.0,False,2.97,1.41
2015-04-04,2015-04-04 16:35:00,Sydney,Essendon,Accor Stadium,72,60,12,1.0,False,1.31,3.49
2015-04-04,2015-04-04 18:20:00,Brisbane,Collingwood,Gabba,74,86,-12,0.0,False,1.48,2.67
2015-04-04,2015-04-04 19:20:00,Western Bulldogs,West Coast,Marvel Stadium,97,87,10,1.0,False,2.52,1.53
2015-04-05,2015-04-05 13:10:00,St Kilda,GWS Giants,Marvel Stadium,78,87,-9,0.0,False,3.43,1.32
2015-04-05,2015-04-05 14:50:00,Adelaide,North Melbourne,Adelaide Oval,140,63,77,1.0,False,1.7,2.14
2015-04-05,2015-04-05 16:40:00,Fremantle,Port Adelaide,Domain Stadium,75,68,7,1.0,False,1.67,2.22
2015-04-06,2015-04-06 15:20:00,Hawthorn,Geelong,MCG,123,61,62,1.0,False,1.36,3.16
2015-04-10,2015-04-10 18:10:00,West Coast,Carlton,Domain Stadium,131,62,69,1.0,False,1.53,2.54
2015-04-11,2015-04-11 13:45:00,Richmond,Western Bulldogs,MCG,66,85,-19,0.0,False,1.35,3.26
2015-04-11,2015-04-11 14:10:00,GWS Giants,Melbourne,Manuka Oval,101,56,45,1.0,False,1.45,2.77
2015-04-11,2015-04-11 16:35:00,Collingwood,Adelaide,Marvel Stadium,63,90,-27,0.0,False,2.95,1.41
2015-04-11,2015-04-11 19:10:00,Port Adelaide,Sydney,Adelaide Oval,44,92,-48,0.0,False,1.61,2.34
2015-04-11,2015-04-11 19:20:00,Gold Coast,St Kilda,People First Stadium,76,104,-28,0.0,False,1.19,4.85
2015-04-12,2015-04-12 13:10:00,Geelong,Fremantle,GMHBA Stadium,60,104,-44,0.0,False,2.26,1.65
2015-04-12,2015-04-12 15:20:00,Essendon,Hawthorn,MCG,78,76,2,1.0,False,4.65,1.2
2015-04-12,2015-04-12 16:40:00,North Melbourne,Brisbane,Marvel Stadium,133,51,82,1.0,False,1.14,5.78
2015-04-17,2015-04-17 19:50:00,Collingwood,St Kilda,MCG,140,66,74,1.0,False,1.4,2.98
2015-04-18,2015-04-18 13:40:00,Adelaide,Melbourne,Adelaide Oval,80,55,25,1.0,False,1.08,8.24
2015-04-18,2015-04-18 13:45:00,Carlton,Essendon,MCG,84,105,-21,0.0,False,3.83,1.27
2015-04-18,2015-04-18 16:35:00,Sydney,GWS Giants,SCG,111,90,21,1.0,False,1.16,5.4
2015-04-18,2015-04-18 19:20:00,Brisbane,Richmond,Gabba,58,137,-79,0.0,False,2.72,1.46
2015-04-18,2015-04-18 19:20:00,North Melbourne,Port Adelaide,Marvel Stadium,105,113,-8,0.0,False,1.9,1.9
2015-04-19,2015-04-19 13:10:00,Hawthorn,Western Bulldogs,UTAS Stadium,127,57,70,1.0,False,1.06,9.69
2015-04-19,2015-04-19 14:40:00,West Coast,Fremantle,Domain Stadium,81,111,-30,0.0,False,3.88,1.27
2015-04-19,2015-04-19 15:20:00,Geelong,Gold Coast,GMHBA Stadium,105,96,9,1.0,False,1.17,5.2
2015-04-24,2015-04-24 19:50:00,Richmond,Melbourne,MCG,51,83,-32,0.0,False,1.31,3.46
2015-04-25,2015-04-25 13:10:00,St Kilda,Carlton,Westpac Stadium,81,121,-40,0.0,False,3.14,1.36
2015-04-25,2015-04-25 14:40:00,Essendon,Collingwood,MCG,49,69,-20,0.0,False,1.41,2.91
2015-04-25,2015-04-25 17:40:00,GWS Giants,Gold Coast,Manuka Oval,119,53,66,1.0,False,1.39,2.97
2015-04-25,2015-04-25 18:45:00,Fremantle,Sydney,Domain Stadium,74,60,14,1.0,False,1.6,2.36
2015-04-25,2015-04-25 19:10:00,Port Adelaide,Hawthorn,Adelaide Oval,99,91,8,1.0,False,2.43,1.56
2015-04-26,2015-04-26 13:10:00,Brisbane,West Coast,Gabba,65,118,-53,0.0,False,2.7,1.46
2015-04-26,2015-04-26 15:20:00,Geelong,North Melbourne,GMHBA Stadium,67,83,-16,0.0,False,2.26,1.63
2015-04-26,2015-04-26 16:40:00,Western Bulldogs,Adelaide,Marvel Stadium,125,68,57,1.0,False,3.59,1.29
2015-05-01,2015-05-01 19:50:00,Carlton,Collingwood,MCG,45,120,-75,0.0,False,2.41,1.58
2015-05-02,2015-05-02 13:45:00,Richmond,Geelong,MCG,76,85,-9,0.0,False,1.63,2.28
2015-05-02,2015-05-02 14:10:00,Sydney,Western Bulldogs,SCG,73,77,-4,0.0,False,1.15,5.36
2015-05-02,2015-05-02 16:35:00,Gold Coast,Brisbane,People First Stadium,118,54,64,1.0,False,2.08,1.76
2015-05-02,2015-05-02 17:40:00,West Coast,GWS Giants,Domain Stadium,120,33,87,1.0,False,1.67,2.22
2015-05-02,2015-05-02 19:20:00,North Melbourne,Hawthorn,Marvel Stadium,70,130,-60,0.0,False,3.32,1.33
2015-05-03,2015-05-03 13:10:00,Melbourne,Fremantle,MCG,50,118,-68,0.0,False,5.2,1.17
2015-05-03,2015-05-03 15:20:00,St Kilda,Essendon,Marvel Stadium,80,82,-2,0.0,False,5.64,1.14
2015-05-03,2015-05-03 16:10:00,Adelaide,Port Adelaide,Adelaide Oval,91,115,-24,0.0,False,2.28,1.63
2015-05-08,2015-05-08 19:50:00,Collingwood,Geelong,MCG,59,100,-41,0.0,False,1.58,2.38
2015-05-09,2015-05-09 13:45:00,North Melbourne,Richmond,Ninja Stadium,109,74,35,1.0,False,1.59,2.35
2015-05-09,2015-05-09 14:10:00,Western Bulldogs,St Kilda,Marvel Stadium,87,94,-7,0.0,False,1.45,2.73
2015-05-09,2015-05-09 16:35:00,GWS Giants,Hawthorn,ENGIE Stadium,108,98,10,1.0,False,3.71,1.28
2015-05-09,2015-05-09 17:10:00,Gold Coast,Adelaide,People First Stadium,78,119,-41,0.0,False,5.24,1.17
2015-05-09,2015-05-09 18:10:00,Fremantle,Essendon,Domain Stadium,80,52,28,1.0,False,1.2,4.68
2015-05-09,2015-05-09 19:20:00,Melbourne,Sydney,MCG,50,88,-38,0.0,False,5.22,1.17
2015-05-10,2015-05-10 15:20:00,Carlton,Brisbane,Marvel Stadium,75,84,-9,0.0,False,1.31,3.53
2015-05-10,2015-05-10 16:10:00,Port Adelaide,West Coast,Adelaide Oval,68,78,-10,0.0,False,1.24,4.21
2015-05-15,2015-05-15 19:50:00,Essendon,North Melbourne,Marvel Stadium,82,93,-11,0.0,False,2.88,1.42
2015-05-16,2015-05-16 13:15:00,Adelaide,St Kilda,Adelaide Oval,119,73,46,1.0,False,1.22,4.36
2015-05-16,2015-05-16 14:10:00,Hawthorn,Melbourne,MCG,155,50,105,1.0,False,1.08,7.9
2015-05-16,2015-05-16 16:35:00,Carlton,GWS Giants,Marvel Stadium,57,135,-78,0.0,False,2.55,1.51
2015-05-16,2015-05-16 17:40:00,West Coast,Gold Coast,Domain Stadium,135,43,92,1.0,False,1.1,7.05
2015-05-16,2015-05-16 19:20:00,Sydney,Geelong,Accor Stadium,120,77,43,1.0,False,1.21,4.42
2015-05-17,2015-05-17 13:10:00,Western Bulldogs,Fremantle,Marvel Stadium,88,101,-13,0.0,False,3.81,1.27
2015-05-17,2015-05-17 15:20:00,Richmond,Collingwood,MCG,105,100,5,1.0,False,1.97,1.83
2015-05-17,2015-05-17 16:40:00,Brisbane,Port Adelaide,Gabba,102,65,37,1.0,False,4.61,1.2
2015-05-22,2015-05-22 19:50:00,Geelong,Carlton,Marvel Stadium,140,63,77,1.0,False,1.23,4.21
2015-05-23,2015-05-23 13:45:00,St Kilda,West Coast,Marvel Stadium,78,131,-53,0.0,False,5.03,1.18
2015-05-23,2015-05-23 14:10:00,GWS Giants,Adelaide,ENGIE Stadium,108,84,24,1.0,False,1.49,2.62
2015-05-23,2015-05-23 16:35:00,Gold Coast,Collingwood,People First Stadium,63,132,-69,0.0,False,3.7,1.29
2015-05-23,2015-05-23 17:40:00,Fremantle,North Melbourne,Domain Stadium,115,42,73,1.0,False,1.2,4.61
2015-05-23,2015-05-23 19:20:00,Hawthorn,Sydney,MCG,69,73,-4,0.0,False,1.49,2.65
2015-05-24,2015-05-24 13:10:00,Essendon,Brisbane,Marvel Stadium,136,78,58,1.0,False,1.22,4.39
2015-05-24,2015-05-24 15:20:00,Melbourne,Western Bulldogs,MCG,103,64,39,1.0,False,3.06,1.38
2015-05-24,2015-05-24 16:10:00,Port Adelaide,Richmond,Adelaide Oval,43,76,-33,0.0,False,1.34,3.3
2015-05-29,2015-05-29 19:50:00,Sydney,Carlton,SCG,122,62,60,1.0,False,1.02,15.07
2015-05-30,2015-05-30 13:40:00,Melbourne,Port Adelaide,Traeger Park,54,115,-61,0.0,False,2.74,1.46
2015-05-30,2015-05-30 13:45:00,Hawthorn,Gold Coast,UTAS Stadium,93,40,53,1.0,False,1.01,16.13
2015-05-30,2015-05-30 16:35:00,Western Bulldogs,GWS Giants,Marvel Stadium,113,68,45,1.0,False,2.64,1.49
2015-05-30,2015-05-30 19:10:00,Adelaide,Fremantle,Adelaide Oval,57,68,-11,0.0,False,3.58,1.3
2015-05-30,2015-05-30 19:25:00,Richmond,Essendon,MCG,72,59,13,1.0,False,1.78,2.04
2015-05-31,2015-05-31 13:10:00,Brisbane,St Kilda,Gabba,86,108,-22,0.0,False,1.63,2.28
2015-05-31,2015-05-31 14:40:00,West Coast,Geelong,Domain Stadium,120,64,56,1.0,False,1.45,2.75
2015-05-31,2015-05-31 15:20:00,Collingwood,North Melbourne,MCG,112,95,17,1.0,False,1.89,1.92
2015-06-05,2015-06-05 18:10:00,Fremantle,Richmond,Domain Stadium,70,97,-27,0.0,False,1.22,4.27
2015-06-06,2015-06-06 13:40:00,Carlton,Adelaide,MCG,90,99,-9,0.0,False,3.43,1.31
2015-06-06,2015-06-06 16:35:00,Gold Coast,Sydney,People First Stadium,41,93,-52,0.0,False,14.72,1.02
2015-06-06,2015-06-06 19:10:00,Port Adelaide,Western Bulldogs,Adelaide Oval,100,62,38,1.0,False,1.23,4.13
2015-06-06,2015-06-06 19:20:00,Essendon,Geelong,Marvel Stadium,53,122,-69,0.0,False,2.0,1.81
2015-06-07,2015-06-07 13:10:00,GWS Giants,Brisbane,ENGIE Stadium,97,67,30,1.0,False,1.08,7.65
2015-06-07,2015-06-07 15:20:00,North Melbourne,West Coast,Ninja Stadium,85,75,10,1.0,False,2.1,1.73
2015-06-07,2015-06-07 16:40:00,St Kilda,Hawthorn,Marvel Stadium,69,132,-63,0.0,False,12.71,1.02
2015-06-08,2015-06-08 15:20:00,Melbourne,Collingwood,MCG,85,110,-25,0.0,False,3.92,1.25
2015-06-12,2015-06-12 19:20:00,Port Adelaide,Geelong,Adelaide Oval,69,92,-23,0.0,False,1.44,2.79
2015-06-13,2015-06-13 13:40:00,Gold Coast,Fremantle,People First Stadium,46,53,-7,0.0,False,9.37,1.06
2015-06-13,2015-06-13 14:35:00,West Coast,Essendon,Domain Stadium,96,46,50,1.0,False,1.14,5.65
2015-06-13,2015-06-13 19:20:00,North Melbourne,Sydney,Marvel Stadium,75,91,-16,0.0,False,2.56,1.51
2015-06-14,2015-06-14 13:10:00,Collingwood,GWS Giants,MCG,119,77,42,1.0,False,1.65,2.25
2015-06-14,2015-06-14 16:40:00,St Kilda,Melbourne,Marvel Stadium,85,83,2,1.0,False,1.65,2.24
2015-06-18,2015-06-18 19:20:00,Adelaide,Hawthorn,Adelaide Oval,85,114,-29,0.0,False,2.99,1.4
2015-06-19,2015-06-19 19:50:00,Richmond,West Coast,MCG,70,90,-20,0.0,False,1.88,1.93
2015-06-20,2015-06-20 13:40:00,Carlton,Port Adelaide,MCG,110,106,4,1.0,False,3.21,1.35
2015-06-20,2015-06-20 19:20:00,Western Bulldogs,Brisbane,Marvel Stadium,146,74,72,1.0,False,1.29,3.68
2015-06-20,2015-06-20 19:35:00,GWS Giants,North Melbourne,ENGIE Stadium,61,117,-56,0.0,False,2.96,1.4
2015-06-21,2015-06-21 15:20:00,Geelong,Melbourne,GMHBA Stadium,89,113,-24,0.0,False,1.11,6.49
2015-06-25,2015-06-25 18:10:00,Fremantle,Collingwood,Domain Stadium,80,73,7,1.0,False,1.33,3.34
2015-06-26,2015-06-26 19:50:00,Sydney,Richmond,SCG,77,95,-18,0.0,False,1.34,3.31
2015-06-27,2015-06-27 13:40:00,Hawthorn,Essendon,MCG,114,76,38,1.0,False,1.06,9.26
2015-06-27,2015-06-27 16:35:00,Brisbane,Adelaide,Gabba,69,82,-13,0.0,False,3.55,1.3
2015-06-27,2015-06-27 19:20:00,St Kilda,Western Bulldogs,Marvel Stadium,56,62,-6,0.0,False,2.55,1.51
2015-06-28,2015-06-28 15:20:00,Carlton,Gold Coast,Marvel Stadium,103,69,34,1.0,False,1.42,2.88
2015-07-02,2015-07-02 19:20:00,Sydney,Port Adelaide,SCG,94,84,10,1.0,False,1.44,2.76
2015-07-03,2015-07-03 19:50:00,Collingwood,Hawthorn,MCG,91,101,-10,0.0,False,3.47,1.3
2015-07-04,2015-07-04 13:40:00,Richmond,GWS Giants,MCG,78,69,9,1.0,False,1.18,4.87
2015-07-04,2015-07-04 16:40:00,Gold Coast,North Melbourne,People First Stadium,125,70,55,1.0,False,3.8,1.27
2015-07-04,2015-07-04 19:10:00,Melbourne,West Coast,TIO Stadium,60,114,-54,0.0,False,4.53,1.2
2015-07-04,2015-07-04 19:30:00,Western Bulldogs,Carlton,Marvel Stadium,64,53,11,1.0,False,1.39,3.03
2015-07-05,2015-07-05 13:10:00,Essendon,St Kilda,Marvel Stadium,52,162,-110,0.0,False,1.7,2.14
2015-07-05,2015-07-05 14:40:00,Fremantle,Brisbane,Domain Stadium,84,48,36,1.0,False,1.03,11.65
2015-07-09,2015-07-09 19:20:00,Port Adelaide,Collingwood,Adelaide Oval,66,63,3,1.0,False,1.81,2.0
2015-07-10,2015-07-10 19:50:00,Richmond,Carlton,MCG,71,41,30,1.0,False,1.31,3.48
2015-07-11,2015-07-11 13:40:00,Essendon,Melbourne,MCG,69,60,9,1.0,False,2.64,1.48
2015-07-11,2015-07-11 16:35:00,Western Bulldogs,Gold Coast,Cazaly’s Stadium,95,73,22,1.0,False,1.65,2.25
2015-07-11,2015-07-11 17:40:00,West Coast,Adelaide,Domain Stadium,147,91,56,1.0,False,1.18,4.87
2015-07-11,2015-07-11 19:20:00,North Melbourne,Geelong,Marvel Stadium,120,79,41,1.0,False,2.03,1.79
2015-07-12,2015-07-12 13:10:00,GWS Giants,St Kilda,ENGIE Stadium,84,49,35,1.0,False,1.69,2.17
2015-07-12,2015-07-12 15:20:00,Hawthorn,Fremantle,UTAS Stadium,115,43,72,1.0,False,1.4,2.95
2015-07-12,2015-07-12 16:40:00,Brisbane,Sydney,Gabba,49,70,-21,0.0,False,5.69,1.14
2015-07-17,2015-07-17 19:50:00,North Melbourne,Essendon,Marvel Stadium,93,68,25,1.0,False,1.2,4.52
2015-07-18,2015-07-18 13:45:00,Geelong,Western Bulldogs,GMHBA Stadium,72,64,8,1.0,False,1.57,2.4
2015-07-18,2015-07-18 14:10:00,Gold Coast,GWS Giants,People First Stadium,79,94,-15,0.0,False,2.23,1.66
2015-07-18,2015-07-18 16:35:00,Collingwood,West Coast,Marvel Stadium,56,87,-31,0.0,False,2.45,1.55
2015-07-18,2015-07-18 17:40:00,Fremantle,Carlton,Domain Stadium,95,53,42,1.0,False,1.12,6.36
2015-07-18,2015-07-18 19:20:00,Sydney,Hawthorn,Accor Stadium,57,146,-89,0.0,False,2.43,1.56
2015-07-19,2015-07-19 13:10:00,Melbourne,Brisbane,MCG,60,36,24,1.0,False,1.61,2.32
2015-07-19,2015-07-19 14:50:00,Port Adelaide,Adelaide,Adelaide Oval,113,116,-3,0.0,False,1.57,2.41
2015-07-19,2015-07-19 16:40:00,St Kilda,Richmond,Marvel Stadium,73,89,-16,0.0,False,2.85,1.42
2015-07-24,2015-07-24 19:50:00,Carlton,Hawthorn,Marvel Stadium,35,173,-138,0.0,False,14.09,1.02
2015-07-25,2015-07-25 13:40:00,Adelaide,Gold Coast,Adelaide Oval,125,80,45,1.0,False,1.21,4.39
2015-07-25,2015-07-25 13:45:00,GWS Giants,Geelong,Manuka Oval,42,69,-27,0.0,False,1.78,2.03
2015-07-25,2015-07-25 16:35:00,Richmond,Fremantle,MCG,78,82,-4,0.0,False,1.77,2.04
2015-07-25,2015-07-25 19:20:00,Brisbane,North Melbourne,Gabba,38,110,-72,0.0,False,4.42,1.21
2015-07-25,2015-07-25 19:20:00,Essendon,Port Adelaide,Marvel Stadium,116,129,-13,0.0,False,3.37,1.32
2015-07-26,2015-07-26 13:10:00,Western Bulldogs,Collingwood,Marvel Stadium,104,86,18,1.0,False,2.21,1.67
2015-07-26,2015-07-26 14:40:00,West Coast,Sydney,Domain Stadium,103,51,52,1.0,False,1.29,3.61
2015-07-26,2015-07-26 15:20:00,Melbourne,St Kilda,MCG,46,83,-37,0.0,False,2.04,1.79
2015-07-31,2015-07-31 19:50:00,Hawthorn,Richmond,MCG,53,71,-18,0.0,False,1.17,5.03
2015-08-01,2015-08-01 13:45:00,Geelong,Brisbane,GMHBA Stadium,113,57,56,1.0,False,1.11,6.73
2015-08-01,2015-08-01 14:10:00,Collingwood,Melbourne,MCG,54,91,-37,0.0,False,1.32,3.36
2015-08-01,2015-08-01 16:35:00,Sydney,Adelaide,SCG,117,65,52,1.0,False,1.4,2.96
2015-08-01,2015-08-01 19:20:00,Carlton,North Melbourne,Marvel Stadium,54,118,-64,0.0,False,5.55,1.14
2015-08-01,2015-08-01 19:20:00,Gold Coast,West Coast,People First Stadium,83,83,0,0.5,False,8.22,1.08
2015-08-02,2015-08-02 12:40:00,Port Adelaide,St Kilda,Adelaide Oval,112,49,63,1.0,False,1.19,4.63
2015-08-02,2015-08-02 14:40:00,Fremantle,GWS Giants,Domain Stadium,84,63,21,1.0,False,1.2,4.41
2015-08-02,2015-08-02 15:20:00,Essendon,Western Bulldogs,Marvel Stadium,40,127,-87,0.0,False,2.84,1.42
2015-08-07,2015-08-07 19:20:00,Adelaide,Richmond,Adelaide Oval,88,52,36,1.0,False,2.13,1.71
2015-08-08,2015-08-08 13:45:00,Collingwood,Carlton,MCG,105,87,18,1.0,False,1.22,4.21
2015-08-08,2015-08-08 14:10:00,Western Bulldogs,Port Adelaide,Marvel Stadium,128,64,64,1.0,False,1.7,2.15
2015-08-08,2015-08-08 15:40:00,West Coast,Hawthorn,Domain Stadium,74,88,-14,0.0,False,2.4,1.56
2015-08-08,2015-08-08 16:35:00,Brisbane,Gold Coast,Gabba,100,114,-14,0.0,False,2.57,1.51
2015-08-08,2015-08-08 19:20:00,Geelong,Sydney,GMHBA Stadium,95,63,32,1.0,False,1.86,1.95
2015-08-09,2015-08-09 13:10:00,Melbourne,North Melbourne,MCG,92,127,-35,0.0,False,3.39,1.32
2015-08-09,2015-08-09 15:20:00,GWS Giants,Essendon,ENGIE Stadium,93,61,32,1.0,False,1.26,3.88
2015-08-09,2015-08-09 16:40:00,St Kilda,Fremantle,Marvel Stadium,59,96,-37,0.0,False,2.72,1.46
2015-08-14,2015-08-14 19:50:00,Sydney,Collingwood,SCG,87,76,11,1.0,False,1.35,3.24
2015-08-15,2015-08-15 13:45:00,Essendon,Adelaide,Marvel Stadium,59,171,-112,0.0,False,3.54,1.3
2015-08-15,2015-08-15 14:10:00,North Melbourne,St Kilda,Ninja Stadium,120,83,37,1.0,False,1.16,5.23
2015-08-15,2015-08-15 16:05:00,Port Adelaide,GWS Giants,Adelaide Oval,111,90,21,1.0,False,1.26,3.91
2015-08-15,2015-08-15 19:20:00,Brisbane,Carlton,Gabba,131,67,64,1.0,False,1.64,2.27
2015-08-15,2015-08-15 19:20:00,Geelong,Hawthorn,MCG,85,121,-36,0.0,False,4.17,1.23
2015-08-16,2015-08-16 13:10:00,Richmond,Gold Coast,MCG,138,55,83,1.0,False,1.12,6.34
2015-08-16,2015-08-16 14:40:00,Fremantle,West Coast,Domain Stadium,80,104,-24,0.0,False,1.64,2.26
2015-08-16,2015-08-16 15:20:00,Western Bulldogs,Melbourne,Marvel Stadium,153,55,98,1.0,False,1.22,4.28
2015-08-21,2015-08-21 19:50:00,Hawthorn,Port Adelaide,Marvel Stadium,86,108,-22,0.0,False,1.07,8.64
2015-08-22,2015-08-22 13:45:00,Collingwood,Richmond,MCG,56,147,-91,0.0,False,2.92,1.41
2015-08-22,2015-08-22 14:10:00,GWS Giants,Sydney,ENGIE Stadium,44,133,-89,0.0,False,2.53,1.52
2015-08-22,2015-08-22 16:35:00,Gold Coast,Essendon,People First Stadium,97,95,2,1.0,False,1.52,2.52
2015-08-22,2015-08-22 19:10:00,Adelaide,Brisbane,Adelaide Oval,131,44,87,1.0,False,1.07,8.81
2015-08-22,2015-08-22 19:20:00,St Kilda,Geelong,Marvel Stadium,97,97,0,0.5,False,4.4,1.21
2015-08-23,2015-08-23 13:10:00,North Melbourne,Fremantle,Marvel Stadium,94,83,11,1.0,False,1.66,2.23
2015-08-23,2015-08-23 14:40:00,West Coast,Western Bulldogs,Domain Stadium,162,85,77,1.0,False,1.3,3.56
2015-08-23,2015-08-23 15:20:00,Carlton,Melbourne,MCG,78,55,23,1.0,False,3.08,1.38
2015-08-28,2015-08-28 19:50:00,Geelong,Collingwood,MCG,62,110,-48,0.0,False,1.41,2.93
2015-08-29,2015-08-29 13:45:00,GWS Giants,Carlton,ENGIE Stadium,132,51,81,1.0,False,1.2,4.59
2015-08-29,2015-08-29 14:10:00,Hawthorn,Brisbane,UTAS Stadium,134,62,72,1.0,False,1.02,12.6
2015-08-29,2015-08-29 16:35:00,North Melbourne,Western Bulldogs,Marvel Stadium,73,96,-23,0.0,False,1.63,2.27
2015-08-29,2015-08-29 19:20:00,Essendon,Richmond,MCG,47,74,-27,0.0,False,6.35,1.12
2015-08-29,2015-08-29 19:20:00,Gold Coast,Port Adelaide,People First Stadium,51,88,-37,0.0,False,3.22,1.35
2015-08-30,2015-08-30 13:10:00,Adelaide,West Coast,Adelaide Oval,126,69,57,1.0,False,2.01,1.78
2015-08-30,2015-08-30 14:40:00,Fremantle,Melbourne,Domain Stadium,108,54,54,1.0,False,1.07,8.37
2015-08-30,2015-08-30 15:20:00,St Kilda,Sydney,Marvel Stadium,38,135,-97,0.0,False,4.16,1.23
2015-09-04,2015-09-04 19:50:00,Richmond,North Melbourne,Marvel Stadium,108,67,41,1.0,False,1.08,8.03
2015-09-05,2015-09-05 13:05:00,Geelong,Adelaide,GMHBA Stadium,119,80,39,1.0,False,2.16,1.69
2015-09-05,2015-09-05 13:45:00,Brisbane,Western Bulldogs,Gabba,130,122,8,1.0,False,4.24,1.22
2015-09-05,2015-09-05 15:20:00,Port Adelaide,Fremantle,Adelaide Oval,122,53,69,1.0,False,1.06,8.64
2015-09-05,2015-09-05 16:40:00,Hawthorn,Carlton,MCG,113,56,57,1.0,False,1.01,14.36
2015-09-05,2015-09-05 17:40:00,West Coast,St Kilda,Domain Stadium,125,30,95,1.0,False,1.04,10.33
2015-09-05,2015-09-05 19:25:00,Sydney,Gold Coast,SCG,127,64,63,1.0,False,1.04,10.57
2015-09-06,2015-09-06 13:10:00,Melbourne,GWS Giants,Marvel Stadium,103,77,26,1.0,False,2.35,1.59
2015-09-06,2015-09-06 15:20:00,Collingwood,Essendon,MCG,92,95,-3,0.0,False,1.28,3.65
2015-09-11,2015-09-11 18:20:00,West Coast,Hawthorn,Domain Stadium,96,64,32,1.0,True,2.39,1.57
2015-09-12,2015-09-12 13:10:00,Fremantle,Sydney,Domain Stadium,69,60,9,1.0,True,1.33,3.35
2015-09-12,2015-09-12 19:20:00,Western Bulldogs,Adelaide,MCG,102,109,-7,0.0,True,1.9,1.9
2015-09-13,2015-09-13 15:20:00,Richmond,North Melbourne,MCG,88,105,-17,0.0,True,1.58,2.38
2015-09-18,2015-09-18 19:50:00,Hawthorn,Adelaide,MCG,135,61,74,1.0,True,1.3,3.56
2015-09-19,2015-09-19 19:20:00,Sydney,North Melbourne,Accor Stadium,51,77,-26,0.0,True,1.62,2.3
2015-09-25,2015-09-25 18:20:00,Fremantle,Hawthorn,Domain Stadium,67,94,-27,0.0,True,2.25,1.65
2015-09-26,2015-09-26 17:45:00,West Coast,North Melbourne,Domain Stadium,80,55,25,1.0,True,1.19,4.74
2015-10-03,2015-10-03 14:30:00,West Coast,Hawthorn,MCG,61,107,-46,0.0,True,2.39,1.58
2016-03-24,2016-03-24 19:25:00,Richmond,Carlton,MCG,92,83,9,1.0,False,1.23,4.11
2016-03-26,2016-03-26 13:40:00,Melbourne,GWS Giants,MCG,80,78,2,1.0,False,2.45,1.55
2016-03-26,2016-03-26 15:35:00,Gold Coast,Essendon,People First Stadium,121,60,61,1.0,False,1.14,5.93
2016-03-26,2016-03-26 19:25:00,North Melbourne,Adelaide,Marvel Stadium,107,97,10,1.0,False,1.43,2.81
2016-03-26,2016-03-26 19:25:00,Sydney,Collingwood,SCG,133,53,80,1.0,False,1.58,2.37
2016-03-27,2016-03-27 13:10:00,Western Bulldogs,Fremantle,Marvel Stadium,103,38,65,1.0,False,1.62,2.28
2016-03-27,2016-03-27 14:50:00,Port Adelaide,St Kilda,Adelaide Oval,133,100,33,1.0,False,1.14,5.65
2016-03-27,2016-03-27 16:40:00,West Coast,Brisbane,Domain Stadium,166,102,64,1.0,False,1.03,11.96
2016-03-28,2016-03-28 15:20:00,Geelong,Hawthorn,MCG,116,86,30,1.0,False,2.12,1.71
2016-04-01,2016-04-01 19:50:00,Collingwood,Richmond,MCG,87,86,1,1.0,False,2.04,1.78
2016-04-02,2016-04-02 13:15:00,Adelaide,Port Adelaide,Adelaide Oval,144,86,58,1.0,False,1.94,1.86
2016-04-02,2016-04-02 14:10:00,Essendon,Melbourne,MCG,80,67,13,1.0,False,5.76,1.14
2016-04-02,2016-04-02 15:35:00,Brisbane,North Melbourne,Gabba,83,117,-34,0.0,False,3.82,1.27
2016-04-02,2016-04-02 16:40:00,Fremantle,Gold Coast,Domain Stadium,100,126,-26,0.0,False,1.23,4.14
2016-04-02,2016-04-02 19:25:00,St Kilda,Western Bulldogs,Marvel Stadium,36,93,-57,0.0,False,3.88,1.25
2016-04-03,2016-04-03 13:10:00,GWS Giants,Geelong,Manuka Oval,89,76,13,1.0,False,2.66,1.46
2016-04-03,2016-04-03 15:20:00,Hawthorn,West Coast,MCG,99,53,46,1.0,False,2.22,1.66
2016-04-03,2016-04-03 16:40:00,Carlton,Sydney,Marvel Stadium,71,131,-60,0.0,False,4.38,1.21
2016-04-08,2016-04-08 19:20:00,Port Adelaide,Essendon,Adelaide Oval,112,51,61,1.0,False,1.11,6.78
2016-04-09,2016-04-09 13:45:00,St Kilda,Collingwood,MCG,119,90,29,1.0,False,2.33,1.61
2016-04-09,2016-04-09 14:10:00,Richmond,Adelaide,Marvel Stadium,92,128,-36,0.0,False,1.89,1.93
2016-04-09,2016-04-09 16:35:00,Sydney,GWS Giants,SCG,93,68,25,1.0,False,1.39,3.01
2016-04-09,2016-04-09 17:40:00,West Coast,Fremantle,Domain Stadium,92,59,33,1.0,False,1.32,3.36
2016-04-09,2016-04-09 19:25:00,Gold Coast,Carlton,People First Stadium,95,41,54,1.0,False,1.15,5.5
2016-04-10,2016-04-10 13:10:00,North Melbourne,Melbourne,Ninja Stadium,136,131,5,1.0,False,1.13,6.03
2016-04-10,2016-04-10 15:20:00,Western Bulldogs,Hawthorn,Marvel Stadium,90,93,-3,0.0,False,2.05,1.77
2016-04-10,2016-04-10 16:40:00,Geelong,Brisbane,GMHBA Stadium,125,56,69,1.0,False,1.04,11.7
2016-04-15,2016-04-15 18:10:00,West Coast,Richmond,Domain Stadium,125,57,68,1.0,False,1.22,4.28
2016-04-16,2016-04-16 13:45:00,Essendon,Geelong,MCG,42,72,-30,0.0,False,10.34,1.04
2016-04-16,2016-04-16 14:10:00,Hawthorn,St Kilda,UTAS Stadium,87,84,3,1.0,False,1.1,7.08
2016-04-16,2016-04-16 16:35:00,Brisbane,Gold Coast,Gabba,107,94,13,1.0,False,3.04,1.38
2016-04-16,2016-04-16 19:10:00,Adelaide,Sydney,Adelaide Oval,113,103,10,1.0,False,1.94,1.86
2016-04-16,2016-04-16 19:25:00,Carlton,Western Bulldogs,Marvel Stadium,49,85,-36,0.0,False,7.53,1.09
2016-04-17,2016-04-17 13:10:00,GWS Giants,Port Adelaide,Manuka Oval,151,65,86,1.0,False,1.87,1.92
2016-04-17,2016-04-17 15:20:00,Collingwood,Melbourne,MCG,67,102,-35,0.0,False,1.39,3.0
2016-04-17,2016-04-17 16:40:00,North Melbourne,Fremantle,Marvel Stadium,132,101,31,1.0,False,1.23,4.15
2016-04-22,2016-04-22 19:50:00,Hawthorn,Adelaide,MCG,112,109,3,1.0,False,1.41,2.91
2016-04-23,2016-04-23 13:45:00,Sydney,West Coast,SCG,88,49,39,1.0,False,1.61,2.3
2016-04-23,2016-04-23 16:35:00,Gold Coast,North Melbourne,People First Stadium,81,119,-38,0.0,False,3.05,1.38
2016-04-23,2016-04-23 19:15:00,Port Adelaide,Geelong,Adelaide Oval,59,107,-48,0.0,False,2.16,1.7
2016-04-23,2016-04-23 19:25:00,Western Bulldogs,Brisbane,Marvel Stadium,120,67,53,1.0,False,1.12,6.37
2016-04-24,2016-04-24 13:10:00,St Kilda,GWS Giants,Marvel Stadium,79,126,-47,0.0,False,2.38,1.57
2016-04-24,2016-04-24 14:15:00,Fremantle,Carlton,Domain Stadium,68,72,-4,0.0,False,1.14,5.61
2016-04-24,2016-04-24 19:10:00,Melbourne,Richmond,MCG,129,96,33,1.0,False,2.19,1.68
2016-04-25,2016-04-25 15:20:00,Collingwood,Essendon,MCG,142,73,69,1.0,False,1.33,3.33
2016-04-29,2016-04-29 19:50:00,North Melbourne,Western Bulldogs,Marvel Stadium,61,45,16,1.0,False,1.8,2.01
2016-04-30,2016-04-30 13:40:00,Adelaide,Fremantle,Adelaide Oval,97,64,33,1.0,False,1.08,7.94
2016-04-30,2016-04-30 13:45:00,Melbourne,St Kilda,Marvel Stadium,96,135,-39,0.0,False,1.72,2.14
2016-04-30,2016-04-30 16:35:00,GWS Giants,Hawthorn,ENGIE Stadium,158,83,75,1.0,False,2.05,1.77
2016-04-30,2016-04-30 19:25:00,Geelong,Gold Coast,GMHBA Stadium,168,48,120,1.0,False,1.08,7.62
2016-04-30,2016-04-30 19:25:00,Richmond,Port Adelaide,MCG,59,94,-35,0.0,False,1.38,3.02
2016-05-01,2016-05-01 13:10:00,Brisbane,Sydney,Gabba,94,97,-3,0.0,False,5.11,1.17
2016-05-01,2016-05-01 14:40:00,West Coast,Collingwood,Domain Stadium,124,62,62,1.0,False,1.12,6.22
2016-05-01,2016-05-01 15:20:00,Carlton,Essendon,MCG,72,57,15,1.0,False,1.56,2.41
2016-05-06,2016-05-06 19:50:00,Richmond,Hawthorn,MCG,90,136,-46,0.0,False,4.12,1.24
2016-05-07,2016-05-07 13:45:00,Collingwood,Carlton,MCG,84,99,-15,0.0,False,1.54,2.47
2016-05-07,2016-05-07 14:10:00,Geelong,West Coast,GMHBA Stadium,123,79,44,1.0,False,1.5,2.58
2016-05-07,2016-05-07 16:35:00,Sydney,Essendon,SCG,135,54,81,1.0,False,1.02,14.38
2016-05-07,2016-05-07 17:10:00,Gold Coast,Melbourne,People First Stadium,87,160,-73,0.0,False,1.86,1.94
2016-05-07,2016-05-07 18:10:00,Fremantle,GWS Giants,Domain Stadium,77,95,-18,0.0,False,3.35,1.33
2016-05-07,2016-05-07 19:25:00,Western Bulldogs,Adelaide,Marvel Stadium,123,108,15,1.0,False,1.73,2.12
2016-05-08,2016-05-08 15:20:00,St Kilda,North Melbourne,Marvel Stadium,75,82,-7,0.0,False,3.53,1.3
2016-05-08,2016-05-08 16:10:00,Port Adelaide,Brisbane,Adelaide Oval,136,59,77,1.0,False,1.37,3.1
2016-05-13,2016-05-13 19:20:00,Adelaide,Geelong,Adelaide Oval,72,98,-26,0.0,False,1.89,1.91
2016-05-14,2016-05-14 13:45:00,Essendon,North Melbourne,Marvel Stadium,60,74,-14,0.0,False,10.13,1.05
2016-05-14,2016-05-14 14:10:00,Hawthorn,Fremantle,UTAS Stadium,116,75,41,1.0,False,1.09,7.31
2016-05-14,2016-05-14 16:35:00,GWS Giants,Gold Coast,ENGIE Stadium,149,58,91,1.0,False,1.05,10.34
2016-05-14,2016-05-14 19:25:00,Brisbane,Collingwood,Gabba,65,143,-78,0.0,False,1.71,2.13
2016-05-14,2016-05-14 19:25:00,Richmond,Sydney,MCG,101,100,1,1.0,False,3.55,1.3
2016-05-15,2016-05-15 13:10:00,Carlton,Port Adelaide,Marvel Stadium,93,91,2,1.0,False,2.36,1.58
2016-05-15,2016-05-15 14:40:00,West Coast,St Kilda,Domain Stadium,132,29,103,1.0,False,1.16,5.22
2016-05-15,2016-05-15 15:20:00,Melbourne,Western Bulldogs,MCG,82,114,-32,0.0,False,2.94,1.4
2016-05-20,2016-05-20 19:50:00,Hawthorn,Sydney,MCG,55,69,-14,0.0,False,1.81,1.99
2016-05-21,2016-05-21 13:45:00,Collingwood,Geelong,MCG,104,80,24,1.0,False,5.51,1.15
2016-05-21,2016-05-21 14:10:00,Gold Coast,Adelaide,People First Stadium,74,149,-75,0.0,False,11.45,1.03
2016-05-21,2016-05-21 16:05:00,Port Adelaide,West Coast,Adelaide Oval,86,94,-8,0.0,False,2.62,1.49
2016-05-21,2016-05-21 17:40:00,Fremantle,Richmond,Domain Stadium,45,83,-38,0.0,False,2.22,1.66
2016-05-21,2016-05-21 19:25:00,North Melbourne,Carlton,Marvel Stadium,113,46,67,1.0,False,1.24,4.07
2016-05-22,2016-05-22 13:10:00,Melbourne,Brisbane,MCG,131,68,63,1.0,False,1.16,5.13
2016-05-22,2016-05-22 15:20:00,GWS Giants,Western Bulldogs,ENGIE Stadium,98,73,25,1.0,False,1.39,3.01
2016-05-22,2016-05-22 16:40:00,St Kilda,Essendon,Marvel Stadium,109,63,46,1.0,False,1.18,4.84
2016-05-27,2016-05-27 19:50:00,Sydney,North Melbourne,SCG,91,65,26,1.0,False,1.41,2.93
2016-05-28,2016-05-28 13:40:00,Melbourne,Port Adelaide,Traeger Park,76,121,-45,0.0,False,2.02,1.79
2016-05-28,2016-05-28 13:45:00,Brisbane,Hawthorn,Gabba,87,135,-48,0.0,False,7.95,1.08
2016-05-28,2016-05-28 16:35:00,St Kilda,Fremantle,Marvel Stadium,101,67,34,1.0,False,1.3,3.6
2016-05-28,2016-05-28 19:10:00,Adelaide,GWS Giants,Adelaide Oval,107,85,22,1.0,False,1.92,1.88
2016-05-28,2016-05-28 19:25:00,Essendon,Richmond,MCG,67,105,-38,0.0,False,5.41,1.15
2016-05-29,2016-05-29 13:10:00,Carlton,Geelong,Marvel Stadium,104,85,19,1.0,False,7.61,1.09
2016-05-29,2016-05-29 14:40:00,West Coast,Gold Coast,Domain Stadium,132,55,77,1.0,False,1.02,14.33
2016-05-29,2016-05-29 15:20:00,Collingwood,Western Bulldogs,MCG,53,74,-21,0.0,False,2.79,1.44
2016-06-03,2016-06-03 19:50:00,North Melbourne,Richmond,Ninja Stadium,124,54,70,1.0,False,1.56,2.43
2016-06-04,2016-06-04 13:45:00,Hawthorn,Melbourne,MCG,82,64,18,1.0,False,1.24,3.97
2016-06-04,2016-06-04 14:10:00,Carlton,Brisbane,Marvel Stadium,102,64,38,1.0,False,1.25,3.88
2016-06-04,2016-06-04 16:35:00,Geelong,GWS Giants,GMHBA Stadium,98,88,10,1.0,False,1.5,2.58
2016-06-04,2016-06-04 17:40:00,Fremantle,Essendon,Domain Stadium,126,47,79,1.0,False,1.28,3.59
2016-06-04,2016-06-04 19:25:00,Gold Coast,Sydney,People First Stadium,41,79,-38,0.0,False,6.11,1.12
2016-06-05,2016-06-05 13:10:00,Collingwood,Port Adelaide,MCG,58,125,-67,0.0,False,1.95,1.84
2016-06-05,2016-06-05 15:20:00,Western Bulldogs,West Coast,Marvel Stadium,83,75,8,1.0,False,1.76,2.04
2016-06-05,2016-06-05 16:10:00,Adelaide,St Kilda,Adelaide Oval,133,45,88,1.0,False,1.15,5.47
2016-06-10,2016-06-10 19:50:00,Essendon,Hawthorn,Marvel Stadium,43,151,-108,0.0,False,12.24,1.03
2016-06-11,2016-06-11 13:10:00,Port Adelaide,Western Bulldogs,Adelaide Oval,97,100,-3,0.0,False,1.7,2.14
2016-06-11,2016-06-11 16:35:00,Brisbane,Fremantle,Gabba,64,147,-83,0.0,False,2.21,1.67
2016-06-11,2016-06-11 17:40:00,West Coast,Adelaide,Domain Stadium,76,105,-29,0.0,False,1.42,2.86
2016-06-11,2016-06-11 19:25:00,Geelong,North Melbourne,Marvel Stadium,105,74,31,1.0,False,1.89,1.9
2016-06-12,2016-06-12 13:10:00,St Kilda,Carlton,Marvel Stadium,110,78,32,1.0,False,2.48,1.54
2016-06-12,2016-06-12 15:20:00,Richmond,Gold Coast,MCG,114,97,17,1.0,False,1.17,5.0
2016-06-12,2016-06-12 16:40:00,GWS Giants,Sydney,ENGIE Stadium,105,63,42,1.0,False,1.99,1.81
2016-06-13,2016-06-13 15:20:00,Melbourne,Collingwood,MCG,104,58,46,1.0,False,1.61,2.31
2016-06-17,2016-06-17 19:50:00,North Melbourne,Hawthorn,Marvel Stadium,84,93,-9,0.0,False,3.41,1.32
2016-06-18,2016-06-18 13:40:00,Brisbane,West Coast,Gabba,82,131,-49,0.0,False,7.95,1.08
2016-06-18,2016-06-18 14:35:00,Fremantle,Port Adelaide,Domain Stadium,86,69,17,1.0,False,2.41,1.57
2016-06-18,2016-06-18 19:25:00,Western Bulldogs,Geelong,Marvel Stadium,43,100,-57,0.0,False,2.51,1.53
2016-06-19,2016-06-19 13:10:00,Sydney,Melbourne,SCG,86,31,55,1.0,False,1.23,4.1
2016-06-19,2016-06-19 16:40:00,Essendon,GWS Giants,Marvel Stadium,90,117,-27,0.0,False,12.72,1.02
2016-06-23,2016-06-23 19:20:00,Adelaide,North Melbourne,Adelaide Oval,100,67,33,1.0,False,1.27,3.77
2016-06-24,2016-06-24 19:50:00,Collingwood,Fremantle,MCG,85,37,48,1.0,False,1.83,1.96
2016-06-25,2016-06-25 13:40:00,Richmond,Brisbane,MCG,117,75,42,1.0,False,1.06,8.92
2016-06-25,2016-06-25 16:35:00,GWS Giants,Carlton,ENGIE Stadium,127,65,62,1.0,False,1.06,9.21
2016-06-25,2016-06-25 19:25:00,St Kilda,Geelong,Marvel Stadium,93,90,3,1.0,False,5.3,1.15
2016-06-26,2016-06-26 15:20:00,Hawthorn,Gold Coast,UTAS Stadium,86,60,26,1.0,False,1.04,9.61
2016-06-30,2016-06-30 18:10:00,West Coast,Essendon,Domain Stadium,130,52,78,1.0,False,1.01,15.93
2016-07-01,2016-07-01 19:20:00,Port Adelaide,Richmond,Adelaide Oval,94,56,38,1.0,False,1.35,3.22
2016-07-02,2016-07-02 13:40:00,Gold Coast,St Kilda,People First Stadium,108,68,40,1.0,False,1.82,1.98
2016-07-02,2016-07-02 16:35:00,Sydney,Western Bulldogs,SCG,79,83,-4,0.0,False,1.39,2.99
2016-07-02,2016-07-02 19:25:00,Carlton,Collingwood,MCG,45,57,-12,0.0,False,2.48,1.54
2016-07-03,2016-07-03 15:20:00,Melbourne,Adelaide,MCG,98,120,-22,0.0,False,3.59,1.29
2016-07-07,2016-07-07 19:20:00,Port Adelaide,Hawthorn,Adelaide Oval,79,101,-22,0.0,False,2.16,1.69
2016-07-08,2016-07-08 19:50:00,Geelong,Sydney,GMHBA Stadium,60,98,-38,0.0,False,1.37,3.1
2016-07-09,2016-07-09 13:40:00,GWS Giants,Collingwood,ENGIE Stadium,93,125,-32,0.0,False,1.1,6.84
2016-07-09,2016-07-09 16:35:00,Gold Coast,Brisbane,People First Stadium,139,113,26,1.0,False,1.19,4.73
2016-07-09,2016-07-09 19:10:00,Melbourne,Fremantle,TIO Stadium,87,55,32,1.0,False,1.51,2.53
2016-07-09,2016-07-09 19:25:00,Western Bulldogs,Richmond,Marvel Stadium,85,75,10,1.0,False,1.19,4.73
2016-07-10,2016-07-10 13:10:00,Carlton,Adelaide,MCG,47,107,-60,0.0,False,5.72,1.14
2016-07-10,2016-07-10 13:20:00,West Coast,North Melbourne,Domain Stadium,104,72,32,1.0,False,1.34,3.27
2016-07-10,2016-07-10 16:40:00,Essendon,St Kilda,Marvel Stadium,98,109,-11,0.0,False,6.15,1.12
2016-07-14,2016-07-14 19:20:00,Sydney,Hawthorn,SCG,70,75,-5,0.0,False,1.59,2.35
2016-07-15,2016-07-15 18:10:00,Fremantle,Geelong,Domain Stadium,61,78,-17,0.0,False,3.42,1.31
2016-07-16,2016-07-16 13:40:00,Richmond,Essendon,MCG,102,83,19,1.0,False,1.16,5.19
2016-07-16,2016-07-16 16:35:00,North Melbourne,Port Adelaide,Marvel Stadium,77,105,-28,0.0,False,1.39,2.95
2016-07-16,2016-07-16 19:10:00,Adelaide,Collingwood,Adelaide Oval,97,69,28,1.0,False,1.17,5.05
2016-07-16,2016-07-16 19:25:00,Western Bulldogs,Gold Coast,Cazaly’s Stadium,107,59,48,1.0,False,1.1,6.76
2016-07-17,2016-07-17 13:10:00,Carlton,West Coast,MCG,75,82,-7,0.0,False,5.15,1.16
2016-07-17,2016-07-17 15:20:00,St Kilda,Melbourne,Marvel Stadium,110,74,36,1.0,False,2.17,1.68
2016-07-17,2016-07-17 16:40:00,Brisbane,GWS Giants,Gabba,67,146,-79,0.0,False,7.38,1.09
2016-07-22,2016-07-22 19:50:00,Collingwood,North Melbourne,Marvel Stadium,84,124,-40,0.0,False,1.92,1.86
2016-07-23,2016-07-23 13:45:00,Sydney,Carlton,SCG,74,68,6,1.0,False,1.05,8.92
2016-07-23,2016-07-23 14:10:00,Gold Coast,Fremantle,People First Stadium,105,81,24,1.0,False,1.86,1.92
2016-07-23,2016-07-23 14:35:00,West Coast,Melbourne,Domain Stadium,66,60,6,1.0,False,1.15,5.3
2016-07-23,2016-07-23 19:25:00,Geelong,Adelaide,Marvel Stadium,85,55,30,1.0,False,1.87,1.92
2016-07-23,2016-07-23 19:25:00,Western Bulldogs,St Kilda,GMHBA Stadium,60,75,-15,0.0,False,1.35,3.21
2016-07-24,2016-07-24 13:10:00,Essendon,Brisbane,Marvel Stadium,91,128,-37,0.0,False,1.44,2.75
2016-07-24,2016-07-24 15:20:00,Hawthorn,Richmond,MCG,114,44,70,1.0,False,1.14,5.64
2016-07-24,2016-07-24 16:10:00,Port Adelaide,GWS Giants,Adelaide Oval,60,79,-19,0.0,False,2.16,1.69
2016-07-29,2016-07-29 19:50:00,Geelong,Western Bulldogs,GMHBA Stadium,103,78,25,1.0,False,1.23,4.12
2016-07-30,2016-07-30 13:45:00,GWS Giants,Richmond,Manuka Oval,111,23,88,1.0,False,1.07,8.06
2016-07-30,2016-07-30 14:10:00,Hawthorn,Carlton,UTAS Stadium,74,55,19,1.0,False,1.07,8.32
2016-07-30,2016-07-30 16:35:00,Collingwood,West Coast,MCG,91,72,19,1.0,False,2.03,1.77
2016-07-30,2016-07-30 19:25:00,Brisbane,Port Adelaide,Gabba,79,173,-94,0.0,False,5.8,1.13
2016-07-30,2016-07-30 19:25:00,North Melbourne,St Kilda,Marvel Stadium,85,62,23,1.0,False,1.47,2.65
2016-07-31,2016-07-31 13:10:00,Melbourne,Gold Coast,MCG,66,64,2,1.0,False,1.15,5.48
2016-07-31,2016-07-31 13:20:00,Fremantle,Sydney,Domain Stadium,47,137,-90,0.0,False,4.58,1.2
2016-07-31,2016-07-31 16:10:00,Adelaide,Essendon,Adelaide Oval,143,61,82,1.0,False,1.01,17.47
2016-08-05,2016-08-05 19:50:00,Richmond,Collingwood,MCG,92,77,15,1.0,False,3.25,1.34
2016-08-06,2016-08-06 13:45:00,Sydney,Port Adelaide,SCG,100,33,67,1.0,False,1.27,3.79
2016-08-06,2016-08-06 14:10:00,Melbourne,Hawthorn,MCG,110,81,29,1.0,False,4.38,1.21
2016-08-06,2016-08-06 16:35:00,Gold Coast,GWS Giants,People First Stadium,84,92,-8,0.0,False,7.22,1.09
2016-08-06,2016-08-06 19:10:00,Adelaide,Brisbane,Adelaide Oval,177,39,138,1.0,False,1.01,17.55
2016-08-06,2016-08-06 19:25:00,Western Bulldogs,North Melbourne,Marvel Stadium,61,47,14,1.0,False,2.23,1.65
2016-08-07,2016-08-07 13:10:00,Carlton,St Kilda,MCG,51,122,-71,0.0,False,2.34,1.6
2016-08-07,2016-08-07 14:40:00,Fremantle,West Coast,Domain Stadium,64,110,-46,0.0,False,5.21,1.16
2016-08-07,2016-08-07 15:20:00,Geelong,Essendon,Marvel Stadium,100,34,66,1.0,False,1.01,16.14
2016-08-12,2016-08-12 19:50:00,Western Bulldogs,Collingwood,Marvel Stadium,95,92,3,1.0,False,1.35,3.21
2016-08-13,2016-08-13 13:45:00,Brisbane,Carlton,Gabba,99,95,4,1.0,False,3.15,1.35
2016-08-13,2016-08-13 14:10:00,Hawthorn,North Melbourne,MCG,96,57,39,1.0,False,1.27,3.73
2016-08-13,2016-08-13 16:35:00,GWS Giants,West Coast,ENGIE Stadium,96,97,-1,0.0,False,1.27,3.73
2016-08-13,2016-08-13 19:10:00,Port Adelaide,Melbourne,Adelaide Oval,54,94,-40,0.0,False,1.44,2.78
2016-08-13,2016-08-13 19:25:00,St Kilda,Sydney,Marvel Stadium,76,146,-70,0.0,False,3.32,1.33
2016-08-14,2016-08-14 13:10:00,Essendon,Gold Coast,Marvel Stadium,75,69,6,1.0,False,3.04,1.38
2016-08-14,2016-08-14 14:40:00,Fremantle,Adelaide,Domain Stadium,70,142,-72,0.0,False,7.42,1.09
2016-08-14,2016-08-14 15:20:00,Richmond,Geelong,MCG,78,82,-4,0.0,False,5.51,1.15
2016-08-19,2016-08-19 18:10:00,West Coast,Hawthorn,Domain Stadium,92,67,25,1.0,False,1.76,2.05
2016-08-20,2016-08-20 13:45:00,North Melbourne,Sydney,Ninja Stadium,76,85,-9,0.0,False,3.47,1.31
2016-08-20,2016-08-20 14:10:00,Richmond,St Kilda,MCG,46,55,-9,0.0,False,2.31,1.62
2016-08-20,2016-08-20 16:35:00,GWS Giants,Fremantle,ENGIE Stadium,129,37,92,1.0,False,1.01,15.11
2016-08-20,2016-08-20 19:10:00,Port Adelaide,Adelaide,Adelaide Oval,94,109,-15,0.0,False,7.71,1.09
2016-08-20,2016-08-20 19:25:00,Collingwood,Gold Coast,Marvel Stadium,118,47,71,1.0,False,1.22,4.22
2016-08-21,2016-08-21 13:10:00,Carlton,Melbourne,MCG,78,58,20,1.0,False,4.3,1.22
2016-08-21,2016-08-21 15:20:00,Brisbane,Geelong,Gabba,69,129,-60,0.0,False,12.39,1.03
2016-08-21,2016-08-21 16:40:00,Essendon,Western Bulldogs,Marvel Stadium,53,93,-40,0.0,False,6.83,1.1
2016-08-26,2016-08-26 19:40:00,Adelaide,West Coast,Adelaide Oval,71,100,-29,0.0,False,1.26,3.85
2016-08-27,2016-08-27 13:45:00,Geelong,Melbourne,GMHBA Stadium,155,44,111,1.0,False,1.15,5.49
2016-08-27,2016-08-27 14:10:00,Essendon,Carlton,MCG,103,79,24,1.0,False,3.21,1.35
2016-08-27,2016-08-27 16:35:00,Sydney,Richmond,SCG,164,51,113,1.0,False,1.04,11.37
2016-08-27,2016-08-27 19:25:00,Gold Coast,Port Adelaide,People First Stadium,66,89,-23,0.0,False,2.77,1.44
2016-08-27,2016-08-27 19:25:00,North Melbourne,GWS Giants,Marvel Stadium,63,100,-37,0.0,False,2.7,1.46
2016-08-28,2016-08-28 13:10:00,St Kilda,Brisbane,Marvel Stadium,161,103,58,1.0,False,1.05,10.13
2016-08-28,2016-08-28 14:40:00,Fremantle,Western Bulldogs,Domain Stadium,69,49,20,1.0,False,2.85,1.44
2016-08-28,2016-08-28 15:20:00,Hawthorn,Collingwood,MCG,112,111,1,1.0,False,1.29,3.62
2016-09-08,2016-09-08 18:10:00,West Coast,Western Bulldogs,Domain Stadium,52,99,-47,0.0,True,1.26,3.89
2016-09-09,2016-09-09 19:50:00,Geelong,Hawthorn,MCG,85,83,2,1.0,True,1.62,2.3
2016-09-10,2016-09-10 15:20:00,Sydney,GWS Giants,Accor Stadium,55,91,-36,0.0,True,1.5,2.59
2016-09-10,2016-09-10 19:10:00,Adelaide,North Melbourne,Adelaide Oval,141,79,62,1.0,True,1.15,5.48
2016-09-16,2016-09-16 19:50:00,Hawthorn,Western Bulldogs,MCG,84,107,-23,0.0,True,1.55,2.46
2016-09-17,2016-09-17 19:25:00,Sydney,Adelaide,SCG,118,82,36,1.0,True,1.59,2.38
2016-09-23,2016-09-23 19:50:00,Geelong,Sydney,MCG,60,97,-37,0.0,True,1.66,2.23
2016-09-24,2016-09-24 17:15:00,GWS Giants,Western Bulldogs,ENGIE Stadium,83,89,-6,0.0,True,1.38,3.04
2016-10-01,2016-10-01 14:30:00,Sydney,Western Bulldogs,MCG,67,89,-22,0.0,True,1.51,2.6
2017-03-23,2017-03-23 19:20:00,Carlton,Richmond,MCG,89,132,-43,0.0,False,2.9,1.42
2017-03-24,2017-03-24 19:50:00,Collingwood,Western Bulldogs,MCG,86,100,-14,0.0,False,2.88,1.41
2017-03-25,2017-03-25 16:35:00,St Kilda,Melbourne,Marvel Stadium,90,120,-30,0.0,False,1.65,2.25
2017-03-25,2017-03-25 16:35:00,Sydney,Port Adelaide,SCG,82,110,-28,0.0,False,1.28,3.7
2017-03-25,2017-03-25 19:05:00,Gold Coast,Brisbane,People First Stadium,96,98,-2,0.0,False,1.28,3.67
2017-03-25,2017-03-25 19:25:00,Essendon,Hawthorn,MCG,116,91,25,1.0,False,3.16,1.36
2017-03-26,2017-03-26 13:10:00,North Melbourne,West Coast,Marvel Stadium,93,136,-43,0.0,False,3.4,1.32
2017-03-26,2017-03-26 14:50:00,Adelaide,GWS Giants,Adelaide Oval,147,91,56,1.0,False,2.25,1.65
2017-03-26,2017-03-26 16:40:00,Fremantle,Geelong,Domain Stadium,73,115,-42,0.0,False,2.23,1.66
2017-03-30,2017-03-30 19:20:00,Richmond,Collingwood,MCG,99,80,19,1.0,False,2.14,1.71
2017-03-31,2017-03-31 19:50:00,Western Bulldogs,Sydney,Marvel Stadium,110,87,23,1.0,False,1.39,3.01
2017-04-01,2017-04-01 13:45:00,Hawthorn,Adelaide,MCG,89,113,-24,0.0,False,2.04,1.78
2017-04-01,2017-04-01 16:35:00,GWS Giants,Gold Coast,ENGIE Stadium,160,58,102,1.0,False,1.12,6.37
2017-04-01,2017-04-01 16:40:00,West Coast,St Kilda,Domain Stadium,116,97,19,1.0,False,1.14,5.63
2017-04-01,2017-04-01 18:25:00,Brisbane,Essendon,Gabba,84,111,-27,0.0,False,2.9,1.41
2017-04-02,2017-04-02 13:10:00,Geelong,North Melbourne,Marvel Stadium,112,111,1,1.0,False,1.18,4.86
2017-04-02,2017-04-02 15:20:00,Melbourne,Carlton,MCG,86,64,22,1.0,False,1.21,4.35
2017-04-02,2017-04-02 16:10:00,Port Adelaide,Fremantle,Adelaide Oval,145,56,89,1.0,False,1.21,4.5
2017-04-07,2017-04-07 19:50:00,Sydney,Collingwood,SCG,79,80,-1,0.0,False,1.45,2.74
2017-04-08,2017-04-08 13:45:00,North Melbourne,GWS Giants,Ninja Stadium,67,109,-42,0.0,False,4.31,1.22
2017-04-08,2017-04-08 14:10:00,Richmond,West Coast,MCG,76,65,11,1.0,False,2.56,1.51
2017-04-08,2017-04-08 16:35:00,Geelong,Melbourne,Marvel Stadium,126,97,29,1.0,False,1.4,2.96
2017-04-08,2017-04-08 17:40:00,Fremantle,Western Bulldogs,Domain Stadium,89,73,16,1.0,False,4.88,1.18
2017-04-08,2017-04-08 19:10:00,Port Adelaide,Adelaide,Adelaide Oval,83,100,-17,0.0,False,2.32,1.61
2017-04-09,2017-04-09 13:10:00,St Kilda,Brisbane,Marvel Stadium,107,76,31,1.0,False,1.15,5.44
2017-04-09,2017-04-09 15:20:00,Carlton,Essendon,MCG,57,42,15,1.0,False,3.23,1.35
2017-04-09,2017-04-09 16:40:00,Gold Coast,Hawthorn,People First Stadium,139,53,86,1.0,False,3.06,1.38
2017-04-13,2017-04-13 18:10:00,West Coast,Sydney,Domain Stadium,91,65,26,1.0,False,1.36,3.15
2017-04-14,2017-04-14 16:20:00,North Melbourne,Western Bulldogs,Marvel Stadium,86,89,-3,0.0,False,3.54,1.3
2017-04-15,2017-04-15 13:45:00,Melbourne,Fremantle,MCG,104,106,-2,0.0,False,1.35,3.19
2017-04-15,2017-04-15 16:35:00,GWS Giants,Port Adelaide,Manuka Oval,112,81,31,1.0,False,1.37,3.09
2017-04-15,2017-04-15 19:10:00,Adelaide,Essendon,Adelaide Oval,153,88,65,1.0,False,1.16,5.29
2017-04-15,2017-04-15 19:25:00,Carlton,Gold Coast,Marvel Stadium,82,108,-26,0.0,False,2.05,1.77
2017-04-16,2017-04-16 15:20:00,Collingwood,St Kilda,Marvel Stadium,55,69,-14,0.0,False,1.62,2.29
2017-04-16,2017-04-16 16:40:00,Brisbane,Richmond,Gabba,67,119,-52,0.0,False,3.17,1.35
2017-04-17,2017-04-17 15:20:00,Hawthorn,Geelong,MCG,48,134,-86,0.0,False,2.87,1.42
2017-04-21,2017-04-21 19:20:00,Port Adelaide,Carlton,Adelaide Oval,137,47,90,1.0,False,1.06,8.97
2017-04-22,2017-04-22 11:45:00,Western Bulldogs,Brisbane,Marvel Stadium,122,90,32,1.0,False,1.05,10.23
2017-04-22,2017-04-22 16:35:00,Gold Coast,Adelaide,People First Stadium,86,153,-67,0.0,False,4.17,1.23
2017-04-22,2017-04-22 17:40:00,Fremantle,North Melbourne,Domain Stadium,67,62,5,1.0,False,1.61,2.31
2017-04-22,2017-04-22 19:25:00,Sydney,GWS Giants,SCG,63,105,-42,0.0,False,2.55,1.51
2017-04-23,2017-04-23 15:20:00,St Kilda,Geelong,Marvel Stadium,88,126,-38,0.0,False,2.57,1.5
2017-04-23,2017-04-23 16:40:00,Hawthorn,West Coast,MCG,125,75,50,1.0,False,2.74,1.46
2017-04-24,2017-04-24 19:25:00,Richmond,Melbourne,MCG,88,75,13,1.0,False,1.68,2.18
2017-04-25,2017-04-25 15:20:00,Essendon,Collingwood,MCG,100,82,18,1.0,False,2.46,1.55
2017-04-28,2017-04-28 19:50:00,GWS Giants,Western Bulldogs,Manuka Oval,75,73,2,1.0,False,1.3,3.52
2017-04-29,2017-04-29 13:45:00,Hawthorn,St Kilda,UTAS Stadium,55,130,-75,0.0,False,1.82,2.0
2017-04-29,2017-04-29 14:10:00,Carlton,Sydney,MCG,97,78,19,1.0,False,3.7,1.28
2017-04-29,2017-04-29 16:35:00,Brisbane,Port Adelaide,Gabba,67,150,-83,0.0,False,5.57,1.15
2017-04-29,2017-04-29 18:10:00,West Coast,Fremantle,Domain Stadium,103,62,41,1.0,False,1.31,3.44
2017-04-29,2017-04-29 19:25:00,North Melbourne,Gold Coast,Marvel Stadium,107,94,13,1.0,False,1.43,2.82
2017-04-30,2017-04-30 13:10:00,Essendon,Melbourne,Marvel Stadium,74,112,-38,0.0,False,1.97,1.83
2017-04-30,2017-04-30 15:20:00,Geelong,Collingwood,MCG,78,107,-29,0.0,False,1.28,3.67
2017-04-30,2017-04-30 16:10:00,Adelaide,Richmond,Adelaide Oval,140,64,76,1.0,False,1.16,5.24
2017-05-05,2017-05-05 19:50:00,St Kilda,GWS Giants,Marvel Stadium,108,85,23,1.0,False,2.73,1.46
2017-05-06,2017-05-06 13:45:00,North Melbourne,Adelaide,Ninja Stadium,145,86,59,1.0,False,5.58,1.15
2017-05-06,2017-05-06 14:10:00,Collingwood,Carlton,MCG,56,79,-23,0.0,False,1.33,3.28
2017-05-06,2017-05-06 16:05:00,Port Adelaide,West Coast,Adelaide Oval,87,97,-10,0.0,False,1.33,3.29
2017-05-06,2017-05-06 19:25:00,Gold Coast,Geelong,People First Stadium,124,99,25,1.0,False,2.63,1.49
2017-05-06,2017-05-06 19:25:00,Western Bulldogs,Richmond,Marvel Stadium,80,75,5,1.0,False,1.3,3.52
2017-05-07,2017-05-07 13:10:00,Sydney,Brisbane,SCG,135,81,54,1.0,False,1.08,7.41
2017-05-07,2017-05-07 14:40:00,Fremantle,Essendon,Domain Stadium,116,79,37,1.0,False,1.55,2.44
2017-05-07,2017-05-07 15:20:00,Melbourne,Hawthorn,MCG,91,94,-3,0.0,False,1.46,2.72
2017-05-12,2017-05-12 18:10:00,West Coast,Western Bulldogs,Domain Stadium,69,61,8,1.0,False,1.45,2.74
2017-05-13,2017-05-13 13:45:00,Hawthorn,Brisbane,UTAS Stadium,113,75,38,1.0,False,1.1,6.88
2017-05-13,2017-05-13 14:10:00,St Kilda,Carlton,Marvel Stadium,85,66,19,1.0,False,1.3,3.52
2017-05-13,2017-05-13 16:35:00,GWS Giants,Collingwood,ENGIE Stadium,102,99,3,1.0,False,1.21,4.39
2017-05-13,2017-05-13 19:10:00,Adelaide,Melbourne,Adelaide Oval,66,107,-41,0.0,False,1.13,5.88
2017-05-13,2017-05-13 19:25:00,Essendon,Geelong,MCG,110,93,17,1.0,False,3.35,1.32
2017-05-14,2017-05-14 13:10:00,Richmond,Fremantle,MCG,70,72,-2,0.0,False,1.41,2.89
2017-05-14,2017-05-14 16:40:00,North Melbourne,Sydney,Marvel Stadium,78,120,-42,0.0,False,1.71,2.14
2017-05-14,2017-05-14 17:20:00,Gold Coast,Port Adelaide,Jiangwan Sports Centre,38,110,-72,0.0,False,3.33,1.33
2017-05-19,2017-05-19 19:50:00,Geelong,Western Bulldogs,GMHBA Stadium,104,81,23,1.0,False,1.91,1.88
2017-05-20,2017-05-20 13:45:00,St Kilda,Sydney,Marvel Stadium,68,118,-50,0.0,False,1.95,1.85
2017-05-20,2017-05-20 16:35:00,GWS Giants,Richmond,ENGIE Stadium,78,75,3,1.0,False,1.25,3.94
2017-05-20,2017-05-20 17:25:00,Brisbane,Adelaide,Gabba,60,140,-80,0.0,False,9.4,1.05
2017-05-20,2017-05-20 19:25:00,Collingwood,Hawthorn,MCG,90,72,18,1.0,False,1.5,2.59
2017-05-21,2017-05-21 13:10:00,Essendon,West Coast,Marvel Stadium,125,64,61,1.0,False,2.35,1.59
2017-05-21,2017-05-21 14:40:00,Fremantle,Carlton,Domain Stadium,86,51,35,1.0,False,1.34,3.27
2017-05-21,2017-05-21 15:20:00,Melbourne,North Melbourne,MCG,90,104,-14,0.0,False,1.57,2.41
2017-05-25,2017-05-25 19:20:00,Geelong,Port Adelaide,GMHBA Stadium,81,79,2,1.0,False,1.68,2.18
2017-05-26,2017-05-26 19:50:00,Sydney,Hawthorn,SCG,75,81,-6,0.0,False,1.14,5.65
2017-05-27,2017-05-27 13:45:00,Western Bulldogs,St Kilda,Marvel Stadium,90,50,40,1.0,False,1.44,2.77
2017-05-27,2017-05-27 16:05:00,Melbourne,Gold Coast,Traeger Park,122,87,35,1.0,False,1.37,3.1
2017-05-27,2017-05-27 19:10:00,Adelaide,Fremantle,Adelaide Oval,143,43,100,1.0,False,1.15,5.43
2017-05-27,2017-05-27 19:25:00,Richmond,Essendon,MCG,81,66,15,1.0,False,1.76,2.06
2017-05-28,2017-05-28 13:10:00,Collingwood,Brisbane,MCG,129,84,45,1.0,False,1.06,8.54
2017-05-28,2017-05-28 14:40:00,West Coast,GWS Giants,Domain Stadium,90,98,-8,0.0,False,1.53,2.49
2017-05-28,2017-05-28 15:20:00,Carlton,North Melbourne,Marvel Stadium,96,113,-17,0.0,False,3.36,1.32
2017-06-01,2017-06-01 19:50:00,Port Adelaide,Hawthorn,Adelaide Oval,98,47,51,1.0,False,1.16,5.18
2017-06-02,2017-06-02 19:50:00,Geelong,Adelaide,GMHBA Stadium,96,74,22,1.0,False,2.1,1.72
2017-06-03,2017-06-03 13:45:00,Gold Coast,West Coast,People First Stadium,80,77,3,1.0,False,1.96,1.83
2017-06-03,2017-06-03 16:35:00,GWS Giants,Essendon,ENGIE Stadium,117,101,16,1.0,False,1.25,3.93
2017-06-03,2017-06-03 19:25:00,North Melbourne,Richmond,Marvel Stadium,66,101,-35,0.0,False,1.9,1.88
2017-06-04,2017-06-04 14:40:00,Fremantle,Collingwood,Domain Stadium,85,105,-20,0.0,False,2.05,1.76
2017-06-08,2017-06-08 19:20:00,Sydney,Western Bulldogs,SCG,88,42,46,1.0,False,1.74,2.07
2017-06-09,2017-06-09 19:20:00,Adelaide,St Kilda,Adelaide Oval,111,54,57,1.0,False,1.14,5.65
2017-06-10,2017-06-10 13:45:00,Hawthorn,Gold Coast,MCG,79,95,-16,0.0,False,1.92,1.87
2017-06-10,2017-06-10 16:35:00,Brisbane,Fremantle,Gabba,121,64,57,1.0,False,2.31,1.62
2017-06-10,2017-06-10 19:25:00,Essendon,Port Adelaide,Marvel Stadium,131,61,70,1.0,False,3.37,1.32
2017-06-11,2017-06-11 15:20:00,Carlton,GWS Giants,Marvel Stadium,71,70,1,1.0,False,4.15,1.23
2017-06-12,2017-06-12 15:20:00,Melbourne,Collingwood,MCG,104,100,4,1.0,False,1.57,2.39
2017-06-15,2017-06-15 18:10:00,West Coast,Geelong,Domain Stadium,83,70,13,1.0,False,2.2,1.67
2017-06-16,2017-06-16 19:50:00,North Melbourne,St Kilda,Marvel Stadium,72,89,-17,0.0,False,1.99,1.81
2017-06-17,2017-06-17 13:45:00,Richmond,Sydney,MCG,71,80,-9,0.0,False,1.95,1.84
2017-06-17,2017-06-17 16:05:00,Port Adelaide,Brisbane,Adelaide Oval,121,81,40,1.0,False,1.04,10.99
2017-06-17,2017-06-17 19:25:00,Gold Coast,Carlton,People First Stadium,73,83,-10,0.0,False,1.35,3.15
2017-06-18,2017-06-18 15:20:00,Western Bulldogs,Melbourne,Marvel Stadium,56,113,-57,0.0,False,1.63,2.25
2017-06-22,2017-06-22 19:50:00,Adelaide,Hawthorn,Adelaide Oval,82,96,-14,0.0,False,1.08,7.48
2017-06-23,2017-06-23 19:50:00,Sydney,Essendon,SCG,86,85,1,1.0,False,1.37,3.07
2017-06-24,2017-06-24 13:45:00,Collingwood,Port Adelaide,MCG,62,93,-31,0.0,False,1.95,1.83
2017-06-24,2017-06-24 16:35:00,Brisbane,GWS Giants,Gabba,86,146,-60,0.0,False,4.18,1.23
2017-06-24,2017-06-24 17:40:00,West Coast,Melbourne,Domain Stadium,96,99,-3,0.0,False,1.75,2.08
2017-06-24,2017-06-24 19:25:00,Western Bulldogs,North Melbourne,Marvel Stadium,107,106,1,1.0,False,1.59,2.34
2017-06-25,2017-06-25 13:10:00,Geelong,Fremantle,GMHBA Stadium,74,72,2,1.0,False,1.04,10.14
2017-06-25,2017-06-25 15:20:00,Richmond,Carlton,MCG,84,58,26,1.0,False,1.41,2.86
2017-06-25,2017-06-25 16:50:00,St Kilda,Gold Coast,Marvel Stadium,103,72,31,1.0,False,1.19,4.73
2017-06-30,2017-06-30 19:50:00,Melbourne,Sydney,MCG,50,85,-35,0.0,False,2.05,1.76
2017-07-01,2017-07-01 13:45:00,Western Bulldogs,West Coast,Marvel Stadium,80,87,-7,0.0,False,1.31,3.39
2017-07-01,2017-07-01 14:10:00,Carlton,Adelaide,MCG,77,89,-12,0.0,False,3.74,1.27
2017-07-01,2017-07-01 16:35:00,Gold Coast,North Melbourne,People First Stadium,118,99,19,1.0,False,1.54,2.48
2017-07-01,2017-07-01 19:10:00,Port Adelaide,Richmond,Adelaide Oval,63,76,-13,0.0,False,1.3,3.54
2017-07-01,2017-07-01 19:25:00,GWS Giants,Geelong,ENGIE Stadium,68,68,0,0.5,False,1.3,3.48
2017-07-02,2017-07-02 13:10:00,Essendon,Brisbane,Marvel Stadium,82,90,-8,0.0,False,1.08,7.35
2017-07-02,2017-07-02 14:40:00,Fremantle,St Kilda,Domain Stadium,80,89,-9,0.0,False,2.42,1.56
2017-07-02,2017-07-02 15:20:00,Hawthorn,Collingwood,MCG,118,94,24,1.0,False,2.25,1.63
2017-07-07,2017-07-07 19:50:00,Adelaide,Western Bulldogs,Adelaide Oval,104,45,59,1.0,False,1.31,3.41
2017-07-08,2017-07-08 13:45:00,Hawthorn,GWS Giants,UTAS Stadium,97,97,0,0.5,False,2.57,1.5
2017-07-08,2017-07-08 14:10:00,Collingwood,Essendon,MCG,80,117,-37,0.0,False,1.81,1.97
2017-07-08,2017-07-08 16:35:00,Sydney,Gold Coast,SCG,118,51,67,1.0,False,1.13,5.81
2017-07-08,2017-07-08 19:25:00,Brisbane,Geelong,Gabba,78,163,-85,0.0,False,4.11,1.23
2017-07-08,2017-07-08 19:25:00,St Kilda,Richmond,Marvel Stadium,138,71,67,1.0,False,2.28,1.62
2017-07-09,2017-07-09 13:10:00,North Melbourne,Fremantle,Marvel Stadium,82,86,-4,0.0,False,1.41,2.9
2017-07-09,2017-07-09 14:40:00,West Coast,Port Adelaide,Domain Stadium,88,120,-32,0.0,False,1.79,2.02
2017-07-09,2017-07-09 15:20:00,Carlton,Melbourne,MCG,82,90,-8,0.0,False,2.57,1.5
2017-07-14,2017-07-14 19:50:00,St Kilda,Essendon,Marvel Stadium,57,118,-61,0.0,False,1.78,2.02
2017-07-15,2017-07-15 13:45:00,Geelong,Hawthorn,MCG,88,85,3,1.0,False,1.36,3.13
2017-07-15,2017-07-15 14:10:00,Port Adelaide,North Melbourne,Adelaide Oval,127,57,70,1.0,False,1.12,6.19
2017-07-15,2017-07-15 16:35:00,Gold Coast,Collingwood,People First Stadium,88,103,-15,0.0,False,1.79,2.0
2017-07-15,2017-07-15 19:10:00,Melbourne,Adelaide,TIO Stadium,70,116,-46,0.0,False,3.29,1.33
2017-07-15,2017-07-15 19:25:00,GWS Giants,Sydney,ENGIE Stadium,83,96,-13,0.0,False,2.09,1.73
2017-07-16,2017-07-16 13:10:00,Richmond,Brisbane,Marvel Stadium,112,81,31,1.0,False,1.14,5.46
2017-07-16,2017-07-16 14:40:00,Fremantle,West Coast,Domain Stadium,44,74,-30,0.0,False,3.21,1.35
2017-07-16,2017-07-16 15:20:00,Carlton,Western Bulldogs,MCG,62,82,-20,0.0,False,2.38,1.57
2017-07-21,2017-07-21 19:50:00,Adelaide,Geelong,Adelaide Oval,91,70,21,1.0,False,1.52,2.53
2017-07-22,2017-07-22 13:45:00,Essendon,North Melbourne,Marvel Stadium,132,105,27,1.0,False,1.19,4.78
2017-07-22,2017-07-22 14:10:00,Melbourne,Port Adelaide,MCG,88,65,23,1.0,False,2.22,1.65
2017-07-22,2017-07-22 16:05:00,Western Bulldogs,Gold Coast,Cazaly’s Stadium,110,56,54,1.0,False,1.27,3.68
2017-07-22,2017-07-22 17:40:00,Fremantle,Hawthorn,Domain Stadium,48,100,-52,0.0,False,2.09,1.73
2017-07-22,2017-07-22 19:25:00,Sydney,St Kilda,SCG,101,59,42,1.0,False,1.21,4.36
2017-07-23,2017-07-23 13:10:00,Richmond,GWS Giants,MCG,64,45,19,1.0,False,2.24,1.64
2017-07-23,2017-07-23 15:20:00,Collingwood,West Coast,Marvel Stadium,93,85,8,1.0,False,1.87,1.92
2017-07-23,2017-07-23 16:40:00,Brisbane,Carlton,Gabba,112,82,30,1.0,False,1.97,1.81
2017-07-28,2017-07-28 19:50:00,Hawthorn,Sydney,MCG,72,66,6,1.0,False,2.73,1.45
2017-07-29,2017-07-29 13:45:00,North Melbourne,Melbourne,Ninja Stadium,76,72,4,1.0,False,3.07,1.37
2017-07-29,2017-07-29 14:10:00,GWS Giants,Fremantle,ENGIE Stadium,98,86,12,1.0,False,1.09,7.23
2017-07-29,2017-07-29 16:45:00,Port Adelaide,St Kilda,Adelaide Oval,63,61,2,1.0,False,1.16,5.15
2017-07-29,2017-07-29 19:25:00,Carlton,Geelong,Marvel Stadium,58,123,-65,0.0,False,3.71,1.27
2017-07-29,2017-07-29 19:25:00,Gold Coast,Richmond,People First Stadium,65,98,-33,0.0,False,2.83,1.42
2017-07-30,2017-07-30 13:10:00,Western Bulldogs,Essendon,Marvel Stadium,127,97,30,1.0,False,2.14,1.7
2017-07-30,2017-07-30 14:40:00,West Coast,Brisbane,Domain Stadium,113,45,68,1.0,False,1.07,8.25
2017-07-30,2017-07-30 15:20:00,Collingwood,Adelaide,MCG,103,103,0,0.5,False,2.59,1.5
2017-08-04,2017-08-04 19:50:00,Geelong,Sydney,GMHBA Stadium,61,107,-46,0.0,False,2.27,1.63
2017-08-05,2017-08-05 13:45:00,GWS Giants,Melbourne,Manuka Oval,97,62,35,1.0,False,1.66,2.21
2017-08-05,2017-08-05 14:10:00,Essendon,Carlton,MCG,84,76,8,1.0,False,1.22,4.25
2017-08-05,2017-08-05 16:35:00,Brisbane,Western Bulldogs,Gabba,89,103,-14,0.0,False,4.1,1.23
2017-08-05,2017-08-05 17:40:00,Fremantle,Gold Coast,Domain Stadium,90,67,23,1.0,False,1.54,2.47
2017-08-05,2017-08-05 19:25:00,North Melbourne,Collingwood,Marvel Stadium,57,111,-54,0.0,False,2.81,1.43
2017-08-06,2017-08-06 13:10:00,St Kilda,West Coast,Marvel Stadium,103,95,8,1.0,False,1.71,2.13
2017-08-06,2017-08-06 15:20:00,Richmond,Hawthorn,MCG,93,64,29,1.0,False,1.69,2.16
2017-08-06,2017-08-06 16:10:00,Adelaide,Port Adelaide,Adelaide Oval,130,46,84,1.0,False,1.51,2.54
2017-08-11,2017-08-11 19:50:00,Western Bulldogs,GWS Giants,Marvel Stadium,57,105,-48,0.0,False,2.2,1.66
2017-08-12,2017-08-12 13:45:00,Sydney,Fremantle,SCG,143,39,104,1.0,False,1.05,9.58
2017-08-12,2017-08-12 14:10:00,Geelong,Richmond,GMHBA Stadium,80,66,14,1.0,False,2.25,1.64
2017-08-12,2017-08-12 16:35:00,Brisbane,Gold Coast,Gabba,142,84,58,1.0,False,1.46,2.69
2017-08-12,2017-08-12 19:25:00,Essendon,Adelaide,Marvel Stadium,80,123,-43,0.0,False,3.7,1.27
2017-08-12,2017-08-12 19:40:00,West Coast,Carlton,Domain Stadium,100,83,17,1.0,False,1.12,6.21
2017-08-13,2017-08-13 13:10:00,Melbourne,St Kilda,MCG,96,72,24,1.0,False,1.57,2.43
2017-08-13,2017-08-13 15:20:00,Hawthorn,North Melbourne,UTAS Stadium,116,89,27,1.0,False,1.34,3.21
2017-08-13,2017-08-13 16:10:00,Port Adelaide,Collingwood,Adelaide Oval,98,71,27,1.0,False,1.35,3.16
2017-08-18,2017-08-18 19:20:00,Adelaide,Sydney,Adelaide Oval,80,83,-3,0.0,False,1.61,2.3
2017-08-19,2017-08-19 13:45:00,Western Bulldogs,Port Adelaide,Mars Stadium,79,96,-17,0.0,False,1.9,1.88
2017-08-19,2017-08-19 14:10:00,Collingwood,Geelong,MCG,59,70,-11,0.0,False,2.57,1.5
2017-08-19,2017-08-19 16:35:00,GWS Giants,West Coast,ENGIE Stadium,81,60,21,1.0,False,1.19,4.74
2017-08-19,2017-08-19 19:25:00,Carlton,Hawthorn,Marvel Stadium,77,70,7,1.0,False,3.73,1.27
2017-08-19,2017-08-19 19:25:00,Gold Coast,Essendon,People First Stadium,57,90,-33,0.0,False,3.13,1.36
2017-08-20,2017-08-20 13:10:00,Melbourne,Brisbane,MCG,104,91,13,1.0,False,1.11,6.44
2017-08-20,2017-08-20 14:40:00,Fremantle,Richmond,Domain Stadium,51,155,-104,0.0,False,3.98,1.24
2017-08-20,2017-08-20 15:20:00,St Kilda,North Melbourne,Marvel Stadium,127,78,49,1.0,False,1.32,3.33
2017-08-25,2017-08-25 19:50:00,Hawthorn,Western Bulldogs,Marvel Stadium,99,90,9,1.0,False,1.89,1.91
2017-08-26,2017-08-26 13:45:00,Collingwood,Melbourne,MCG,99,83,16,1.0,False,3.1,1.37
2017-08-26,2017-08-26 14:10:00,Brisbane,North Melbourne,Gabba,79,130,-51,0.0,False,1.44,2.8
2017-08-26,2017-08-26 16:35:00,Sydney,Carlton,SCG,138,57,81,1.0,False,1.06,9.19
2017-08-26,2017-08-26 19:25:00,Geelong,GWS Giants,GMHBA Stadium,103,59,44,1.0,False,2.21,1.66
2017-08-26,2017-08-26 19:40:00,Port Adelaide,Gold Coast,Adelaide Oval,135,20,115,1.0,False,1.05,10.47
2017-08-27,2017-08-27 13:10:00,Essendon,Fremantle,Marvel Stadium,107,92,15,1.0,False,1.1,6.96
2017-08-27,2017-08-27 14:40:00,West Coast,Adelaide,Domain Stadium,100,71,29,1.0,False,1.87,1.93
2017-08-27,2017-08-27 15:20:00,Richmond,St Kilda,MCG,122,81,41,1.0,False,1.5,2.56
2017-09-07,2017-09-07 19:20:00,Adelaide,GWS Giants,Adelaide Oval,84,48,36,1.0,True,1.54,2.48
2017-09-08,2017-09-08 19:50:00,Geelong,Richmond,MCG,40,91,-51,0.0,True,1.79,2.01
2017-09-09,2017-09-09 16:20:00,Sydney,Essendon,SCG,121,56,65,1.0,True,1.16,5.24
2017-09-09,2017-09-09 19:20:00,Port Adelaide,West Coast,Adelaide Oval,76,78,-2,0.0,True,1.47,2.68
2017-09-15,2017-09-15 19:50:00,Geelong,Sydney,MCG,98,39,59,1.0,True,3.1,1.37
2017-09-16,2017-09-16 19:25:00,GWS Giants,West Coast,ENGIE Stadium,125,58,67,1.0,True,1.42,2.88
2017-09-22,2017-09-22 19:20:00,Adelaide,Geelong,Adelaide Oval,136,75,61,1.0,True,1.43,2.85
2017-09-23,2017-09-23 16:45:00,Richmond,GWS Giants,MCG,103,67,36,1.0,True,1.54,2.5
2017-09-30,2017-09-30 14:30:00,Adelaide,Richmond,MCG,60,108,-48,0.0,True,1.64,2.26
2018-03-22,2018-03-22 19:25:00,Richmond,Carlton,MCG,121,95,26,1.0,False,1.19,4.65
2018-03-23,2018-03-23 19:50:00,Essendon,Adelaide,Marvel Stadium,99,87,12,1.0,False,1.81,1.99
2018-03-24,2018-03-24 15:35:00,St Kilda,Brisbane,Marvel Stadium,107,82,25,1.0,False,1.33,3.29
2018-03-24,2018-03-24 16:05:00,Port Adelaide,Fremantle,Adelaide Oval,110,60,50,1.0,False,1.19,4.54
2018-03-24,2018-03-24 18:25:00,Gold Coast,North Melbourne,Cazaly’s Stadium,55,39,16,1.0,False,1.93,1.86
2018-03-24,2018-03-24 19:25:00,Hawthorn,Collingwood,MCG,101,67,34,1.0,False,1.74,2.08
2018-03-25,2018-03-25 12:10:00,GWS Giants,Western Bulldogs,Manuka Oval,133,51,82,1.0,False,1.32,3.34
2018-03-25,2018-03-25 15:20:00,Melbourne,Geelong,MCG,94,97,-3,0.0,False,1.71,2.15
2018-03-25,2018-03-25 16:20:00,West Coast,Sydney,Optus Stadium,86,115,-29,0.0,False,3.2,1.34
2018-03-29,2018-03-29 19:20:00,Adelaide,Richmond,Adelaide Oval,118,82,36,1.0,False,1.8,2.01
2018-03-30,2018-03-30 16:20:00,North Melbourne,St Kilda,Marvel Stadium,95,43,52,1.0,False,3.1,1.37
2018-03-31,2018-03-31 13:45:00,Carlton,Gold Coast,Marvel Stadium,67,101,-34,0.0,False,1.54,2.46
2018-03-31,2018-03-31 16:35:00,Collingwood,GWS Giants,MCG,79,95,-16,0.0,False,2.9,1.41
2018-03-31,2018-03-31 16:40:00,Fremantle,Essendon,Optus Stadium,106,90,16,1.0,False,2.49,1.53
2018-03-31,2018-03-31 18:25:00,Brisbane,Melbourne,Gabba,74,100,-26,0.0,False,3.33,1.32
2018-04-01,2018-04-01 15:20:00,Western Bulldogs,West Coast,Marvel Stadium,70,121,-51,0.0,False,1.68,2.18
2018-04-01,2018-04-01 16:40:00,Sydney,Port Adelaide,SCG,71,94,-23,0.0,False,1.44,2.76
2018-04-02,2018-04-02 15:20:00,Geelong,Hawthorn,MCG,117,118,-1,0.0,False,1.7,2.15
2018-04-06,2018-04-06 19:50:00,Carlton,Collingwood,MCG,76,100,-24,0.0,False,2.53,1.51
2018-04-07,2018-04-07 13:15:00,Port Adelaide,Brisbane,Adelaide Oval,97,92,5,1.0,False,1.06,9.45
2018-04-07,2018-04-07 14:10:00,Melbourne,North Melbourne,MCG,123,86,37,1.0,False,1.35,3.18
2018-04-07,2018-04-07 14:35:00,Gold Coast,Fremantle,Optus Stadium,68,96,-28,0.0,False,2.49,1.53
2018-04-07,2018-04-07 19:25:00,St Kilda,Adelaide,Marvel Stadium,55,104,-49,0.0,False,3.4,1.32
2018-04-07,2018-04-07 19:25:00,Sydney,GWS Giants,SCG,103,87,16,1.0,False,1.55,2.44
2018-04-08,2018-04-08 13:10:00,Richmond,Hawthorn,MCG,102,89,13,1.0,False,1.55,2.44
2018-04-08,2018-04-08 14:40:00,West Coast,Geelong,Optus Stadium,95,80,15,1.0,False,1.84,1.95
2018-04-08,2018-04-08 15:20:00,Western Bulldogs,Essendon,Marvel Stadium,104,83,21,1.0,False,3.26,1.34
2018-04-13,2018-04-13 19:20:00,Adelaide,Collingwood,Adelaide Oval,58,106,-48,0.0,False,1.18,4.84
2018-04-14,2018-04-14 13:45:00,GWS Giants,Fremantle,Manuka Oval,82,51,31,1.0,False,1.18,4.79
2018-04-14,2018-04-14 14:10:00,Richmond,Brisbane,MCG,110,17,93,1.0,False,1.1,7.0
2018-04-14,2018-04-14 16:35:00,Western Bulldogs,Sydney,Marvel Stadium,79,86,-7,0.0,False,3.63,1.28
2018-04-14,2018-04-14 18:10:00,West Coast,Gold Coast,Optus Stadium,139,59,80,1.0,False,1.16,5.12
2018-04-14,2018-04-14 19:25:00,North Melbourne,Carlton,Ninja Stadium,116,30,86,1.0,False,1.52,2.53
2018-04-15,2018-04-15 13:10:00,Essendon,Port Adelaide,Marvel Stadium,106,84,22,1.0,False,2.23,1.65
2018-04-15,2018-04-15 15:20:00,Hawthorn,Melbourne,MCG,115,48,67,1.0,False,2.14,1.7
2018-04-15,2018-04-15 16:40:00,Geelong,St Kilda,GMHBA Stadium,103,56,47,1.0,False,1.27,3.74
2018-04-20,2018-04-20 19:50:00,Sydney,Adelaide,SCG,75,85,-10,0.0,False,1.25,3.94
2018-04-21,2018-04-21 13:45:00,St Kilda,GWS Giants,Marvel Stadium,73,73,0,0.5,False,3.29,1.33
2018-04-21,2018-04-21 16:35:00,Carlton,West Coast,MCG,69,79,-10,0.0,False,5.1,1.16
2018-04-21,2018-04-21 18:10:00,Fremantle,Western Bulldogs,Optus Stadium,108,54,54,1.0,False,1.53,2.49
2018-04-21,2018-04-21 19:10:00,Port Adelaide,Geelong,Adelaide Oval,50,84,-34,0.0,False,1.47,2.66
2018-04-22,2018-04-22 15:20:00,North Melbourne,Hawthorn,Marvel Stadium,98,70,28,1.0,False,2.5,1.53
2018-04-22,2018-04-22 16:40:00,Brisbane,Gold Coast,Gabba,71,76,-5,0.0,False,1.71,2.12
2018-04-24,2018-04-24 19:25:00,Melbourne,Richmond,MCG,56,102,-46,0.0,False,2.54,1.51
2018-04-25,2018-04-25 15:20:00,Collingwood,Essendon,MCG,101,52,49,1.0,False,1.73,2.1
2018-04-27,2018-04-27 19:45:00,Western Bulldogs,Carlton,Marvel Stadium,80,59,21,1.0,False,1.43,2.78
2018-04-28,2018-04-28 13:45:00,Geelong,Sydney,GMHBA Stadium,69,86,-17,0.0,False,1.45,2.74
2018-04-28,2018-04-28 14:10:00,North Melbourne,Port Adelaide,Marvel Stadium,69,102,-33,0.0,False,2.17,1.68
2018-04-28,2018-04-28 16:35:00,GWS Giants,Brisbane,ENGIE Stadium,77,43,34,1.0,False,1.11,6.43
2018-04-28,2018-04-28 19:25:00,Hawthorn,St Kilda,UTAS Stadium,89,54,35,1.0,False,1.47,2.66
2018-04-28,2018-04-28 19:40:00,Adelaide,Gold Coast,Adelaide Oval,110,62,48,1.0,False,1.08,7.54
2018-04-29,2018-04-29 13:10:00,Essendon,Melbourne,Marvel Stadium,72,108,-36,0.0,False,2.1,1.73
2018-04-29,2018-04-29 14:40:00,Fremantle,West Coast,Optus Stadium,81,89,-8,0.0,False,2.27,1.63
2018-04-29,2018-04-29 15:20:00,Collingwood,Richmond,MCG,70,113,-43,0.0,False,2.68,1.46
2018-05-04,2018-05-04 19:50:00,Geelong,GWS Giants,GMHBA Stadium,93,32,61,1.0,False,1.39,3.05
2018-05-05,2018-05-05 13:45:00,Western Bulldogs,Gold Coast,Mars Stadium,81,72,9,1.0,False,1.22,4.21
2018-05-05,2018-05-05 14:10:00,Essendon,Hawthorn,MCG,67,90,-23,0.0,False,2.6,1.5
2018-05-05,2018-05-05 14:35:00,West Coast,Port Adelaide,Optus Stadium,102,60,42,1.0,False,1.78,2.04
2018-05-05,2018-05-05 19:10:00,Adelaide,Carlton,Adelaide Oval,125,70,55,1.0,False,1.03,11.76
2018-05-05,2018-05-05 19:25:00,Sydney,North Melbourne,SCG,66,68,-2,0.0,False,1.22,4.28
2018-05-06,2018-05-06 13:10:00,Richmond,Fremantle,MCG,110,33,77,1.0,False,1.13,6.04
2018-05-06,2018-05-06 15:20:00,St Kilda,Melbourne,Marvel Stadium,67,106,-39,0.0,False,2.89,1.41
2018-05-06,2018-05-06 16:40:00,Brisbane,Collingwood,Gabba,114,121,-7,0.0,False,3.37,1.32
2018-05-11,2018-05-11 19:50:00,Hawthorn,Sydney,MCG,71,79,-8,0.0,False,1.57,2.4
2018-05-12,2018-05-12 13:45:00,GWS Giants,West Coast,ENGIE Stadium,61,86,-25,0.0,False,1.49,2.61
2018-05-12,2018-05-12 14:10:00,Carlton,Essendon,MCG,91,78,13,1.0,False,2.92,1.4
2018-05-12,2018-05-12 16:10:00,Port Adelaide,Adelaide,Adelaide Oval,95,90,5,1.0,False,2.13,1.71
2018-05-12,2018-05-12 16:35:00,Gold Coast,Melbourne,Gabba,77,146,-69,0.0,False,3.71,1.28
2018-05-12,2018-05-12 19:25:00,Western Bulldogs,Brisbane,Marvel Stadium,107,93,14,1.0,False,1.41,2.89
2018-05-12,2018-05-12 20:10:00,Fremantle,St Kilda,Optus Stadium,89,59,30,1.0,False,1.45,2.78
2018-05-13,2018-05-13 13:10:00,North Melbourne,Richmond,Marvel Stadium,72,82,-10,0.0,False,3.57,1.29
2018-05-13,2018-05-13 15:20:00,Collingwood,Geelong,MCG,45,66,-21,0.0,False,2.3,1.62
2018-05-18,2018-05-18 19:20:00,Adelaide,Western Bulldogs,Adelaide Oval,63,26,37,1.0,False,1.3,3.52
2018-05-19,2018-05-19 13:15:00,Gold Coast,Port Adelaide,Jiangwan Sports Centre,42,82,-40,0.0,False,7.26,1.1
2018-05-19,2018-05-19 13:45:00,North Melbourne,GWS Giants,Ninja Stadium,112,69,43,1.0,False,1.46,2.74
2018-05-19,2018-05-19 16:45:00,Essendon,Geelong,MCG,84,50,34,1.0,False,4.94,1.18
2018-05-19,2018-05-19 19:25:00,St Kilda,Collingwood,Marvel Stadium,72,100,-28,0.0,False,3.84,1.27
2018-05-19,2018-05-19 19:25:00,Sydney,Fremantle,SCG,111,52,59,1.0,False,1.17,5.13
2018-05-20,2018-05-20 13:10:00,Carlton,Melbourne,MCG,50,159,-109,0.0,False,6.16,1.13
2018-05-20,2018-05-20 14:40:00,West Coast,Richmond,Optus Stadium,130,83,47,1.0,False,1.92,1.89
2018-05-20,2018-05-20 15:20:00,Brisbane,Hawthorn,Gabba,129,73,56,1.0,False,2.93,1.41
2018-05-25,2018-05-25 19:50:00,Collingwood,Western Bulldogs,Marvel Stadium,90,55,35,1.0,False,1.39,3.0
2018-05-26,2018-05-26 13:45:00,Richmond,St Kilda,MCG,105,77,28,1.0,False,1.1,7.06
2018-05-26,2018-05-26 16:35:00,Brisbane,Sydney,Gabba,49,67,-18,0.0,False,3.22,1.35
2018-05-26,2018-05-26 19:25:00,GWS Giants,Essendon,ENGIE Stadium,60,95,-35,0.0,False,1.38,3.02
2018-05-26,2018-05-26 19:25:00,Geelong,Carlton,GMHBA Stadium,73,45,28,1.0,False,1.07,8.86
2018-05-27,2018-05-27 13:10:00,Hawthorn,West Coast,Marvel Stadium,60,75,-15,0.0,False,2.14,1.71
2018-05-27,2018-05-27 14:40:00,Fremantle,North Melbourne,Optus Stadium,58,86,-28,0.0,False,1.88,1.91
2018-05-27,2018-05-27 14:50:00,Melbourne,Adelaide,Traeger Park,146,55,91,1.0,False,1.68,2.19
2018-06-01,2018-06-01 19:50:00,Sydney,Carlton,SCG,91,61,30,1.0,False,1.05,9.99
2018-06-02,2018-06-02 13:45:00,Western Bulldogs,Melbourne,Marvel Stadium,51,100,-49,0.0,False,5.36,1.16
2018-06-02,2018-06-02 14:10:00,Hawthorn,Port Adelaide,UTAS Stadium,64,61,3,1.0,False,1.98,1.81
2018-06-02,2018-06-02 16:35:00,Gold Coast,Geelong,People First Stadium,36,121,-85,0.0,False,3.38,1.32
2018-06-02,2018-06-02 18:10:00,West Coast,St Kilda,Optus Stadium,101,88,13,1.0,False,1.04,11.02
2018-06-02,2018-06-02 19:25:00,Essendon,Richmond,MCG,43,114,-71,0.0,False,3.17,1.36
2018-06-03,2018-06-03 13:10:00,North Melbourne,Brisbane,Marvel Stadium,141,87,54,1.0,False,1.23,4.19
2018-06-03,2018-06-03 15:20:00,Collingwood,Fremantle,MCG,138,77,61,1.0,False,1.13,6.13
2018-06-03,2018-06-03 16:10:00,Adelaide,GWS Giants,Adelaide Oval,81,97,-16,0.0,False,1.3,3.55
2018-06-08,2018-06-08 19:20:00,Port Adelaide,Richmond,Adelaide Oval,72,58,14,1.0,False,1.67,2.19
2018-06-09,2018-06-09 13:45:00,Geelong,North Melbourne,GMHBA Stadium,96,59,37,1.0,False,1.43,2.81
2018-06-09,2018-06-09 16:35:00,GWS Giants,Gold Coast,ENGIE Stadium,134,26,108,1.0,False,1.06,9.35
2018-06-09,2018-06-09 19:25:00,St Kilda,Sydney,Marvel Stadium,55,126,-71,0.0,False,4.46,1.2
2018-06-10,2018-06-10 13:10:00,Brisbane,Essendon,Gabba,62,84,-22,0.0,False,2.13,1.71
2018-06-10,2018-06-10 14:40:00,Fremantle,Adelaide,Optus Stadium,71,68,3,1.0,False,3.61,1.28
2018-06-11,2018-06-11 15:20:00,Melbourne,Collingwood,MCG,91,133,-42,0.0,False,1.52,2.53
2018-06-14,2018-06-14 19:20:00,Port Adelaide,Western Bulldogs,Adelaide Oval,132,75,57,1.0,False,1.1,6.94
2018-06-15,2018-06-15 19:50:00,Sydney,West Coast,SCG,72,57,15,1.0,False,1.49,2.63
2018-06-16,2018-06-16 13:45:00,Carlton,Fremantle,Marvel Stadium,46,103,-57,0.0,False,2.09,1.74
2018-06-16,2018-06-16 16:35:00,Gold Coast,St Kilda,People First Stadium,78,80,-2,0.0,False,2.46,1.55
2018-06-16,2018-06-16 19:25:00,Hawthorn,Adelaide,MCG,88,32,56,1.0,False,1.41,2.9
2018-06-17,2018-06-17 15:20:00,Geelong,Richmond,MCG,65,83,-18,0.0,False,2.39,1.58
2018-06-21,2018-06-21 18:10:00,West Coast,Essendon,Optus Stadium,52,80,-28,0.0,False,1.32,3.41
2018-06-22,2018-06-22 19:20:00,Port Adelaide,Melbourne,Adelaide Oval,75,65,10,1.0,False,1.66,2.22
2018-06-23,2018-06-23 13:45:00,Hawthorn,Gold Coast,UTAS Stadium,96,43,53,1.0,False,1.04,11.21
2018-06-23,2018-06-23 16:35:00,Brisbane,GWS Giants,Gabba,82,109,-27,0.0,False,3.46,1.31
2018-06-23,2018-06-23 19:25:00,Western Bulldogs,North Melbourne,Marvel Stadium,75,77,-2,0.0,False,3.85,1.26
2018-06-24,2018-06-24 15:20:00,Collingwood,Carlton,MCG,79,59,20,1.0,False,1.06,9.25
2018-06-28,2018-06-28 19:20:00,Richmond,Sydney,Marvel Stadium,93,67,26,1.0,False,1.53,2.5
2018-06-29,2018-06-29 19:50:00,Western Bulldogs,Geelong,Marvel Stadium,103,101,2,1.0,False,5.18,1.16
2018-06-30,2018-06-30 13:45:00,Carlton,Port Adelaide,MCG,69,90,-21,0.0,False,6.39,1.11
2018-06-30,2018-06-30 16:35:00,Adelaide,West Coast,Adelaide Oval,88,78,10,1.0,False,1.45,2.72
2018-06-30,2018-06-30 19:25:00,GWS Giants,Hawthorn,ENGIE Stadium,95,84,11,1.0,False,1.55,2.43
2018-06-30,2018-06-30 19:25:00,Gold Coast,Collingwood,People First Stadium,60,99,-39,0.0,False,7.17,1.09
2018-07-01,2018-07-01 13:10:00,Melbourne,St Kilda,MCG,117,119,-2,0.0,False,1.11,6.27
2018-07-01,2018-07-01 14:40:00,Fremantle,Brisbane,Optus Stadium,64,119,-55,0.0,False,1.28,3.62
2018-07-01,2018-07-01 15:20:00,Essendon,North Melbourne,Marvel Stadium,125,108,17,1.0,False,1.94,1.85
2018-07-05,2018-07-05 19:20:00,Sydney,Geelong,SCG,59,71,-12,0.0,False,1.67,2.18
2018-07-06,2018-07-06 19:50:00,Richmond,Adelaide,MCG,103,56,47,1.0,False,1.23,4.02
2018-07-07,2018-07-07 13:45:00,Brisbane,Carlton,Gabba,120,55,65,1.0,False,1.31,3.42
2018-07-07,2018-07-07 16:35:00,Port Adelaide,St Kilda,Adelaide Oval,86,50,36,1.0,False,1.1,6.35
2018-07-07,2018-07-07 19:10:00,Melbourne,Fremantle,TIO Stadium,102,48,54,1.0,False,1.08,7.43
2018-07-07,2018-07-07 19:25:00,Western Bulldogs,Hawthorn,Marvel Stadium,59,122,-63,0.0,False,2.87,1.4
2018-07-08,2018-07-08 13:10:00,North Melbourne,Gold Coast,Marvel Stadium,95,58,37,1.0,False,1.07,8.1
2018-07-08,2018-07-08 14:40:00,West Coast,GWS Giants,Optus Stadium,86,75,11,1.0,False,1.6,2.29
2018-07-08,2018-07-08 15:20:00,Essendon,Collingwood,MCG,62,78,-16,0.0,False,2.32,1.59
2018-07-12,2018-07-12 19:20:00,Adelaide,Geelong,Adelaide Oval,112,97,15,1.0,False,1.98,1.82
2018-07-13,2018-07-13 19:50:00,St Kilda,Carlton,Marvel Stadium,116,52,64,1.0,False,1.3,3.51
2018-07-14,2018-07-14 13:45:00,Hawthorn,Brisbane,UTAS Stadium,65,98,-33,0.0,False,1.22,4.24
2018-07-14,2018-07-14 16:35:00,Melbourne,Western Bulldogs,MCG,119,69,50,1.0,False,1.11,6.4
2018-07-14,2018-07-14 19:25:00,GWS Giants,Richmond,ENGIE Stadium,79,77,2,1.0,False,2.53,1.52
2018-07-14,2018-07-14 19:25:00,Gold Coast,Essendon,People First Stadium,51,95,-44,0.0,False,4.01,1.24
2018-07-15,2018-07-15 13:10:00,Collingwood,West Coast,MCG,67,102,-35,0.0,False,1.5,2.56
2018-07-15,2018-07-15 14:40:00,Fremantle,Port Adelaide,Optus Stadium,59,50,9,1.0,False,4.89,1.18
2018-07-15,2018-07-15 15:20:00,North Melbourne,Sydney,Marvel Stadium,98,104,-6,0.0,False,1.87,1.91
2018-07-20,2018-07-20 19:50:00,St Kilda,Richmond,Marvel Stadium,57,111,-54,0.0,False,5.23,1.15
2018-07-21,2018-07-21 13:45:00,Collingwood,North Melbourne,MCG,130,64,66,1.0,False,1.47,2.62
2018-07-21,2018-07-21 14:10:00,Sydney,Gold Coast,SCG,64,88,-24,0.0,False,1.02,12.27
2018-07-21,2018-07-21 16:35:00,Essendon,Fremantle,Marvel Stadium,99,70,29,1.0,False,1.11,6.07
2018-07-21,2018-07-21 19:25:00,Brisbane,Adelaide,Gabba,88,93,-5,0.0,False,2.27,1.62
2018-07-21,2018-07-21 19:25:00,Geelong,Melbourne,GMHBA Stadium,100,98,2,1.0,False,1.5,2.55
2018-07-22,2018-07-22 13:10:00,Carlton,Hawthorn,Marvel Stadium,52,124,-72,0.0,False,5.47,1.14
2018-07-22,2018-07-22 13:20:00,West Coast,Western Bulldogs,Optus Stadium,100,46,54,1.0,False,1.12,5.94
2018-07-22,2018-07-22 16:10:00,Port Adelaide,GWS Giants,Adelaide Oval,58,80,-22,0.0,False,1.59,2.32
2018-07-27,2018-07-27 19:50:00,Essendon,Sydney,Marvel Stadium,109,66,43,1.0,False,1.67,2.17
2018-07-28,2018-07-28 13:45:00,Richmond,Collingwood,MCG,105,77,28,1.0,False,1.35,3.19
2018-07-28,2018-07-28 14:10:00,Geelong,Brisbane,GMHBA Stadium,120,78,42,1.0,False,1.17,4.95
2018-07-28,2018-07-28 16:35:00,GWS Giants,St Kilda,ENGIE Stadium,86,61,25,1.0,False,1.12,6.12
2018-07-28,2018-07-28 19:10:00,Adelaide,Melbourne,Adelaide Oval,77,90,-13,0.0,False,1.69,2.15
2018-07-28,2018-07-28 19:25:00,Gold Coast,Carlton,People First Stadium,44,79,-35,0.0,False,1.33,3.27
2018-07-29,2018-07-29 13:10:00,North Melbourne,West Coast,Ninja Stadium,81,41,40,1.0,False,1.68,2.16
2018-07-29,2018-07-29 14:40:00,Fremantle,Hawthorn,Optus Stadium,53,112,-59,0.0,False,3.0,1.38
2018-07-29,2018-07-29 15:20:00,Western Bulldogs,Port Adelaide,Mars Stadium,34,78,-44,0.0,False,3.54,1.29
2018-08-03,2018-08-03 19:50:00,Richmond,Geelong,MCG,85,82,3,1.0,False,1.4,2.87
2018-08-04,2018-08-04 13:45:00,Hawthorn,Essendon,MCG,107,103,4,1.0,False,2.04,1.75
2018-08-04,2018-08-04 14:10:00,Brisbane,North Melbourne,Gabba,104,107,-3,0.0,False,1.71,2.1
2018-08-04,2018-08-04 16:35:00,Adelaide,Port Adelaide,Adelaide Oval,96,93,3,1.0,False,2.02,1.77
2018-08-04,2018-08-04 19:25:00,St Kilda,Western Bulldogs,Marvel Stadium,68,103,-35,0.0,False,1.56,2.39
2018-08-04,2018-08-04 19:25:00,Sydney,Collingwood,SCG,73,71,2,1.0,False,1.64,2.22
2018-08-05,2018-08-05 13:10:00,Carlton,GWS Giants,Marvel Stadium,46,151,-105,0.0,False,7.71,1.07
2018-08-05,2018-08-05 14:40:00,West Coast,Fremantle,Optus Stadium,142,84,58,1.0,False,1.16,5.12
2018-08-05,2018-08-05 15:20:00,Melbourne,Gold Coast,MCG,143,47,96,1.0,False,1.02,11.97
2018-08-10,2018-08-10 19:50:00,Essendon,St Kilda,Marvel Stadium,122,79,43,1.0,False,1.18,4.69
2018-08-11,2018-08-11 13:45:00,Hawthorn,Geelong,MCG,71,60,11,1.0,False,2.51,1.51
2018-08-11,2018-08-11 14:10:00,Gold Coast,Richmond,People First Stadium,51,125,-74,0.0,False,12.48,1.02
2018-08-11,2018-08-11 16:05:00,Port Adelaide,West Coast,Adelaide Oval,58,62,-4,0.0,False,1.39,2.95
2018-08-11,2018-08-11 19:25:00,Collingwood,Brisbane,Marvel Stadium,104,73,31,1.0,False,1.25,3.93
2018-08-11,2018-08-11 19:25:00,GWS Giants,Adelaide,Manuka Oval,106,92,14,1.0,False,1.47,2.64
2018-08-12,2018-08-12 13:10:00,North Melbourne,Western Bulldogs,Marvel Stadium,85,92,-7,0.0,False,1.29,3.51
2018-08-12,2018-08-12 14:40:00,Fremantle,Carlton,Optus Stadium,101,72,29,1.0,False,1.26,3.82
2018-08-12,2018-08-12 15:20:00,Melbourne,Sydney,MCG,78,87,-9,0.0,False,1.34,3.21
2018-08-17,2018-08-17 19:50:00,Richmond,Essendon,MCG,81,73,8,1.0,False,1.47,2.67
2018-08-18,2018-08-18 13:45:00,Collingwood,Port Adelaide,MCG,115,64,51,1.0,False,1.44,2.73
2018-08-18,2018-08-18 14:10:00,Geelong,Fremantle,GMHBA Stadium,158,25,133,1.0,False,1.05,9.4
2018-08-18,2018-08-18 16:35:00,GWS Giants,Sydney,ENGIE Stadium,60,80,-20,0.0,False,1.73,2.09
2018-08-18,2018-08-18 19:25:00,Gold Coast,Brisbane,People First Stadium,74,78,-4,0.0,False,4.19,1.22
2018-08-18,2018-08-18 19:25:00,St Kilda,Hawthorn,Marvel Stadium,76,80,-4,0.0,False,5.1,1.16
2018-08-19,2018-08-19 13:10:00,Carlton,Western Bulldogs,Marvel Stadium,49,66,-17,0.0,False,4.27,1.21
2018-08-19,2018-08-19 13:20:00,West Coast,Melbourne,Optus Stadium,91,108,-17,0.0,False,1.7,2.12
2018-08-19,2018-08-19 16:10:00,Adelaide,North Melbourne,Adelaide Oval,86,77,9,1.0,False,1.36,3.09
2018-08-24,2018-08-24 19:50:00,Port Adelaide,Essendon,Adelaide Oval,89,111,-22,0.0,False,1.6,2.3
2018-08-25,2018-08-25 13:45:00,Geelong,Gold Coast,GMHBA Stadium,142,40,102,1.0,False,1.01,14.79
2018-08-25,2018-08-25 13:45:00,Richmond,Western Bulldogs,MCG,98,95,3,1.0,False,1.09,6.89
2018-08-25,2018-08-25 16:35:00,Fremantle,Collingwood,Optus Stadium,67,76,-9,0.0,False,5.15,1.15
2018-08-25,2018-08-25 17:25:00,Carlton,Adelaide,Marvel Stadium,61,165,-104,0.0,False,5.25,1.14
2018-08-25,2018-08-25 19:25:00,Sydney,Hawthorn,SCG,74,83,-9,0.0,False,2.04,1.8
2018-08-26,2018-08-26 13:10:00,Brisbane,West Coast,Gabba,72,98,-26,0.0,False,2.2,1.66
2018-08-26,2018-08-26 15:20:00,Melbourne,GWS Giants,MCG,102,57,45,1.0,False,1.45,2.68
2018-08-26,2018-08-26 16:40:00,St Kilda,North Melbourne,Marvel Stadium,94,117,-23,0.0,False,3.15,1.35
2018-09-06,2018-09-06 19:20:00,Richmond,Hawthorn,MCG,95,64,31,1.0,True,1.43,2.82
2018-09-07,2018-09-07 19:50:00,Melbourne,Geelong,MCG,75,46,29,1.0,True,1.81,1.98
2018-09-08,2018-09-08 16:20:00,Sydney,GWS Giants,SCG,30,79,-49,0.0,True,1.94,1.86
2018-09-08,2018-09-08 18:10:00,West Coast,Collingwood,Optus Stadium,86,70,16,1.0,True,1.61,2.31
2018-09-14,2018-09-14 19:50:00,Hawthorn,Melbourne,MCG,71,104,-33,0.0,True,2.83,1.43
2018-09-15,2018-09-15 19:25:00,Collingwood,GWS Giants,MCG,69,59,10,1.0,True,1.57,2.41
2018-09-21,2018-09-21 19:50:00,Richmond,Collingwood,MCG,58,97,-39,0.0,True,1.39,2.98
2018-09-22,2018-09-22 13:20:00,West Coast,Melbourne,Optus Stadium,121,55,66,1.0,True,1.76,2.06
2018-09-29,2018-09-29 14:30:00,West Coast,Collingwood,MCG,79,74,5,1.0,True,2.24,1.67
2019-03-21,2019-03-21 19:20:00,Carlton,Richmond,MCG,64,97,-33,0.0,False,6.46,1.11
2019-03-22,2019-03-22 19:50:00,Collingwood,Geelong,MCG,65,72,-7,0.0,False,1.55,2.48
2019-03-23,2019-03-23 13:45:00,Melbourne,Port Adelaide,MCG,61,87,-26,0.0,False,1.19,4.76
2019-03-23,2019-03-23 16:05:00,Adelaide,Hawthorn,Adelaide Oval,55,87,-32,0.0,False,1.29,3.64
2019-03-23,2019-03-23 19:20:00,Brisbane,West Coast,Gabba,102,58,44,1.0,False,2.09,1.74
2019-03-23,2019-03-23 19:25:00,Western Bulldogs,Sydney,Marvel Stadium,82,65,17,1.0,False,2.52,1.52
2019-03-24,2019-03-24 13:10:00,St Kilda,Gold Coast,Marvel Stadium,85,84,1,1.0,False,1.23,4.15
2019-03-24,2019-03-24 15:20:00,Fremantle,North Melbourne,Optus Stadium,141,59,82,1.0,False,2.08,1.75
2019-03-24,2019-03-24 15:20:00,GWS Giants,Essendon,ENGIE Stadium,112,40,72,1.0,False,1.77,2.07
2019-03-28,2019-03-28 19:20:00,Richmond,Collingwood,MCG,66,110,-44,0.0,False,1.9,1.91
2019-03-29,2019-03-29 19:50:00,Sydney,Adelaide,SCG,62,88,-26,0.0,False,1.77,2.05
2019-03-30,2019-03-30 16:35:00,Essendon,St Kilda,Marvel Stadium,65,76,-11,0.0,False,1.36,3.21
2019-03-30,2019-03-30 16:40:00,Port Adelaide,Carlton,Adelaide Oval,88,72,16,1.0,False,1.18,4.96
2019-03-30,2019-03-30 17:10:00,West Coast,GWS Giants,Optus Stadium,104,52,52,1.0,False,1.48,2.68
2019-03-30,2019-03-30 19:25:00,Geelong,Melbourne,GMHBA Stadium,126,46,80,1.0,False,1.57,2.41
2019-03-31,2019-03-31 13:10:00,North Melbourne,Brisbane,Marvel Stadium,87,107,-20,0.0,False,1.81,2.0
2019-03-31,2019-03-31 15:20:00,Hawthorn,Western Bulldogs,MCG,87,106,-19,0.0,False,1.4,2.96
2019-03-31,2019-03-31 15:40:00,Gold Coast,Fremantle,People First Stadium,61,58,3,1.0,False,3.02,1.39
2019-04-04,2019-04-04 19:20:00,Adelaide,Geelong,Adelaide Oval,75,99,-24,0.0,False,2.04,1.78
2019-04-05,2019-04-05 19:50:00,Melbourne,Essendon,MCG,112,130,-18,0.0,False,1.45,2.78
2019-04-06,2019-04-06 13:45:00,Carlton,Sydney,Marvel Stadium,74,93,-19,0.0,False,2.73,1.46
2019-04-06,2019-04-06 16:35:00,GWS Giants,Richmond,ENGIE Stadium,125,76,49,1.0,False,1.53,2.54
2019-04-06,2019-04-06 18:25:00,Brisbane,Port Adelaide,Gabba,107,90,17,1.0,False,1.6,2.33
2019-04-06,2019-04-06 19:25:00,Collingwood,West Coast,MCG,76,98,-22,0.0,False,1.38,3.05
2019-04-07,2019-04-07 14:20:00,Western Bulldogs,Gold Coast,Marvel Stadium,68,73,-5,0.0,False,1.19,4.75
2019-04-07,2019-04-07 15:20:00,Fremantle,St Kilda,Optus Stadium,71,66,5,1.0,False,1.37,3.1
2019-04-07,2019-04-07 15:20:00,Hawthorn,North Melbourne,MCG,87,71,16,1.0,False,1.51,2.57
2019-04-11,2019-04-11 19:20:00,Sydney,Melbourne,SCG,78,100,-22,0.0,False,1.71,2.13
2019-04-12,2019-04-12 19:50:00,Collingwood,Western Bulldogs,MCG,78,64,14,1.0,False,1.28,3.68
2019-04-13,2019-04-13 13:45:00,Geelong,GWS Giants,GMHBA Stadium,75,79,-4,0.0,False,1.43,2.79
2019-04-13,2019-04-13 14:10:00,Essendon,Brisbane,MCG,112,65,47,1.0,False,1.75,2.07
2019-04-13,2019-04-13 16:05:00,Port Adelaide,Richmond,Adelaide Oval,92,99,-7,0.0,False,1.29,3.6
2019-04-13,2019-04-13 18:10:00,West Coast,Fremantle,Optus Stadium,69,56,13,1.0,False,1.12,6.03
2019-04-13,2019-04-13 19:25:00,North Melbourne,Adelaide,Marvel Stadium,71,59,12,1.0,False,1.84,1.95
2019-04-14,2019-04-14 14:40:00,Gold Coast,Carlton,People First Stadium,59,57,2,1.0,False,1.71,2.13
2019-04-14,2019-04-14 15:20:00,St Kilda,Hawthorn,Marvel Stadium,74,69,5,1.0,False,2.64,1.47
2019-04-18,2019-04-18 19:35:00,Brisbane,Collingwood,Gabba,61,123,-62,0.0,False,2.25,1.64
2019-04-19,2019-04-19 16:20:00,North Melbourne,Essendon,Marvel Stadium,58,116,-58,0.0,False,2.19,1.67
2019-04-19,2019-04-19 18:10:00,West Coast,Port Adelaide,Optus Stadium,53,95,-42,0.0,False,1.25,3.89
2019-04-20,2019-04-20 13:45:00,GWS Giants,Fremantle,Manuka Oval,82,106,-24,0.0,False,1.14,5.57
2019-04-20,2019-04-20 16:35:00,Melbourne,St Kilda,MCG,55,95,-40,0.0,False,1.42,2.88
2019-04-20,2019-04-20 19:25:00,Richmond,Sydney,Marvel Stadium,89,67,22,1.0,False,1.45,2.75
2019-04-21,2019-04-21 13:10:00,Western Bulldogs,Carlton,Marvel Stadium,57,101,-44,0.0,False,1.36,3.14
2019-04-21,2019-04-21 16:10:00,Adelaide,Gold Coast,Adelaide Oval,119,46,73,1.0,False,1.18,4.82
2019-04-22,2019-04-22 15:20:00,Hawthorn,Geelong,MCG,90,113,-23,0.0,False,2.65,1.48
2019-04-24,2019-04-24 19:35:00,Richmond,Melbourne,MCG,85,42,43,1.0,False,1.48,2.64
2019-04-25,2019-04-25 15:20:00,Essendon,Collingwood,MCG,69,73,-4,0.0,False,2.53,1.52
2019-04-26,2019-04-26 19:20:00,Port Adelaide,North Melbourne,Adelaide Oval,88,72,16,1.0,False,1.25,3.99
2019-04-27,2019-04-27 13:45:00,Gold Coast,Brisbane,People First Stadium,62,111,-49,0.0,False,2.91,1.4
2019-04-27,2019-04-27 16:35:00,St Kilda,Adelaide,Marvel Stadium,68,97,-29,0.0,False,1.8,2.01
2019-04-27,2019-04-27 18:10:00,Fremantle,Western Bulldogs,Optus Stadium,88,69,19,1.0,False,1.42,2.84
2019-04-27,2019-04-27 19:25:00,Sydney,GWS Giants,SCG,79,120,-41,0.0,False,2.97,1.39
2019-04-28,2019-04-28 15:20:00,Hawthorn,Carlton,UTAS Stadium,93,88,5,1.0,False,1.31,3.36
2019-04-28,2019-04-28 16:40:00,Geelong,West Coast,GMHBA Stadium,104,46,58,1.0,False,1.31,3.4
2019-05-03,2019-05-03 19:50:00,Collingwood,Port Adelaide,Marvel Stadium,108,69,39,1.0,False,1.31,3.47
2019-05-04,2019-05-04 13:45:00,GWS Giants,St Kilda,Manuka Oval,114,70,44,1.0,False,1.27,3.74
2019-05-04,2019-05-04 13:45:00,Melbourne,Hawthorn,MCG,79,74,5,1.0,False,2.18,1.68
2019-05-04,2019-05-04 16:35:00,Brisbane,Sydney,Gabba,103,81,22,1.0,False,1.39,2.97
2019-05-04,2019-05-04 18:10:00,West Coast,Gold Coast,Optus Stadium,80,57,23,1.0,False,1.06,9.05
2019-05-04,2019-05-04 19:25:00,Western Bulldogs,Richmond,Marvel Stadium,99,52,47,1.0,False,2.85,1.42
2019-05-05,2019-05-05 13:10:00,Carlton,North Melbourne,Marvel Stadium,62,120,-58,0.0,False,2.56,1.5
2019-05-05,2019-05-05 15:20:00,Geelong,Essendon,MCG,86,54,32,1.0,False,1.62,2.29
2019-05-05,2019-05-05 16:10:00,Adelaide,Fremantle,Adelaide Oval,51,34,17,1.0,False,1.32,3.38
2019-05-10,2019-05-10 19:50:00,Sydney,Essendon,SCG,77,72,5,1.0,False,2.7,1.46
2019-05-11,2019-05-11 13:45:00,Carlton,Collingwood,MCG,87,106,-19,0.0,False,6.56,1.11
2019-05-11,2019-05-11 13:45:00,Western Bulldogs,Brisbane,Marvel Stadium,92,76,16,1.0,False,1.65,2.22
2019-05-11,2019-05-11 16:35:00,Gold Coast,Melbourne,People First Stadium,60,61,-1,0.0,False,3.0,1.38
2019-05-11,2019-05-11 19:10:00,Port Adelaide,Adelaide,Adelaide Oval,68,88,-20,0.0,False,2.27,1.62
2019-05-11,2019-05-11 19:25:00,St Kilda,West Coast,Marvel Stadium,70,88,-18,0.0,False,2.03,1.78
2019-05-12,2019-05-12 13:10:00,North Melbourne,Geelong,Marvel Stadium,80,104,-24,0.0,False,3.72,1.27
2019-05-12,2019-05-12 15:20:00,Fremantle,Richmond,Optus Stadium,86,111,-25,0.0,False,1.6,2.32
2019-05-12,2019-05-12 15:20:00,Hawthorn,GWS Giants,MCG,71,38,33,1.0,False,2.32,1.61
2019-05-17,2019-05-17 20:10:00,West Coast,Melbourne,Optus Stadium,85,69,16,1.0,False,1.27,3.72
2019-05-18,2019-05-18 13:45:00,Collingwood,St Kilda,MCG,112,71,41,1.0,False,1.23,4.09
2019-05-18,2019-05-18 14:10:00,Brisbane,Adelaide,Gabba,93,92,1,1.0,False,1.73,2.08
2019-05-18,2019-05-18 16:35:00,Geelong,Western Bulldogs,GMHBA Stadium,133,89,44,1.0,False,1.2,4.53
2019-05-18,2019-05-18 19:25:00,North Melbourne,Sydney,Ninja Stadium,72,77,-5,0.0,False,1.41,2.93
2019-05-18,2019-05-18 19:35:00,Essendon,Fremantle,Marvel Stadium,60,53,7,1.0,False,1.44,2.78
2019-05-19,2019-05-19 12:40:00,Port Adelaide,Gold Coast,Adelaide Oval,89,51,38,1.0,False,1.2,4.52
2019-05-19,2019-05-19 15:20:00,Richmond,Hawthorn,MCG,95,59,36,1.0,False,1.74,2.07
2019-05-19,2019-05-19 16:40:00,GWS Giants,Carlton,ENGIE Stadium,138,45,93,1.0,False,1.1,6.73
2019-05-24,2019-05-24 19:50:00,Sydney,Collingwood,SCG,73,80,-7,0.0,False,2.77,1.44
2019-05-25,2019-05-25 13:45:00,Hawthorn,Port Adelaide,UTAS Stadium,80,49,31,1.0,False,1.7,2.14
2019-05-25,2019-05-25 14:10:00,Western Bulldogs,North Melbourne,Marvel Stadium,90,115,-25,0.0,False,1.6,2.31
2019-05-25,2019-05-25 16:05:00,Adelaide,West Coast,Adelaide Oval,73,85,-12,0.0,False,1.55,2.43
2019-05-25,2019-05-25 19:25:00,Gold Coast,Geelong,People First Stadium,64,91,-27,0.0,False,6.24,1.12
2019-05-25,2019-05-25 19:25:00,Richmond,Essendon,MCG,73,50,23,1.0,False,1.63,2.26
2019-05-26,2019-05-26 13:10:00,Melbourne,GWS Giants,MCG,68,94,-26,0.0,False,2.48,1.54
2019-05-26,2019-05-26 15:20:00,Fremantle,Brisbane,Optus Stadium,73,72,1,1.0,False,1.68,2.17
2019-05-26,2019-05-26 15:20:00,St Kilda,Carlton,Marvel Stadium,68,55,13,1.0,False,1.5,2.57
2019-05-31,2019-05-31 19:50:00,North Melbourne,Richmond,Marvel Stadium,99,62,37,1.0,False,3.01,1.38
2019-06-01,2019-06-01 13:45:00,Collingwood,Fremantle,MCG,75,79,-4,0.0,False,1.15,5.42
2019-06-01,2019-06-01 13:45:00,GWS Giants,Gold Coast,ENGIE Stadium,126,43,83,1.0,False,1.04,10.71
2019-06-01,2019-06-01 16:35:00,Geelong,Sydney,GMHBA Stadium,85,63,22,1.0,False,1.16,5.15
2019-06-01,2019-06-01 19:10:00,Melbourne,Adelaide,TIO Stadium,88,90,-2,0.0,False,2.4,1.56
2019-06-01,2019-06-01 19:25:00,Brisbane,Hawthorn,Gabba,85,66,19,1.0,False,1.63,2.26
2019-06-02,2019-06-02 12:40:00,St Kilda,Port Adelaide,Jiangwan Sports Centre,69,139,-70,0.0,False,3.17,1.35
2019-06-02,2019-06-02 15:20:00,Essendon,Carlton,MCG,74,33,41,1.0,False,1.41,2.87
2019-06-02,2019-06-02 15:20:00,West Coast,Western Bulldogs,Optus Stadium,133,72,61,1.0,False,1.23,4.14
2019-06-07,2019-06-07 19:50:00,Richmond,Geelong,MCG,37,104,-67,0.0,False,2.91,1.41
2019-06-08,2019-06-08 13:45:00,Carlton,Brisbane,Marvel Stadium,78,63,15,1.0,False,2.8,1.43
2019-06-08,2019-06-08 16:35:00,Gold Coast,North Melbourne,People First Stadium,72,99,-27,0.0,False,3.17,1.35
2019-06-08,2019-06-08 19:10:00,Adelaide,GWS Giants,Adelaide Oval,82,61,21,1.0,False,1.86,1.93
2019-06-09,2019-06-09 15:20:00,Sydney,West Coast,SCG,116,71,45,1.0,False,1.88,1.9
2019-06-10,2019-06-10 15:20:00,Collingwood,Melbourne,MCG,98,57,41,1.0,False,1.43,2.8
2019-06-13,2019-06-13 19:20:00,Adelaide,Richmond,Adelaide Oval,101,68,33,1.0,False,1.21,4.48
2019-06-14,2019-06-14 19:50:00,Essendon,Hawthorn,Marvel Stadium,96,77,19,1.0,False,1.66,2.21
2019-06-15,2019-06-15 13:45:00,Gold Coast,St Kilda,Riverway Stadium,76,80,-4,0.0,False,2.47,1.54
2019-06-15,2019-06-15 14:35:00,Fremantle,Port Adelaide,Optus Stadium,100,79,21,1.0,False,1.82,1.98
2019-06-15,2019-06-15 19:25:00,Carlton,Western Bulldogs,Marvel Stadium,100,103,-3,0.0,False,2.62,1.49
2019-06-16,2019-06-16 15:20:00,North Melbourne,GWS Giants,Ninja Stadium,68,91,-23,0.0,False,2.54,1.51
2019-06-20,2019-06-20 18:10:00,West Coast,Essendon,Optus Stadium,106,71,35,1.0,False,1.38,3.01
2019-06-21,2019-06-21 19:50:00,Sydney,Hawthorn,SCG,82,63,19,1.0,False,1.51,2.54
2019-06-22,2019-06-22 13:45:00,Melbourne,Fremantle,MCG,85,71,14,1.0,False,1.57,2.38
2019-06-22,2019-06-22 16:35:00,St Kilda,Brisbane,Marvel Stadium,59,115,-56,0.0,False,2.13,1.7
2019-06-22,2019-06-22 19:10:00,Port Adelaide,Geelong,Adelaide Oval,67,56,11,1.0,False,2.71,1.45
2019-06-23,2019-06-23 15:20:00,Western Bulldogs,Collingwood,Marvel Stadium,73,82,-9,0.0,False,3.56,1.29
2019-06-27,2019-06-27 19:20:00,Essendon,GWS Giants,Marvel Stadium,77,71,6,1.0,False,2.25,1.63
2019-06-28,2019-06-28 19:50:00,Geelong,Adelaide,GMHBA Stadium,96,69,27,1.0,False,1.25,3.94
2019-06-29,2019-06-29 13:45:00,Hawthorn,West Coast,MCG,71,77,-6,0.0,False,2.14,1.7
2019-06-29,2019-06-29 16:35:00,Sydney,Gold Coast,SCG,93,51,42,1.0,False,1.13,5.67
2019-06-29,2019-06-29 19:10:00,Port Adelaide,Western Bulldogs,Adelaide Oval,41,66,-25,0.0,False,1.31,3.42
2019-06-29,2019-06-29 19:25:00,Collingwood,North Melbourne,Marvel Stadium,37,81,-44,0.0,False,1.33,3.25
2019-06-30,2019-06-30 13:10:00,St Kilda,Richmond,Marvel Stadium,70,103,-33,0.0,False,3.33,1.33
2019-06-30,2019-06-30 15:20:00,Brisbane,Melbourne,Gabba,107,74,33,1.0,False,1.51,2.54
2019-06-30,2019-06-30 15:20:00,Fremantle,Carlton,Optus Stadium,75,79,-4,0.0,False,1.15,5.57
2019-07-05,2019-07-05 19:50:00,Hawthorn,Collingwood,MCG,67,63,4,1.0,False,2.65,1.47
2019-07-06,2019-07-06 13:45:00,Essendon,Sydney,MCG,76,66,10,1.0,False,1.51,2.54
2019-07-06,2019-07-06 14:10:00,Gold Coast,Richmond,People First Stadium,58,150,-92,0.0,False,4.57,1.19
2019-07-06,2019-07-06 16:35:00,Adelaide,Port Adelaide,Adelaide Oval,44,101,-57,0.0,False,1.66,2.21
2019-07-06,2019-07-06 18:10:00,Fremantle,West Coast,Optus Stadium,31,122,-91,0.0,False,2.77,1.44
2019-07-06,2019-07-06 19:25:00,Western Bulldogs,Geelong,Marvel Stadium,71,55,16,1.0,False,3.66,1.28
2019-07-07,2019-07-07 13:10:00,Carlton,Melbourne,MCG,100,105,-5,0.0,False,2.92,1.4
2019-07-07,2019-07-07 15:20:00,North Melbourne,St Kilda,Ninja Stadium,112,73,39,1.0,False,1.28,3.68
2019-07-07,2019-07-07 16:40:00,GWS Giants,Brisbane,ENGIE Stadium,74,94,-20,0.0,False,1.36,3.12
2019-07-12,2019-07-12 18:10:00,West Coast,Collingwood,Optus Stadium,77,78,-1,0.0,False,1.25,3.86
2019-07-13,2019-07-13 13:45:00,Sydney,Carlton,SCG,62,69,-7,0.0,False,1.27,3.7
2019-07-13,2019-07-13 14:10:00,Hawthorn,Fremantle,UTAS Stadium,84,53,31,1.0,False,1.43,2.83
2019-07-13,2019-07-13 16:35:00,Essendon,North Melbourne,Marvel Stadium,86,81,5,1.0,False,1.98,1.81
2019-07-13,2019-07-13 19:25:00,Geelong,St Kilda,GMHBA Stadium,84,57,27,1.0,False,1.07,8.07
2019-07-13,2019-07-13 19:25:00,Gold Coast,Adelaide,People First Stadium,56,151,-95,0.0,False,5.49,1.15
2019-07-14,2019-07-14 13:10:00,Richmond,GWS Giants,MCG,94,67,27,1.0,False,1.45,2.72
2019-07-14,2019-07-14 15:20:00,Western Bulldogs,Melbourne,Marvel Stadium,74,66,8,1.0,False,1.75,2.02
2019-07-14,2019-07-14 16:10:00,Port Adelaide,Brisbane,Adelaide Oval,49,97,-48,0.0,False,1.43,2.84
2019-07-19,2019-07-19 19:20:00,Adelaide,Essendon,Adelaide Oval,75,96,-21,0.0,False,1.32,3.33
2019-07-20,2019-07-20 13:45:00,Richmond,Port Adelaide,MCG,101,63,38,1.0,False,1.36,3.13
2019-07-20,2019-07-20 14:10:00,Carlton,Gold Coast,Marvel Stadium,99,75,24,1.0,False,1.17,4.94
2019-07-20,2019-07-20 16:35:00,GWS Giants,Collingwood,ENGIE Stadium,122,75,47,1.0,False,2.04,1.76
2019-07-20,2019-07-20 18:10:00,Fremantle,Sydney,Optus Stadium,52,51,1,1.0,False,1.74,2.08
2019-07-20,2019-07-20 19:25:00,Brisbane,North Melbourne,Gabba,87,75,12,1.0,False,1.41,2.85
2019-07-21,2019-07-21 13:10:00,Geelong,Hawthorn,MCG,61,85,-24,0.0,False,1.4,2.95
2019-07-21,2019-07-21 14:50:00,Melbourne,West Coast,Traeger Park,78,91,-13,0.0,False,2.6,1.49
2019-07-21,2019-07-21 16:40:00,St Kilda,Western Bulldogs,Marvel Stadium,116,89,27,1.0,False,2.74,1.45
2019-07-26,2019-07-26 19:50:00,Collingwood,Richmond,MCG,66,98,-32,0.0,False,2.36,1.58
2019-07-27,2019-07-27 13:45:00,Hawthorn,Brisbane,UTAS Stadium,60,87,-27,0.0,False,1.79,2.01
2019-07-27,2019-07-27 14:10:00,Carlton,Adelaide,MCG,87,60,27,1.0,False,2.51,1.52
2019-07-27,2019-07-27 14:35:00,West Coast,North Melbourne,Optus Stadium,121,72,49,1.0,False,1.45,2.73
2019-07-27,2019-07-27 19:10:00,Port Adelaide,GWS Giants,Adelaide Oval,55,56,-1,0.0,False,1.84,1.95
2019-07-27,2019-07-27 19:25:00,St Kilda,Melbourne,Marvel Stadium,104,85,19,1.0,False,1.94,1.85
2019-07-28,2019-07-28 13:10:00,Western Bulldogs,Fremantle,Marvel Stadium,113,66,47,1.0,False,1.47,2.67
2019-07-28,2019-07-28 15:20:00,Sydney,Geelong,SCG,80,107,-27,0.0,False,2.68,1.46
2019-07-28,2019-07-28 16:30:00,Gold Coast,Essendon,People First Stadium,96,106,-10,0.0,False,5.21,1.16
2019-08-02,2019-08-02 19:50:00,North Melbourne,Hawthorn,Marvel Stadium,86,64,22,1.0,False,1.78,2.01
2019-08-03,2019-08-03 13:45:00,Essendon,Port Adelaide,Marvel Stadium,67,126,-59,0.0,False,1.63,2.26
2019-08-03,2019-08-03 14:10:00,GWS Giants,Sydney,ENGIE Stadium,83,81,2,1.0,False,1.35,3.16
2019-08-03,2019-08-03 14:35:00,Fremantle,Geelong,Optus Stadium,95,61,34,1.0,False,3.63,1.28
2019-08-03,2019-08-03 19:10:00,Adelaide,St Kilda,Adelaide Oval,92,70,22,1.0,False,1.32,3.35
2019-08-03,2019-08-03 19:25:00,Melbourne,Richmond,MCG,60,93,-33,0.0,False,4.73,1.19
2019-08-04,2019-08-04 13:10:00,Collingwood,Gold Coast,MCG,120,51,69,1.0,False,1.09,7.04
2019-08-04,2019-08-04 15:20:00,Carlton,West Coast,Marvel Stadium,75,99,-24,0.0,False,3.52,1.29
2019-08-04,2019-08-04 16:00:00,Brisbane,Western Bulldogs,Gabba,98,80,18,1.0,False,1.35,3.17
2019-08-09,2019-08-09 19:50:00,GWS Giants,Hawthorn,Manuka Oval,29,85,-56,0.0,False,1.43,2.78
2019-08-10,2019-08-10 13:40:00,Port Adelaide,Sydney,Adelaide Oval,103,56,47,1.0,False,1.32,3.34
2019-08-10,2019-08-10 13:45:00,Melbourne,Collingwood,MCG,53,70,-17,0.0,False,2.6,1.49
2019-08-10,2019-08-10 16:35:00,Brisbane,Gold Coast,Gabba,144,53,91,1.0,False,1.02,13.35
2019-08-10,2019-08-10 19:25:00,Essendon,Western Bulldogs,Marvel Stadium,33,137,-104,0.0,False,2.21,1.65
2019-08-10,2019-08-10 19:25:00,Geelong,North Melbourne,GMHBA Stadium,69,14,55,1.0,False,1.32,3.35
2019-08-11,2019-08-11 13:10:00,St Kilda,Fremantle,Marvel Stadium,72,69,3,1.0,False,1.48,2.63
2019-08-11,2019-08-11 14:40:00,West Coast,Adelaide,Optus Stadium,90,80,10,1.0,False,1.18,4.87
2019-08-11,2019-08-11 15:20:00,Richmond,Carlton,MCG,73,45,28,1.0,False,1.2,4.56
2019-08-16,2019-08-16 19:50:00,Melbourne,Sydney,MCG,42,95,-53,0.0,False,1.69,2.15
2019-08-17,2019-08-17 13:45:00,Carlton,St Kilda,MCG,78,68,10,1.0,False,1.98,1.81
2019-08-17,2019-08-17 14:10:00,Brisbane,Geelong,Gabba,75,74,1,1.0,False,1.68,2.18
2019-08-17,2019-08-17 16:35:00,Adelaide,Collingwood,Adelaide Oval,48,114,-66,0.0,False,1.64,2.26
2019-08-17,2019-08-17 18:10:00,Fremantle,Essendon,Optus Stadium,55,87,-32,0.0,False,1.61,2.29
2019-08-17,2019-08-17 19:25:00,North Melbourne,Port Adelaide,Marvel Stadium,144,58,86,1.0,False,2.09,1.73
2019-08-18,2019-08-18 13:10:00,Richmond,West Coast,MCG,88,82,6,1.0,False,1.55,2.44
2019-08-18,2019-08-18 15:20:00,GWS Giants,Western Bulldogs,ENGIE Stadium,65,126,-61,0.0,False,1.69,2.15
2019-08-18,2019-08-18 16:40:00,Hawthorn,Gold Coast,Marvel Stadium,118,48,70,1.0,False,1.02,13.29
2019-08-23,2019-08-23 19:50:00,Collingwood,Essendon,MCG,76,65,11,1.0,False,1.19,4.65
2019-08-24,2019-08-24 13:45:00,Sydney,St Kilda,SCG,109,64,45,1.0,False,1.36,3.14
2019-08-24,2019-08-24 14:10:00,North Melbourne,Melbourne,Ninja Stadium,88,83,5,1.0,False,1.26,3.81
2019-08-24,2019-08-24 16:35:00,Geelong,Carlton,GMHBA Stadium,129,61,68,1.0,False,1.15,5.32
2019-08-24,2019-08-24 18:10:00,West Coast,Hawthorn,Optus Stadium,67,105,-38,0.0,False,1.24,4.02
2019-08-24,2019-08-24 19:25:00,Gold Coast,GWS Giants,People First Stadium,55,127,-72,0.0,False,8.81,1.07
2019-08-25,2019-08-25 13:10:00,Western Bulldogs,Adelaide,Mars Stadium,121,87,34,1.0,False,1.34,3.21
2019-08-25,2019-08-25 15:20:00,Richmond,Brisbane,MCG,82,55,27,1.0,False,1.34,3.2
2019-08-25,2019-08-25 16:10:00,Port Adelaide,Fremantle,Adelaide Oval,110,67,43,1.0,False,1.27,3.77
2019-09-05,2019-09-05 18:10:00,West Coast,Essendon,Optus Stadium,116,61,55,1.0,True,1.23,4.18
2019-09-06,2019-09-06 19:50:00,Geelong,Collingwood,MCG,51,61,-10,0.0,True,1.71,2.14
2019-09-07,2019-09-07 15:20:00,GWS Giants,Western Bulldogs,ENGIE Stadium,113,55,58,1.0,True,1.74,2.09
2019-09-07,2019-09-07 19:25:00,Brisbane,Richmond,Gabba,65,112,-47,0.0,True,2.25,1.64
2019-09-13,2019-09-13 19:50:00,Geelong,West Coast,MCG,88,68,20,1.0,True,1.84,1.97
2019-09-14,2019-09-14 16:35:00,Brisbane,GWS Giants,Gabba,80,83,-3,0.0,True,1.66,2.23
2019-09-20,2019-09-20 19:50:00,Richmond,Geelong,MCG,85,66,19,1.0,True,1.34,3.21
2019-09-21,2019-09-21 16:35:00,Collingwood,GWS Giants,MCG,52,56,-4,0.0,True,1.29,3.59
2019-09-28,2019-09-28 14:30:00,Richmond,GWS Giants,MCG,114,25,89,1.0,True,1.39,3.02
2020-03-19,2020-03-19 19:40:00,Richmond,Carlton,MCG,105,81,24,1.0,False,1.25,3.91
2020-03-20,2020-03-20 19:50:00,Western Bulldogs,Collingwood,Marvel Stadium,34,86,-52,0.0,False,1.81,1.96
2020-03-21,2020-03-21 13:45:00,Essendon,Fremantle,Marvel Stadium,63,57,6,1.0,False,1.38,2.97
2020-03-21,2020-03-21 16:05:00,Adelaide,Sydney,Adelaide Oval,71,74,-3,0.0,False,1.68,2.16
2020-03-21,2020-03-21 18:40:00,Gold Coast,Port Adelaide,People First Stadium,29,76,-47,0.0,False,2.93,1.38
2020-03-21,2020-03-21 19:40:00,GWS Giants,Geelong,ENGIE Stadium,105,73,32,1.0,False,1.48,2.56
2020-03-22,2020-03-22 13:10:00,North Melbourne,St Kilda,Marvel Stadium,56,54,2,1.0,False,1.79,1.99
2020-03-22,2020-03-22 15:20:00,Hawthorn,Brisbane,MCG,90,62,28,1.0,False,1.73,2.08
2020-03-22,2020-03-22 15:20:00,West Coast,Melbourne,Optus Stadium,78,51,27,1.0,False,1.29,3.5
2020-06-11,2020-06-11 19:40:00,Collingwood,Richmond,MCG,36,36,0,0.5,False,2.34,1.59
2020-06-12,2020-06-12 19:50:00,Geelong,Hawthorn,GMHBA Stadium,108,47,61,1.0,False,1.65,2.22
2020-06-13,2020-06-13 13:45:00,Brisbane,Fremantle,Gabba,81,69,12,1.0,False,1.3,3.45
2020-06-13,2020-06-13 16:35:00,Carlton,Melbourne,Marvel Stadium,53,54,-1,0.0,False,2.29,1.61
2020-06-13,2020-06-13 19:10:00,Port Adelaide,Adelaide,Adelaide Oval,110,35,75,1.0,False,1.44,2.74
2020-06-13,2020-06-13 19:40:00,Gold Coast,West Coast,People First Stadium,90,46,44,1.0,False,5.44,1.14
2020-06-14,2020-06-14 13:05:00,GWS Giants,North Melbourne,ENGIE Stadium,60,80,-20,0.0,False,1.31,3.37
2020-06-14,2020-06-14 15:35:00,Sydney,Essendon,SCG,73,79,-6,0.0,False,1.73,2.09
2020-06-14,2020-06-14 18:05:00,St Kilda,Western Bulldogs,Marvel Stadium,88,49,39,1.0,False,2.28,1.62
2020-06-18,2020-06-18 19:40:00,Richmond,Hawthorn,MCG,39,71,-32,0.0,False,1.52,2.49
2020-06-19,2020-06-19 19:50:00,Western Bulldogs,GWS Giants,Marvel Stadium,57,33,24,1.0,False,2.0,1.8
2020-06-20,2020-06-20 13:45:00,North Melbourne,Sydney,Marvel Stadium,60,71,-11,0.0,False,1.6,2.31
2020-06-20,2020-06-20 16:35:00,Collingwood,St Kilda,MCG,81,37,44,1.0,False,1.47,2.68
2020-06-20,2020-06-20 19:40:00,Brisbane,West Coast,Gabba,74,44,30,1.0,False,1.83,1.96
2020-06-20,2020-06-20 19:40:00,Geelong,Carlton,GMHBA Stadium,77,79,-2,0.0,False,1.2,4.49
2020-06-21,2020-06-21 15:05:00,Gold Coast,Adelaide,People First Stadium,82,29,53,1.0,False,1.85,1.94
2020-06-21,2020-06-21 20:05:00,Fremantle,Port Adelaide,People First Stadium,41,70,-29,0.0,False,3.02,1.39
2020-06-25,2020-06-25 19:40:00,Sydney,Western Bulldogs,SCG,39,67,-28,0.0,False,1.7,2.12
2020-06-26,2020-06-26 19:50:00,GWS Giants,Collingwood,ENGIE Stadium,66,64,2,1.0,False,2.08,1.73
2020-06-27,2020-06-27 13:45:00,Port Adelaide,West Coast,People First Stadium,89,41,48,1.0,False,1.55,2.42
2020-06-27,2020-06-27 16:45:00,St Kilda,Richmond,Marvel Stadium,93,67,26,1.0,False,3.16,1.35
2020-06-27,2020-06-27 19:40:00,Essendon,Carlton,MCG,51,52,-1,0.0,False,1.71,2.09
2020-06-27,2020-06-27 19:40:00,Gold Coast,Fremantle,People First Stadium,64,51,13,1.0,False,1.69,2.15
2020-06-28,2020-06-28 13:05:00,Brisbane,Adelaide,Gabba,83,46,37,1.0,False,1.11,6.39
2020-06-28,2020-06-28 15:35:00,Melbourne,Geelong,MCG,44,47,-3,0.0,False,2.53,1.51
2020-06-28,2020-06-28 18:05:00,Hawthorn,North Melbourne,Marvel Stadium,58,54,4,1.0,False,1.56,2.4
2020-07-02,2020-07-02 19:40:00,Carlton,St Kilda,Marvel Stadium,55,73,-18,0.0,False,2.05,1.75
2020-07-03,2020-07-03 19:50:00,Collingwood,Essendon,MCG,48,63,-15,0.0,False,1.3,3.45
2020-07-04,2020-07-04 13:45:00,West Coast,Sydney,People First Stadium,77,43,34,1.0,False,1.6,2.32
2020-07-04,2020-07-04 16:35:00,Geelong,Gold Coast,GMHBA Stadium,89,52,37,1.0,False,1.24,4.04
2020-07-04,2020-07-04 19:40:00,Brisbane,Port Adelaide,Gabba,85,48,37,1.0,False,1.88,1.9
2020-07-04,2020-07-04 19:40:00,Western Bulldogs,North Melbourne,Marvel Stadium,87,38,49,1.0,False,1.74,2.08
2020-07-05,2020-07-05 13:05:00,Adelaide,Fremantle,People First Stadium,34,54,-20,0.0,False,2.27,1.62
2020-07-05,2020-07-05 13:35:00,Melbourne,Richmond,MCG,52,79,-27,0.0,False,2.56,1.5
2020-07-05,2020-07-05 18:10:00,GWS Giants,Hawthorn,ENGIE Stadium,83,49,34,1.0,False,1.73,2.09
2020-07-09,2020-07-09 19:40:00,Geelong,Brisbane,SCG,73,46,27,1.0,False,2.33,1.61
2020-07-10,2020-07-10 19:50:00,Collingwood,Hawthorn,ENGIE Stadium,59,27,32,1.0,False,1.7,2.12
2020-07-11,2020-07-11 12:35:00,Fremantle,St Kilda,People First Stadium,79,73,6,1.0,False,2.71,1.45
2020-07-11,2020-07-11 15:05:00,West Coast,Adelaide,Gabba,67,34,33,1.0,False,1.15,5.55
2020-07-11,2020-07-11 18:05:00,Melbourne,Gold Coast,ENGIE Stadium,80,63,17,1.0,False,1.59,2.34
2020-07-11,2020-07-11 19:40:00,Essendon,North Melbourne,People First Stadium,67,53,14,1.0,False,1.59,2.33
2020-07-12,2020-07-12 13:05:00,Port Adelaide,GWS Giants,People First Stadium,63,46,17,1.0,False,1.84,1.95
2020-07-12,2020-07-12 15:35:00,Richmond,Sydney,Gabba,34,26,8,1.0,False,1.62,2.27
2020-07-12,2020-07-12 18:45:00,Carlton,Western Bulldogs,People First Stadium,103,51,52,1.0,False,2.49,1.53
2020-07-16,2020-07-16 18:10:00,Geelong,Collingwood,Optus Stadium,35,57,-22,0.0,False,1.95,1.83
2020-07-17,2020-07-17 19:50:00,Essendon,Western Bulldogs,People First Stadium,51,93,-42,0.0,False,2.23,1.65
2020-07-18,2020-07-18 13:45:00,GWS Giants,Brisbane,ENGIE Stadium,68,88,-20,0.0,False,2.05,1.77
2020-07-18,2020-07-18 16:35:00,Sydney,Gold Coast,SCG,60,92,-32,0.0,False,2.01,1.79
2020-07-18,2020-07-18 19:40:00,Richmond,North Melbourne,People First Stadium,77,23,54,1.0,False,1.55,2.42
2020-07-19,2020-07-19 13:05:00,Carlton,Port Adelaide,Gabba,61,64,-3,0.0,False,2.77,1.44
2020-07-19,2020-07-19 15:35:00,Hawthorn,Melbourne,ENGIE Stadium,48,91,-43,0.0,False,1.71,2.11
2020-07-19,2020-07-19 16:35:00,Fremantle,West Coast,Optus Stadium,32,62,-30,0.0,False,3.24,1.33
2020-07-20,2020-07-20 19:10:00,Adelaide,St Kilda,Adelaide Oval,55,78,-23,0.0,False,3.48,1.31
2020-07-23,2020-07-23 19:40:00,Gold Coast,Western Bulldogs,People First Stadium,46,51,-5,0.0,False,2.26,1.64
2020-07-24,2020-07-24 19:50:00,GWS Giants,Richmond,ENGIE Stadium,62,50,12,1.0,False,1.56,2.42
2020-07-25,2020-07-25 13:05:00,North Melbourne,Carlton,Gabba,57,64,-7,0.0,False,2.69,1.47
2020-07-25,2020-07-25 15:35:00,Sydney,Hawthorn,SCG,60,53,7,1.0,False,2.14,1.7
2020-07-25,2020-07-25 19:10:00,Port Adelaide,St Kilda,Adelaide Oval,44,73,-29,0.0,False,1.36,3.14
2020-07-26,2020-07-26 12:35:00,Adelaide,Essendon,Adelaide Oval,59,62,-3,0.0,False,2.54,1.52
2020-07-26,2020-07-26 13:35:00,West Coast,Collingwood,Optus Stadium,111,45,66,1.0,False,1.75,2.06
2020-07-26,2020-07-26 18:10:00,Melbourne,Brisbane,People First Stadium,49,53,-4,0.0,False,2.57,1.5
2020-07-27,2020-07-27 18:10:00,Fremantle,Geelong,Optus Stadium,16,48,-32,0.0,False,2.61,1.49
2020-07-29,2020-07-29 19:10:00,Western Bulldogs,Richmond,People First Stadium,49,90,-41,0.0,False,1.65,2.23
2020-07-30,2020-07-30 19:50:00,Melbourne,Port Adelaide,Gabba,32,83,-51,0.0,False,2.24,1.65
2020-07-31,2020-07-31 15:40:00,Carlton,Hawthorn,Optus Stadium,58,89,-31,0.0,False,1.7,2.13
2020-07-31,2020-07-31 20:10:00,Essendon,Brisbane,People First Stadium,28,91,-63,0.0,False,3.39,1.33
2020-08-01,2020-08-01 14:35:00,North Melbourne,Adelaide,People First Stadium,119,50,69,1.0,False,1.51,2.52
2020-08-01,2020-08-01 17:10:00,St Kilda,Sydney,Gabba,101,48,53,1.0,False,1.4,2.94
2020-08-01,2020-08-01 18:10:00,West Coast,Geelong,Optus Stadium,73,64,9,1.0,False,1.4,2.87
2020-08-02,2020-08-02 15:35:00,Gold Coast,GWS Giants,People First Stadium,35,61,-26,0.0,False,2.95,1.4
2020-08-02,2020-08-02 16:10:00,Fremantle,Collingwood,Optus Stadium,61,49,12,1.0,False,2.97,1.4
2020-08-03,2020-08-03 18:40:00,Port Adelaide,Western Bulldogs,Adelaide Oval,55,42,13,1.0,False,1.4,2.96
2020-08-04,2020-08-04 19:10:00,Richmond,Brisbane,People First Stadium,82,41,41,1.0,False,2.01,1.8
2020-08-05,2020-08-05 17:40:00,Geelong,North Melbourne,Gabba,90,57,33,1.0,False,1.33,3.34
2020-08-05,2020-08-05 19:40:00,Adelaide,Melbourne,Adelaide Oval,37,88,-51,0.0,False,3.45,1.31
2020-08-06,2020-08-06 17:40:00,Collingwood,Sydney,Gabba,50,41,9,1.0,False,1.27,3.77
2020-08-06,2020-08-06 20:10:00,Gold Coast,St Kilda,People First Stadium,74,78,-4,0.0,False,2.72,1.46
2020-08-07,2020-08-07 19:50:00,Essendon,GWS Giants,People First Stadium,55,59,-4,0.0,False,2.97,1.4
2020-08-08,2020-08-08 16:05:00,Port Adelaide,Richmond,Adelaide Oval,93,72,21,1.0,False,1.73,2.12
2020-08-08,2020-08-08 19:40:00,Brisbane,Western Bulldogs,Gabba,96,72,24,1.0,False,1.39,3.02
2020-08-09,2020-08-09 13:35:00,West Coast,Carlton,Optus Stadium,72,50,22,1.0,False,1.26,3.88
2020-08-09,2020-08-09 17:40:00,Melbourne,North Melbourne,Adelaide Oval,92,35,57,1.0,False,1.78,2.01
2020-08-10,2020-08-10 18:10:00,St Kilda,Geelong,Gabba,34,93,-59,0.0,False,2.52,1.53
2020-08-10,2020-08-10 18:40:00,Fremantle,Hawthorn,Optus Stadium,48,32,16,1.0,False,2.1,1.72
2020-08-11,2020-08-11 18:05:00,Adelaide,Collingwood,Adelaide Oval,38,62,-24,0.0,False,4.09,1.23
2020-08-12,2020-08-12 19:10:00,Gold Coast,Essendon,People First Stadium,73,73,0,0.5,False,1.66,2.2
2020-08-13,2020-08-13 18:10:00,Sydney,GWS Giants,Optus Stadium,66,25,41,1.0,False,4.35,1.21
2020-08-14,2020-08-14 19:50:00,Geelong,Port Adelaide,People First Stadium,91,31,60,1.0,False,1.95,1.84
2020-08-15,2020-08-15 14:35:00,North Melbourne,Brisbane,People First Stadium,52,53,-1,0.0,False,7.22,1.1
2020-08-15,2020-08-15 17:10:00,Melbourne,Collingwood,Gabba,100,44,56,1.0,False,2.32,1.62
2020-08-15,2020-08-15 18:10:00,Fremantle,Carlton,Optus Stadium,36,40,-4,0.0,False,1.66,2.22
2020-08-16,2020-08-16 13:05:00,Western Bulldogs,Adelaide,People First Stadium,111,54,57,1.0,False,1.15,5.57
2020-08-16,2020-08-16 13:35:00,St Kilda,Essendon,Gabba,68,33,35,1.0,False,1.41,2.92
2020-08-16,2020-08-16 16:10:00,West Coast,Hawthorn,Optus Stadium,81,49,32,1.0,False,1.19,4.57
2020-08-17,2020-08-17 19:10:00,Richmond,Gold Coast,Gabba,53,32,21,1.0,False,1.2,4.56
2020-08-21,2020-08-21 19:20:00,Gold Coast,Carlton,TIO Stadium,27,60,-33,0.0,False,2.55,1.51
2020-08-22,2020-08-22 13:45:00,Western Bulldogs,Melbourne,People First Stadium,80,52,28,1.0,False,1.73,2.12
2020-08-22,2020-08-22 16:05:00,Port Adelaide,Hawthorn,Adelaide Oval,68,58,10,1.0,False,1.15,5.57
2020-08-22,2020-08-22 18:10:00,Fremantle,Sydney,Optus Stadium,50,19,31,1.0,False,1.5,2.56
2020-08-22,2020-08-22 19:15:00,Essendon,Richmond,TIO Stadium,61,73,-12,0.0,False,4.48,1.21
2020-08-23,2020-08-23 12:35:00,Adelaide,Geelong,Adelaide Oval,37,65,-28,0.0,False,9.29,1.06
2020-08-23,2020-08-23 15:35:00,Brisbane,St Kilda,Gabba,50,48,2,1.0,False,1.39,3.03
2020-08-23,2020-08-23 16:10:00,West Coast,GWS Giants,Optus Stadium,61,49,12,1.0,False,1.33,3.29
2020-08-24,2020-08-24 19:10:00,Collingwood,North Melbourne,Gabba,65,35,30,1.0,False,1.38,3.07
2020-08-27,2020-08-27 16:10:00,Hawthorn,Essendon,Adelaide Oval,71,87,-16,0.0,False,1.97,1.85
2020-08-27,2020-08-27 19:10:00,Richmond,West Coast,People First Stadium,88,61,27,1.0,False,1.66,2.23
2020-08-28,2020-08-28 19:50:00,Western Bulldogs,Geelong,People First Stadium,61,72,-11,0.0,False,2.75,1.45
2020-08-29,2020-08-29 13:15:00,Port Adelaide,Sydney,Adelaide Oval,73,47,26,1.0,False,1.11,6.74
2020-08-29,2020-08-29 14:35:00,Fremantle,GWS Giants,Optus Stadium,53,91,-38,0.0,False,2.12,1.71
2020-08-29,2020-08-29 19:10:00,Melbourne,St Kilda,Traeger Park,52,49,3,1.0,False,1.95,1.85
2020-08-30,2020-08-30 15:35:00,Carlton,Collingwood,Gabba,48,72,-24,0.0,False,1.94,1.86
2020-08-30,2020-08-30 18:10:00,Gold Coast,North Melbourne,People First Stadium,91,28,63,1.0,False,1.61,2.3
2020-09-01,2020-09-01 17:10:00,Hawthorn,Adelaide,Adelaide Oval,48,83,-35,0.0,False,1.41,2.89
2020-09-01,2020-09-01 20:10:00,West Coast,Essendon,Gabba,60,45,15,1.0,False,1.4,2.92
2020-09-02,2020-09-02 19:10:00,Richmond,Fremantle,People First Stadium,56,29,27,1.0,False,1.11,6.58
2020-09-03,2020-09-03 16:40:00,Sydney,Melbourne,Cazaly’s Stadium,67,46,21,1.0,False,3.52,1.3
2020-09-03,2020-09-03 19:10:00,GWS Giants,Carlton,People First Stadium,48,39,9,1.0,False,1.48,2.65
2020-09-04,2020-09-04 19:50:00,Brisbane,Collingwood,Gabba,42,34,8,1.0,False,1.41,2.93
2020-09-05,2020-09-05 19:40:00,North Melbourne,Port Adelaide,People First Stadium,42,78,-36,0.0,False,6.49,1.11
2020-09-06,2020-09-06 13:05:00,St Kilda,Hawthorn,People First Stadium,80,66,14,1.0,False,1.27,3.78
2020-09-06,2020-09-06 15:35:00,Geelong,Essendon,Gabba,108,42,66,1.0,False,1.21,4.31
2020-09-06,2020-09-06 18:10:00,Western Bulldogs,West Coast,People First Stadium,49,47,2,1.0,False,1.72,2.13
2020-09-07,2020-09-07 19:10:00,Melbourne,Fremantle,Cazaly’s Stadium,33,47,-14,0.0,False,1.49,2.63
2020-09-08,2020-09-08 17:10:00,Adelaide,GWS Giants,Adelaide Oval,59,47,12,1.0,False,3.63,1.28
2020-09-08,2020-09-08 20:10:00,Carlton,Sydney,People First Stadium,57,52,5,1.0,False,1.54,2.45
2020-09-09,2020-09-09 19:10:00,Brisbane,Gold Coast,Gabba,88,43,45,1.0,False,1.29,3.6
2020-09-10,2020-09-10 19:10:00,St Kilda,West Coast,Gabba,50,65,-15,0.0,False,1.69,2.16
2020-09-11,2020-09-11 19:50:00,Geelong,Richmond,People First Stadium,31,57,-26,0.0,False,1.72,2.11
2020-09-12,2020-09-12 13:45:00,North Melbourne,Fremantle,People First Stadium,35,99,-64,0.0,False,2.68,1.47
2020-09-12,2020-09-12 16:05:00,Port Adelaide,Essendon,Adelaide Oval,79,29,50,1.0,False,1.13,6.17
2020-09-12,2020-09-12 19:40:00,GWS Giants,Melbourne,Gabba,74,79,-5,0.0,False,1.68,2.17
2020-09-13,2020-09-13 13:05:00,Carlton,Adelaide,People First Stadium,56,72,-16,0.0,False,1.32,3.39
2020-09-13,2020-09-13 15:05:00,Hawthorn,Western Bulldogs,Adelaide Oval,40,76,-36,0.0,False,3.84,1.26
2020-09-13,2020-09-13 19:10:00,Sydney,Brisbane,Cazaly’s Stadium,41,73,-32,0.0,False,3.34,1.33
2020-09-14,2020-09-14 19:10:00,Collingwood,Gold Coast,Gabba,68,46,22,1.0,False,1.23,4.18
2020-09-17,2020-09-17 19:10:00,North Melbourne,West Coast,People First Stadium,34,49,-15,0.0,False,7.62,1.08
2020-09-18,2020-09-18 19:50:00,St Kilda,GWS Giants,Gabba,82,30,52,1.0,False,1.78,2.01
2020-09-19,2020-09-19 14:10:00,Essendon,Melbourne,People First Stadium,49,68,-19,0.0,False,2.56,1.5
2020-09-19,2020-09-19 17:10:00,Adelaide,Richmond,Adelaide Oval,33,77,-44,0.0,False,4.31,1.22
2020-09-19,2020-09-19 19:40:00,Brisbane,Carlton,Gabba,78,61,17,1.0,False,1.18,4.75
2020-09-20,2020-09-20 12:35:00,Hawthorn,Gold Coast,Adelaide Oval,108,57,51,1.0,False,2.05,1.76
2020-09-20,2020-09-20 15:35:00,Sydney,Geelong,People First Stadium,63,69,-6,0.0,False,5.85,1.14
2020-09-20,2020-09-20 18:10:00,Fremantle,Western Bulldogs,Cazaly’s Stadium,44,74,-30,0.0,False,3.25,1.34
2020-09-21,2020-09-21 19:15:00,Collingwood,Port Adelaide,Gabba,45,61,-16,0.0,False,2.29,1.62
2020-10-01,2020-10-01 19:10:00,Port Adelaide,Geelong,Adelaide Oval,58,42,16,1.0,True,1.72,2.1
2020-10-02,2020-10-02 19:50:00,Brisbane,Richmond,Gabba,69,54,15,1.0,True,2.06,1.75
2020-10-03,2020-10-03 16:40:00,St Kilda,Western Bulldogs,Gabba,67,64,3,1.0,True,2.17,1.68
2020-10-03,2020-10-03 18:10:00,West Coast,Collingwood,Optus Stadium,75,76,-1,0.0,True,1.41,2.87
2020-10-09,2020-10-09 18:50:00,Richmond,St Kilda,People First Stadium,80,49,31,1.0,True,1.26,3.88
2020-10-10,2020-10-10 18:40:00,Geelong,Collingwood,Gabba,100,32,68,1.0,True,1.6,2.33
2020-10-16,2020-10-16 19:20:00,Port Adelaide,Richmond,Adelaide Oval,40,46,-6,0.0,True,1.73,2.09
2020-10-17,2020-10-17 18:40:00,Brisbane,Geelong,Gabba,42,82,-40,0.0,True,1.79,2.01
2020-10-24,2020-10-24 18:30:00,Richmond,Geelong,Gabba,81,50,31,1.0,True,1.83,1.97
2021-03-18,2021-03-18 19:25:00,Richmond,Carlton,MCG,105,80,25,1.0,False,1.23,4.08
2021-03-19,2021-03-19 19:50:00,Collingwood,Western Bulldogs,MCG,53,69,-16,0.0,False,2.25,1.62
2021-03-20,2021-03-20 13:45:00,Melbourne,Fremantle,MCG,80,58,22,1.0,False,1.43,2.77
2021-03-20,2021-03-20 16:05:00,Adelaide,Geelong,Adelaide Oval,103,91,12,1.0,False,4.47,1.2
2021-03-20,2021-03-20 18:45:00,Brisbane,Sydney,Gabba,94,125,-31,0.0,False,1.23,4.01
2021-03-20,2021-03-20 19:25:00,Essendon,Hawthorn,Marvel Stadium,91,92,-1,0.0,False,1.86,1.92
2021-03-21,2021-03-21 13:10:00,North Melbourne,Port Adelaide,Marvel Stadium,65,117,-52,0.0,False,5.01,1.16
2021-03-21,2021-03-21 15:10:00,West Coast,Gold Coast,Optus Stadium,83,58,25,1.0,False,1.18,4.61
2021-03-21,2021-03-21 15:20:00,GWS Giants,St Kilda,ENGIE Stadium,78,86,-8,0.0,False,1.64,2.2
2021-03-25,2021-03-25 19:20:00,Carlton,Collingwood,MCG,85,106,-21,0.0,False,1.86,1.9
2021-03-26,2021-03-26 19:20:00,Geelong,Brisbane,GMHBA Stadium,81,80,1,1.0,False,1.52,2.46
2021-03-27,2021-03-27 13:45:00,Sydney,Adelaide,SCG,121,88,33,1.0,False,1.26,3.69
2021-03-27,2021-03-27 16:05:00,Port Adelaide,Essendon,Adelaide Oval,119,65,54,1.0,False,1.13,5.53
2021-03-27,2021-03-27 19:10:00,Gold Coast,North Melbourne,People First Stadium,98,39,59,1.0,False,1.24,4.0
2021-03-27,2021-03-27 19:25:00,St Kilda,Melbourne,Marvel Stadium,73,91,-18,0.0,False,1.71,2.09
2021-03-28,2021-03-28 13:10:00,Hawthorn,Richmond,MCG,49,78,-29,0.0,False,5.06,1.15
2021-03-28,2021-03-28 15:10:00,Fremantle,GWS Giants,Optus Stadium,87,56,31,1.0,False,1.79,1.97
2021-03-28,2021-03-28 15:20:00,Western Bulldogs,West Coast,Marvel Stadium,100,93,7,1.0,False,1.47,2.6
2021-04-01,2021-04-01 19:40:00,Collingwood,Brisbane,Marvel Stadium,72,73,-1,0.0,False,1.63,2.25
2021-04-02,2021-04-02 16:20:00,North Melbourne,Western Bulldogs,Marvel Stadium,39,167,-128,0.0,False,7.17,1.09
2021-04-02,2021-04-02 19:20:00,Adelaide,Gold Coast,Adelaide Oval,95,85,10,1.0,False,1.84,1.94
2021-04-03,2021-04-03 13:45:00,Richmond,Sydney,MCG,72,117,-45,0.0,False,1.18,4.78
2021-04-03,2021-04-03 16:35:00,Essendon,St Kilda,Marvel Stadium,143,68,75,1.0,False,3.8,1.26
2021-04-03,2021-04-03 17:10:00,West Coast,Port Adelaide,Optus Stadium,108,71,37,1.0,False,1.9,1.88
2021-04-04,2021-04-04 15:20:00,Carlton,Fremantle,Marvel Stadium,109,64,45,1.0,False,1.37,3.04
2021-04-04,2021-04-04 18:10:00,GWS Giants,Melbourne,Manuka Oval,68,102,-34,0.0,False,2.51,1.52
2021-04-05,2021-04-05 15:20:00,Geelong,Hawthorn,MCG,69,64,5,1.0,False,1.33,3.29
2021-04-08,2021-04-08 19:20:00,Sydney,Essendon,SCG,83,80,3,1.0,False,1.2,4.39
2021-04-09,2021-04-09 19:20:00,Port Adelaide,Richmond,Adelaide Oval,79,77,2,1.0,False,1.52,2.47
2021-04-10,2021-04-10 13:35:00,Western Bulldogs,Brisbane,Mars Stadium,73,54,19,1.0,False,1.46,2.66
2021-04-10,2021-04-10 16:35:00,St Kilda,West Coast,Marvel Stadium,102,82,20,1.0,False,2.5,1.51
2021-04-10,2021-04-10 19:25:00,Collingwood,GWS Giants,MCG,60,90,-30,0.0,False,1.21,4.3
2021-04-10,2021-04-10 19:25:00,Gold Coast,Carlton,People First Stadium,59,70,-11,0.0,False,1.96,1.82
2021-04-11,2021-04-11 13:10:00,North Melbourne,Adelaide,Marvel Stadium,68,109,-41,0.0,False,2.75,1.44
2021-04-11,2021-04-11 15:20:00,Melbourne,Geelong,MCG,85,60,25,1.0,False,1.82,1.97
2021-04-11,2021-04-11 15:40:00,Fremantle,Hawthorn,Optus Stadium,96,81,15,1.0,False,1.53,2.48
2021-04-15,2021-04-15 19:20:00,St Kilda,Richmond,Marvel Stadium,48,134,-86,0.0,False,2.78,1.43
2021-04-16,2021-04-16 18:10:00,West Coast,Collingwood,Optus Stadium,103,76,27,1.0,False,1.31,3.4
2021-04-17,2021-04-17 16:35:00,Sydney,GWS Giants,SCG,69,71,-2,0.0,False,1.4,2.9
2021-04-17,2021-04-17 16:35:00,Western Bulldogs,Gold Coast,Marvel Stadium,118,56,62,1.0,False,1.1,6.78
2021-04-17,2021-04-17 19:25:00,Brisbane,Essendon,Gabba,102,45,57,1.0,False,1.24,3.95
2021-04-17,2021-04-17 19:25:00,Carlton,Port Adelaide,MCG,68,96,-28,0.0,False,1.93,1.85
2021-04-18,2021-04-18 12:40:00,Adelaide,Fremantle,Adelaide Oval,72,84,-12,0.0,False,1.8,1.98
2021-04-18,2021-04-18 15:20:00,Hawthorn,Melbourne,MCG,54,104,-50,0.0,False,3.47,1.3
2021-04-18,2021-04-18 16:40:00,Geelong,North Melbourne,GMHBA Stadium,77,47,30,1.0,False,1.03,11.96
2021-04-23,2021-04-23 19:50:00,GWS Giants,Western Bulldogs,Manuka Oval,65,104,-39,0.0,False,3.66,1.27
2021-04-24,2021-04-24 13:45:00,Geelong,West Coast,GMHBA Stadium,136,39,97,1.0,False,1.34,3.16
2021-04-24,2021-04-24 13:45:00,Gold Coast,Sydney,People First Stadium,100,60,40,1.0,False,2.33,1.59
2021-04-24,2021-04-24 16:35:00,Carlton,Brisbane,Marvel Stadium,85,103,-18,0.0,False,2.19,1.66
2021-04-24,2021-04-24 18:15:00,Fremantle,North Melbourne,Optus Stadium,99,48,51,1.0,False,1.07,8.05
2021-04-24,2021-04-24 19:25:00,Melbourne,Richmond,MCG,82,48,34,1.0,False,2.25,1.62
2021-04-25,2021-04-25 12:30:00,Hawthorn,Adelaide,UTAS Stadium,102,99,3,1.0,False,1.51,2.53
2021-04-25,2021-04-25 15:20:00,Collingwood,Essendon,MCG,85,109,-24,0.0,False,1.73,2.07
2021-04-25,2021-04-25 18:10:00,Port Adelaide,St Kilda,Adelaide Oval,93,39,54,1.0,False,1.21,4.22
2021-04-30,2021-04-30 19:50:00,Richmond,Western Bulldogs,MCG,77,55,22,1.0,False,2.49,1.51
2021-05-01,2021-05-01 13:40:00,Adelaide,GWS Giants,Adelaide Oval,39,106,-67,0.0,False,1.95,1.82
2021-05-01,2021-05-01 13:45:00,Collingwood,Gold Coast,MCG,55,79,-24,0.0,False,1.5,2.53
2021-05-01,2021-05-01 16:35:00,St Kilda,Hawthorn,Marvel Stadium,128,59,69,1.0,False,1.45,2.66
2021-05-01,2021-05-01 19:25:00,Brisbane,Port Adelaide,Gabba,93,44,49,1.0,False,1.75,2.03
2021-05-01,2021-05-01 19:25:00,Sydney,Geelong,SCG,90,88,2,1.0,False,2.53,1.5
2021-05-02,2021-05-02 13:10:00,North Melbourne,Melbourne,Ninja Stadium,73,103,-30,0.0,False,12.31,1.02
2021-05-02,2021-05-02 14:40:00,West Coast,Fremantle,Optus Stadium,132,73,59,1.0,False,1.85,1.92
2021-05-02,2021-05-02 15:20:00,Essendon,Carlton,MCG,107,123,-16,0.0,False,2.05,1.74
2021-05-07,2021-05-07 19:50:00,Richmond,Geelong,MCG,63,126,-63,0.0,False,1.67,2.17
2021-05-08,2021-05-08 13:45:00,Gold Coast,St Kilda,People First Stadium,54,63,-9,0.0,False,1.8,1.97
2021-05-08,2021-05-08 14:10:00,GWS Giants,Essendon,ENGIE Stadium,107,105,2,1.0,False,1.41,2.83
2021-05-08,2021-05-08 16:35:00,North Melbourne,Collingwood,Marvel Stadium,76,94,-18,0.0,False,3.37,1.31
2021-05-08,2021-05-08 19:10:00,Port Adelaide,Adelaide,Adelaide Oval,87,38,49,1.0,False,1.19,4.57
2021-05-08,2021-05-08 19:25:00,Melbourne,Sydney,MCG,67,58,9,1.0,False,1.28,3.56
2021-05-09,2021-05-09 13:10:00,Hawthorn,West Coast,MCG,60,98,-38,0.0,False,2.32,1.59
2021-05-09,2021-05-09 15:20:00,Western Bulldogs,Carlton,Marvel Stadium,107,91,16,1.0,False,1.32,3.26
2021-05-09,2021-05-09 16:40:00,Brisbane,Fremantle,Gabba,95,71,24,1.0,False,1.18,4.71
2021-05-14,2021-05-14 19:50:00,St Kilda,Geelong,Marvel Stadium,47,68,-21,0.0,False,3.35,1.31
2021-05-15,2021-05-15 13:45:00,Sydney,Collingwood,SCG,72,42,30,1.0,False,1.27,3.73
2021-05-15,2021-05-15 14:10:00,Hawthorn,North Melbourne,UTAS Stadium,80,87,-7,0.0,False,1.33,3.23
2021-05-15,2021-05-15 16:35:00,Gold Coast,Brisbane,People First Stadium,51,124,-73,0.0,False,3.42,1.3
2021-05-15,2021-05-15 19:10:00,Port Adelaide,Western Bulldogs,Adelaide Oval,77,96,-19,0.0,False,1.59,2.31
2021-05-15,2021-05-15 19:25:00,Richmond,GWS Giants,Marvel Stadium,87,83,4,1.0,False,1.45,2.66
2021-05-16,2021-05-16 13:10:00,Essendon,Fremantle,Marvel Stadium,68,61,7,1.0,False,1.66,2.16
2021-05-16,2021-05-16 14:40:00,West Coast,Adelaide,Optus Stadium,106,76,30,1.0,False,1.09,7.21
2021-05-16,2021-05-16 15:20:00,Melbourne,Carlton,MCG,94,68,26,1.0,False,1.35,3.07
2021-05-21,2021-05-21 19:50:00,Brisbane,Richmond,Gabba,102,74,28,1.0,False,1.36,3.07
2021-05-22,2021-05-22 13:45:00,Carlton,Hawthorn,MCG,86,63,23,1.0,False,1.31,3.33
2021-05-22,2021-05-22 14:10:00,Geelong,Gold Coast,GMHBA Stadium,91,57,34,1.0,False,1.07,8.26
2021-05-22,2021-05-22 16:05:00,Adelaide,Melbourne,Adelaide Oval,96,95,1,1.0,False,4.07,1.22
2021-05-22,2021-05-22 17:40:00,Fremantle,Sydney,Optus Stadium,86,84,2,1.0,False,1.87,1.9
2021-05-22,2021-05-22 19:25:00,Western Bulldogs,St Kilda,Marvel Stadium,144,33,111,1.0,False,1.28,3.58
2021-05-23,2021-05-23 13:10:00,GWS Giants,West Coast,ENGIE Stadium,93,77,16,1.0,False,2.1,1.7
2021-05-23,2021-05-23 15:20:00,Collingwood,Port Adelaide,MCG,58,59,-1,0.0,False,2.69,1.44
2021-05-23,2021-05-23 16:40:00,Essendon,North Melbourne,Marvel Stadium,141,69,72,1.0,False,1.29,3.47
2021-05-28,2021-05-28 19:50:00,Western Bulldogs,Melbourne,Marvel Stadium,59,87,-28,0.0,False,1.66,2.17
2021-05-29,2021-05-29 13:45:00,Collingwood,Geelong,MCG,51,61,-10,0.0,False,3.42,1.3
2021-05-29,2021-05-29 14:10:00,Brisbane,GWS Giants,Gabba,129,65,64,1.0,False,1.2,4.3
2021-05-29,2021-05-29 16:35:00,St Kilda,North Melbourne,Marvel Stadium,88,68,20,1.0,False,1.27,3.64
2021-05-29,2021-05-29 17:40:00,West Coast,Essendon,Optus Stadium,71,87,-16,0.0,False,1.27,3.6
2021-05-29,2021-05-29 19:40:00,Gold Coast,Hawthorn,SCG,113,76,37,1.0,False,1.48,2.57
2021-05-30,2021-05-30 14:10:00,Richmond,Adelaide,ENGIE Stadium,111,83,28,1.0,False,1.24,3.89
2021-05-30,2021-05-30 15:20:00,Sydney,Carlton,SCG,100,78,22,1.0,False,1.5,2.52
2021-05-30,2021-05-30 16:50:00,Port Adelaide,Fremantle,Adelaide Oval,115,69,46,1.0,False,1.25,3.75
2021-06-04,2021-06-04 19:50:00,Melbourne,Brisbane,ENGIE Stadium,97,75,22,1.0,False,2.06,1.74
2021-06-05,2021-06-05 13:45:00,Sydney,St Kilda,SCG,92,83,9,1.0,False,1.26,3.73
2021-06-05,2021-06-05 16:05:00,Adelaide,Collingwood,Adelaide Oval,73,78,-5,0.0,False,1.46,2.67
2021-06-05,2021-06-05 17:40:00,Essendon,Richmond,Optus Stadium,84,123,-39,0.0,False,2.65,1.46
2021-06-06,2021-06-06 15:20:00,Carlton,West Coast,SCG,73,95,-22,0.0,False,1.47,2.62
2021-06-06,2021-06-06 16:40:00,Fremantle,Western Bulldogs,Optus Stadium,65,93,-28,0.0,False,3.04,1.37
2021-06-10,2021-06-10 19:10:00,Port Adelaide,Geelong,Adelaide Oval,91,112,-21,0.0,False,1.99,1.79
2021-06-11,2021-06-11 19:50:00,Sydney,Hawthorn,SCG,51,89,-38,0.0,False,1.17,4.91
2021-06-12,2021-06-12 14:15:00,Fremantle,Gold Coast,Optus Stadium,76,49,27,1.0,False,1.83,1.95
2021-06-12,2021-06-12 19:25:00,St Kilda,Adelaide,Cazaly’s Stadium,60,66,-6,0.0,False,1.72,2.1
2021-06-13,2021-06-13 15:20:00,North Melbourne,GWS Giants,Ninja Stadium,94,94,0,0.5,False,3.44,1.29
2021-06-13,2021-06-13 17:20:00,West Coast,Richmond,Optus Stadium,85,81,4,1.0,False,2.06,1.74
2021-06-14,2021-06-14 15:20:00,Melbourne,Collingwood,SCG,63,80,-17,0.0,False,1.18,4.74
2021-06-18,2021-06-18 19:50:00,Geelong,Western Bulldogs,GMHBA Stadium,83,78,5,1.0,False,1.54,2.43
2021-06-19,2021-06-19 13:45:00,Gold Coast,Port Adelaide,People First Stadium,31,81,-50,0.0,False,2.88,1.4
2021-06-19,2021-06-19 16:35:00,North Melbourne,Brisbane,Ninja Stadium,45,68,-23,0.0,False,5.57,1.14
2021-06-19,2021-06-19 19:25:00,GWS Giants,Carlton,ENGIE Stadium,102,66,36,1.0,False,1.57,2.37
2021-06-20,2021-06-20 15:20:00,Hawthorn,Essendon,UTAS Stadium,73,86,-13,0.0,False,2.36,1.57
2021-06-24,2021-06-24 19:50:00,Brisbane,Geelong,Gabba,94,50,44,1.0,False,1.72,2.09
2021-06-25,2021-06-25 19:50:00,Richmond,St Kilda,MCG,22,62,-40,0.0,False,1.19,4.52
2021-06-26,2021-06-26 13:45:00,Collingwood,Fremantle,Marvel Stadium,79,91,-12,0.0,False,1.6,2.31
2021-06-26,2021-06-26 13:45:00,North Melbourne,Gold Coast,Ninja Stadium,72,63,9,1.0,False,1.75,2.04
2021-06-26,2021-06-26 16:05:00,Port Adelaide,Sydney,Adelaide Oval,81,71,10,1.0,False,1.37,3.01
2021-06-26,2021-06-26 19:25:00,Essendon,Melbourne,MCG,57,68,-11,0.0,False,3.67,1.27
2021-06-27,2021-06-27 13:10:00,GWS Giants,Hawthorn,MCG,72,90,-18,0.0,False,1.52,2.47
2021-06-27,2021-06-27 13:20:00,West Coast,Western Bulldogs,Optus Stadium,43,98,-55,0.0,False,1.71,2.1
2021-06-27,2021-06-27 16:10:00,Carlton,Adelaide,Marvel Stadium,83,73,10,1.0,False,1.46,2.67
2021-07-01,2021-07-01 19:20:00,Gold Coast,Richmond,Marvel Stadium,77,67,10,1.0,False,4.48,1.19
2021-07-02,2021-07-02 19:50:00,Geelong,Essendon,GMHBA Stadium,98,57,41,1.0,False,1.22,4.16
2021-07-03,2021-07-03 13:45:00,Melbourne,GWS Giants,MCG,55,64,-9,0.0,False,1.2,4.37
2021-07-03,2021-07-03 16:05:00,Adelaide,Brisbane,Adelaide Oval,59,111,-52,0.0,False,3.5,1.28
2021-07-03,2021-07-03 19:40:00,Fremantle,Carlton,MCG,64,80,-16,0.0,False,1.91,1.85
2021-07-03,2021-07-03 19:40:00,Hawthorn,Port Adelaide,Marvel Stadium,53,87,-34,0.0,False,2.97,1.38
2021-07-04,2021-07-04 13:10:00,Sydney,West Coast,GMHBA Stadium,118,26,92,1.0,False,1.8,1.97
2021-07-04,2021-07-04 15:20:00,Collingwood,St Kilda,MCG,61,70,-9,0.0,False,1.9,1.88
2021-07-04,2021-07-04 16:40:00,Western Bulldogs,North Melbourne,Marvel Stadium,108,79,29,1.0,False,1.05,9.87
2021-07-08,2021-07-08 19:10:00,Port Adelaide,Melbourne,Adelaide Oval,55,86,-31,0.0,False,1.67,2.18
2021-07-09,2021-07-09 19:50:00,Essendon,Adelaide,Marvel Stadium,84,21,63,1.0,False,1.26,3.81
2021-07-10,2021-07-10 13:45:00,Hawthorn,Fremantle,UTAS Stadium,46,108,-62,0.0,False,2.32,1.6
2021-07-10,2021-07-10 16:35:00,Carlton,Geelong,MCG,44,70,-26,0.0,False,3.35,1.32
2021-07-10,2021-07-10 19:25:00,Brisbane,St Kilda,People First Stadium,63,95,-32,0.0,False,1.2,4.44
2021-07-11,2021-07-11 12:40:00,GWS Giants,Gold Coast,Mars Stadium,64,65,-1,0.0,False,1.37,3.04
2021-07-11,2021-07-11 15:20:00,Western Bulldogs,Sydney,Marvel Stadium,60,79,-19,0.0,False,1.31,3.38
2021-07-11,2021-07-11 16:10:00,Richmond,Collingwood,MCG,71,87,-16,0.0,False,1.65,2.21
2021-07-12,2021-07-12 17:40:00,West Coast,North Melbourne,Optus Stadium,60,70,-10,0.0,False,1.18,4.79
2021-07-15,2021-07-15 18:10:00,Fremantle,Geelong,Optus Stadium,31,100,-69,0.0,False,2.08,1.72
2021-07-16,2021-07-16 20:05:00,Richmond,Brisbane,People First Stadium,106,86,20,1.0,False,3.05,1.36
2021-07-17,2021-07-17 13:45:00,St Kilda,Port Adelaide,Marvel Stadium,61,74,-13,0.0,False,1.74,2.05
2021-07-17,2021-07-17 16:35:00,Gold Coast,Western Bulldogs,People First Stadium,79,90,-11,0.0,False,3.95,1.24
2021-07-17,2021-07-17 19:25:00,Melbourne,Hawthorn,MCG,79,79,0,0.5,False,1.08,7.86
2021-07-18,2021-07-18 12:35:00,North Melbourne,Essendon,People First Stadium,74,92,-18,0.0,False,3.76,1.25
2021-07-18,2021-07-18 15:20:00,Collingwood,Carlton,MCG,62,91,-29,0.0,False,1.8,1.97
2021-07-18,2021-07-18 16:10:00,Adelaide,West Coast,Adelaide Oval,56,98,-42,0.0,False,2.05,1.74
2021-07-18,2021-07-18 18:10:00,GWS Giants,Sydney,People First Stadium,72,98,-26,0.0,False,2.54,1.5
2021-07-23,2021-07-23 19:10:00,Port Adelaide,Collingwood,Marvel Stadium,97,69,28,1.0,False,1.22,4.1
2021-07-24,2021-07-24 13:45:00,Carlton,North Melbourne,Marvel Stadium,77,116,-39,0.0,False,1.56,2.39
2021-07-24,2021-07-24 15:10:00,Brisbane,Gold Coast,Gabba,120,71,49,1.0,False,1.19,4.59
2021-07-24,2021-07-24 16:35:00,West Coast,St Kilda,Optus Stadium,94,86,8,1.0,False,1.38,2.96
2021-07-24,2021-07-24 19:25:00,Melbourne,Western Bulldogs,MCG,65,85,-20,0.0,False,1.75,2.05
2021-07-24,2021-07-24 19:40:00,Adelaide,Hawthorn,Marvel Stadium,102,83,19,1.0,False,2.29,1.6
2021-07-25,2021-07-25 12:30:00,Sydney,Fremantle,People First Stadium,98,58,40,1.0,False,1.31,3.37
2021-07-25,2021-07-25 15:20:00,Geelong,Richmond,MCG,95,57,38,1.0,False,1.33,3.17
2021-07-25,2021-07-25 18:10:00,Essendon,GWS Giants,People First Stadium,53,66,-13,0.0,False,1.65,2.21
2021-07-30,2021-07-30 19:50:00,St Kilda,Carlton,Marvel Stadium,81,112,-31,0.0,False,1.51,2.5
2021-07-31,2021-07-31 12:20:00,Western Bulldogs,Adelaide,Mars Stadium,105,56,49,1.0,False,1.07,8.11
2021-07-31,2021-07-31 13:15:00,North Melbourne,Geelong,Ninja Stadium,42,62,-20,0.0,False,5.69,1.13
2021-07-31,2021-07-31 16:15:00,Collingwood,West Coast,MCG,90,45,45,1.0,False,2.2,1.65
2021-08-01,2021-08-01 12:10:00,Gold Coast,Melbourne,Marvel Stadium,30,128,-98,0.0,False,5.1,1.17
2021-08-01,2021-08-01 14:10:00,Hawthorn,Brisbane,UTAS Stadium,92,80,12,1.0,False,4.97,1.16
2021-08-01,2021-08-01 15:10:00,Essendon,Sydney,MCG,102,109,-7,0.0,False,2.67,1.46
2021-08-01,2021-08-01 15:10:00,Fremantle,Richmond,Optus Stadium,55,51,4,1.0,False,2.34,1.58
2021-08-01,2021-08-01 18:10:00,GWS Giants,Port Adelaide,Marvel Stadium,73,100,-27,0.0,False,2.61,1.48
2021-08-06,2021-08-06 19:50:00,Geelong,GWS Giants,GMHBA Stadium,65,84,-19,0.0,False,1.09,7.13
2021-08-07,2021-08-07 13:45:00,Carlton,Gold Coast,Marvel Stadium,57,76,-19,0.0,False,1.28,3.55
2021-08-07,2021-08-07 16:35:00,Richmond,North Melbourne,MCG,89,56,33,1.0,False,1.44,2.71
2021-08-07,2021-08-07 19:10:00,Adelaide,Port Adelaide,Adelaide Oval,51,55,-4,0.0,False,6.3,1.11
2021-08-07,2021-08-07 19:40:00,St Kilda,Sydney,Marvel Stadium,93,64,29,1.0,False,3.08,1.36
2021-08-08,2021-08-08 14:10:00,Hawthorn,Collingwood,UTAS Stadium,97,78,19,1.0,False,2.23,1.64
2021-08-08,2021-08-08 15:10:00,Fremantle,Brisbane,Optus Stadium,54,118,-64,0.0,False,2.51,1.5
2021-08-08,2021-08-08 15:20:00,Western Bulldogs,Essendon,Marvel Stadium,84,97,-13,0.0,False,1.22,4.22
2021-08-09,2021-08-09 18:10:00,West Coast,Melbourne,Optus Stadium,63,72,-9,0.0,False,2.9,1.39
2021-08-13,2021-08-13 19:50:00,GWS Giants,Richmond,Marvel Stadium,106,67,39,1.0,False,2.16,1.69
2021-08-14,2021-08-14 13:45:00,Hawthorn,Western Bulldogs,UTAS Stadium,64,37,27,1.0,False,5.21,1.16
2021-08-14,2021-08-14 16:05:00,Port Adelaide,Carlton,Adelaide Oval,140,45,95,1.0,False,1.1,6.7
2021-08-14,2021-08-14 16:35:00,Geelong,St Kilda,GMHBA Stadium,85,71,14,1.0,False,1.27,3.71
2021-08-14,2021-08-14 19:25:00,Brisbane,Collingwood,Gabba,142,57,85,1.0,False,1.11,6.46
2021-08-14,2021-08-14 19:40:00,North Melbourne,Sydney,Marvel Stadium,77,91,-14,0.0,False,2.94,1.4
2021-08-15,2021-08-15 14:10:00,Melbourne,Adelaide,MCG,104,63,41,1.0,False,1.07,8.36
2021-08-15,2021-08-15 15:10:00,Fremantle,West Coast,Optus Stadium,79,64,15,1.0,False,3.0,1.38
2021-08-15,2021-08-15 15:20:00,Gold Coast,Essendon,GMHBA Stadium,30,98,-68,0.0,False,3.53,1.29
2021-08-20,2021-08-20 19:50:00,Western Bulldogs,Port Adelaide,Marvel Stadium,64,66,-2,0.0,False,1.65,2.22
2021-08-21,2021-08-21 13:35:00,Richmond,Hawthorn,MCG,83,83,0,0.5,False,3.04,1.37
2021-08-21,2021-08-21 13:45:00,Sydney,Gold Coast,Marvel Stadium,136,49,87,1.0,False,1.18,4.75
2021-08-21,2021-08-21 16:35:00,Brisbane,West Coast,Gabba,125,87,38,1.0,False,1.08,7.67
2021-08-21,2021-08-21 19:25:00,Geelong,Melbourne,GMHBA Stadium,77,81,-4,0.0,False,1.9,1.88
2021-08-21,2021-08-21 19:40:00,Carlton,GWS Giants,Marvel Stadium,75,89,-14,0.0,False,3.4,1.3
2021-08-22,2021-08-22 12:15:00,St Kilda,Fremantle,Ninja Stadium,107,49,58,1.0,False,1.66,2.18
2021-08-22,2021-08-22 15:20:00,Essendon,Collingwood,MCG,102,64,38,1.0,False,1.3,3.45
2021-08-22,2021-08-22 16:10:00,Adelaide,North Melbourne,Adelaide Oval,98,54,44,1.0,False,1.83,1.95
2021-08-27,2021-08-27 19:20:00,Port Adelaide,Geelong,Adelaide Oval,86,43,43,1.0,True,1.69,2.14
2021-08-28,2021-08-28 15:20:00,Sydney,GWS Giants,UTAS Stadium,73,74,-1,0.0,True,1.77,2.01
2021-08-28,2021-08-28 19:00:00,Melbourne,Brisbane,Adelaide Oval,93,60,33,1.0,True,1.66,2.18
2021-08-29,2021-08-29 15:20:00,Western Bulldogs,Essendon,UTAS Stadium,85,36,49,1.0,True,1.56,2.4
2021-09-03,2021-09-03 19:50:00,Geelong,GWS Giants,Optus Stadium,103,68,35,1.0,True,1.33,3.25
2021-09-04,2021-09-04 19:20:00,Brisbane,Western Bulldogs,Gabba,78,79,-1,0.0,True,1.58,2.36
2021-09-10,2021-09-10 17:50:00,Melbourne,Geelong,Optus Stadium,125,42,83,1.0,True,1.49,2.61
2021-09-11,2021-09-11 19:10:00,Port Adelaide,Western Bulldogs,Adelaide Oval,45,116,-71,0.0,True,1.38,3.01
2021-09-25,2021-09-25 17:15:00,Melbourne,Western Bulldogs,Optus Stadium,140,66,74,1.0,True,1.66,2.2
2022-03-16,2022-03-16 19:10:00,Melbourne,Western Bulldogs,MCG,97,71,26,1.0,False,1.63,2.24
2022-03-17,2022-03-17 19:25:00,Carlton,Richmond,MCG,101,76,25,1.0,False,2.51,1.51
2022-03-18,2022-03-18 19:50:00,St Kilda,Collingwood,Marvel Stadium,85,102,-17,0.0,False,1.62,2.24
2022-03-19,2022-03-19 14:10:00,Geelong,Essendon,MCG,138,72,66,1.0,False,1.63,2.23
2022-03-19,2022-03-19 17:10:00,GWS Giants,Sydney,Accor Stadium,92,112,-20,0.0,False,1.95,1.81
2022-03-19,2022-03-19 19:10:00,Brisbane,Port Adelaide,Gabba,80,69,11,1.0,False,1.38,2.96
2022-03-20,2022-03-20 13:10:00,Hawthorn,North Melbourne,MCG,78,58,20,1.0,False,1.78,1.99
2022-03-20,2022-03-20 15:40:00,Adelaide,Fremantle,Adelaide Oval,82,83,-1,0.0,False,1.71,2.08
2022-03-20,2022-03-20 16:40:00,West Coast,Gold Coast,Optus Stadium,80,107,-27,0.0,False,2.17,1.66
2022-03-24,2022-03-24 19:20:00,Western Bulldogs,Carlton,Marvel Stadium,90,102,-12,0.0,False,1.53,2.43
2022-03-25,2022-03-25 19:50:00,Sydney,Geelong,SCG,107,77,30,1.0,False,1.8,1.96
2022-03-26,2022-03-26 13:45:00,Collingwood,Adelaide,MCG,100,58,42,1.0,False,1.33,3.21
2022-03-26,2022-03-26 16:35:00,Essendon,Brisbane,Marvel Stadium,75,97,-22,0.0,False,2.88,1.4
2022-03-26,2022-03-26 19:00:00,Gold Coast,Melbourne,People First Stadium,69,82,-13,0.0,False,3.59,1.27
2022-03-26,2022-03-26 19:10:00,Port Adelaide,Hawthorn,Adelaide Oval,56,120,-64,0.0,False,1.27,3.57
2022-03-27,2022-03-27 13:10:00,North Melbourne,West Coast,Marvel Stadium,74,59,15,1.0,False,1.24,3.96
2022-03-27,2022-03-27 15:20:00,Fremantle,St Kilda,Optus Stadium,55,65,-10,0.0,False,1.8,1.9
2022-03-27,2022-03-27 15:20:00,Richmond,GWS Giants,MCG,109,73,36,1.0,False,2.31,1.55
2022-03-31,2022-03-31 19:20:00,Western Bulldogs,Sydney,Marvel Stadium,71,60,11,1.0,False,1.72,2.06
2022-04-01,2022-04-01 19:20:00,Melbourne,Essendon,MCG,99,70,29,1.0,False,1.22,4.06
2022-04-01,2022-04-01 19:50:00,Adelaide,Port Adelaide,Adelaide Oval,96,92,4,1.0,False,2.92,1.39
2022-04-02,2022-04-02 16:35:00,GWS Giants,Gold Coast,ENGIE Stadium,83,57,26,1.0,False,1.39,2.83
2022-04-02,2022-04-02 19:00:00,Brisbane,North Melbourne,Gabba,156,48,108,1.0,False,1.05,8.86
2022-04-02,2022-04-02 19:25:00,Collingwood,Geelong,MCG,91,104,-13,0.0,False,2.47,1.51
2022-04-03,2022-04-03 13:10:00,Carlton,Hawthorn,MCG,74,73,1,1.0,False,1.62,2.22
2022-04-03,2022-04-03 15:20:00,St Kilda,Richmond,Marvel Stadium,117,84,33,1.0,False,1.66,2.16
2022-04-03,2022-04-03 15:20:00,West Coast,Fremantle,Optus Stadium,47,102,-55,0.0,False,1.73,2.05
2022-04-07,2022-04-07 19:10:00,Port Adelaide,Melbourne,Adelaide Oval,36,68,-32,0.0,False,3.1,1.35
2022-04-08,2022-04-08 19:50:00,Geelong,Brisbane,GMHBA Stadium,80,70,10,1.0,False,1.9,1.86
2022-04-09,2022-04-09 16:35:00,Collingwood,West Coast,Marvel Stadium,74,87,-13,0.0,False,1.24,3.92
2022-04-09,2022-04-09 16:35:00,Sydney,North Melbourne,SCG,86,75,11,1.0,False,1.09,7.09
2022-04-09,2022-04-09 17:25:00,Fremantle,GWS Giants,Optus Stadium,88,54,34,1.0,False,1.64,2.2
2022-04-09,2022-04-09 19:25:00,Richmond,Western Bulldogs,MCG,99,61,38,1.0,False,2.67,1.45
2022-04-10,2022-04-10 13:10:00,Essendon,Adelaide,Marvl,103,99,4,1.0,False,1.58,2.32
2022-04-10,2022-04-10 15:20:00,Hawthorn,St Kilda,MCG,73,142,-69,0.0,False,1.99,1.77
2022-04-10,2022-04-10 16:10:00,Gold Coast,Carlton,People First Stadium,92,62,30,1.0,False,2.32,1.58
2022-04-14,2022-04-14 19:35:00,Brisbane,Collingwood,Gabba,98,91,7,1.0,False,1.17,4.71
2022-04-15,2022-04-15 16:20:00,North Melbourne,Western Bulldogs,Marvel Stadium,71,139,-68,0.0,False,4.62,1.19
2022-04-15,2022-04-15 17:40:00,West Coast,Sydney,Optus Stadium,58,121,-63,0.0,False,2.11,1.7
2022-04-16,2022-04-16 13:45:00,St Kilda,Gold Coast,Marvel Stadium,87,61,26,1.0,False,1.32,3.24
2022-04-16,2022-04-16 16:35:00,Adelaide,Richmond,Adelaide Oval,101,82,19,1.0,False,2.14,1.67
2022-04-16,2022-04-16 19:25:00,Melbourne,GWS Giants,MCG,120,53,67,1.0,False,1.13,5.5
2022-04-17,2022-04-17 13:40:00,Carlton,Port Adelaide,MCG,94,91,3,1.0,False,1.58,2.33
2022-04-17,2022-04-17 16:40:00,Essendon,Fremantle,Marvel Stadium,59,107,-48,0.0,False,1.86,1.9
2022-04-18,2022-04-18 15:20:00,Hawthorn,Geelong,MCG,92,80,12,1.0,False,3.18,1.33
2022-04-22,2022-04-22 19:50:00,GWS Giants,St Kilda,Manuka Oval,60,77,-17,0.0,False,2.08,1.71
2022-04-23,2022-04-23 13:45:00,Western Bulldogs,Adelaide,Mars Stadium,62,63,-1,0.0,False,1.24,3.81
2022-04-23,2022-04-23 16:05:00,Port Adelaide,West Coast,Adelaide Oval,117,33,84,1.0,False,1.21,4.15
2022-04-23,2022-04-23 17:40:00,Fremantle,Carlton,Optus Stadium,97,62,35,1.0,False,1.63,2.21
2022-04-24,2022-04-24 13:10:00,North Melbourne,Geelong,Ninja Stadium,61,121,-60,0.0,False,4.41,1.19
2022-04-24,2022-04-24 16:10:00,Gold Coast,Brisbane,People First Stadium,80,132,-52,0.0,False,3.42,1.29
2022-04-24,2022-04-24 19:25:00,Richmond,Melbourne,MCG,54,76,-22,0.0,False,3.61,1.27
2022-04-25,2022-04-25 12:30:00,Hawthorn,Sydney,UTAS Stadium,68,109,-41,0.0,False,2.4,1.54
2022-04-25,2022-04-25 15:20:00,Essendon,Collingwood,MCG,82,93,-11,0.0,False,2.33,1.57
2022-04-29,2022-04-29 18:10:00,West Coast,Richmond,Optus Stadium,56,165,-109,0.0,False,2.67,1.45
2022-04-30,2022-04-30 13:40:00,Adelaide,GWS Giants,Adelaide Oval,54,113,-59,0.0,False,1.72,2.07
2022-04-30,2022-04-30 13:45:00,Geelong,Fremantle,GMHBA Stadium,66,69,-3,0.0,False,1.26,3.68
2022-04-30,2022-04-30 16:35:00,Melbourne,Hawthorn,MCG,91,81,10,1.0,False,1.15,5.13
2022-04-30,2022-04-30 19:25:00,St Kilda,Port Adelaide,Cazaly’s Stadium,42,43,-1,0.0,False,1.62,2.23
2022-04-30,2022-04-30 19:35:00,Carlton,North Melbourne,Marvel Stadium,114,64,50,1.0,False,1.2,4.21
2022-05-01,2022-05-01 13:10:00,Collingwood,Gold Coast,MCG,115,90,25,1.0,False,1.45,2.67
2022-05-01,2022-05-01 15:20:00,Western Bulldogs,Essendon,Marvel Stadium,103,71,32,1.0,False,1.37,2.98
2022-05-01,2022-05-01 16:40:00,Sydney,Brisbane,SCG,89,113,-24,0.0,False,1.77,1.99
2022-05-06,2022-05-06 18:40:00,Fremantle,North Melbourne,Optus Stadium,102,24,78,1.0,False,1.11,6.09
2022-05-06,2022-05-06 19:00:00,Port Adelaide,Western Bulldogs,Adelaide Oval,86,69,17,1.0,False,1.58,2.32
2022-05-07,2022-05-07 13:45:00,Richmond,Collingwood,MCG,113,86,27,1.0,False,1.55,2.37
2022-05-07,2022-05-07 13:45:00,Sydney,Gold Coast,SCG,61,75,-14,0.0,False,1.15,5.25
2022-05-07,2022-05-07 16:35:00,GWS Giants,Geelong,Manuka Oval,35,88,-53,0.0,False,1.89,1.86
2022-05-07,2022-05-07 19:25:00,Brisbane,West Coast,Gabba,105,30,75,1.0,False,1.01,17.96
2022-05-07,2022-05-07 19:25:00,Essendon,Hawthorn,Marvel Stadium,108,81,27,1.0,False,2.8,1.41
2022-05-08,2022-05-08 13:10:00,Melbourne,St Kilda,MCG,93,55,38,1.0,False,1.34,3.17
2022-05-08,2022-05-08 16:40:00,Carlton,Adelaide,Marvel Stadium,116,68,48,1.0,False,1.28,3.56
2022-05-13,2022-05-13 19:50:00,Collingwood,Western Bulldogs,Marvel Stadium,51,99,-48,0.0,False,2.49,1.51
2022-05-14,2022-05-14 13:45:00,Hawthorn,Richmond,MCG,94,117,-23,0.0,False,3.22,1.33
2022-05-14,2022-05-14 14:10:00,North Melbourne,Port Adelaide,Ninja Stadium,46,115,-69,0.0,False,5.96,1.11
2022-05-14,2022-05-14 16:35:00,St Kilda,Geelong,Marvel Stadium,90,80,10,1.0,False,2.07,1.72
2022-05-14,2022-05-14 19:10:00,Adelaide,Brisbane,Adelaide Oval,66,102,-36,0.0,False,4.87,1.16
2022-05-14,2022-05-14 19:25:00,Sydney,Essendon,SCG,105,47,58,1.0,False,1.26,3.72
2022-05-15,2022-05-15 13:40:00,Gold Coast,Fremantle,People First Stadium,69,33,36,1.0,False,2.38,1.55
2022-05-15,2022-05-15 15:20:00,GWS Giants,Carlton,ENGIE Stadium,75,105,-30,0.0,False,1.69,2.1
2022-05-15,2022-05-15 15:20:00,West Coast,Melbourne,Optus Stadium,38,112,-74,0.0,False,16.39,1.02
2022-05-20,2022-05-20 19:50:00,Carlton,Sydney,Marvel Stadium,102,87,15,1.0,False,2.12,1.68
2022-05-21,2022-05-21 13:45:00,Geelong,Port Adelaide,GMHBA Stadium,82,47,35,1.0,False,1.44,2.68
2022-05-21,2022-05-21 13:45:00,Western Bulldogs,Gold Coast,Mars Stadium,106,87,19,1.0,False,1.41,2.83
2022-05-21,2022-05-21 16:35:00,North Melbourne,Melbourne,Marvel Stadium,53,100,-47,0.0,False,17.07,1.01
2022-05-21,2022-05-21 19:00:00,Adelaide,St Kilda,Adelaide Oval,69,90,-21,0.0,False,3.14,1.34
2022-05-21,2022-05-21 19:30:00,Richmond,Essendon,MCG,80,48,32,1.0,False,1.23,3.93
2022-05-22,2022-05-22 14:10:00,GWS Giants,West Coast,ENGIE Stadium,138,86,52,1.0,False,1.15,5.2
2022-05-22,2022-05-22 15:20:00,Fremantle,Collingwood,Optus Stadium,44,80,-36,0.0,False,1.27,3.62
2022-05-22,2022-05-22 15:20:00,Hawthorn,Brisbane,UTAS Stadium,117,112,5,1.0,False,3.23,1.32
2022-05-27,2022-05-27 19:50:00,Sydney,Richmond,SCG,106,100,6,1.0,False,1.63,2.2
2022-05-28,2022-05-28 13:45:00,Brisbane,GWS Giants,Gabba,110,96,14,1.0,False,1.14,5.23
2022-05-28,2022-05-28 13:45:00,Geelong,Adelaide,GMHBA Stadium,97,55,42,1.0,False,1.1,6.44
2022-05-28,2022-05-28 16:35:00,Melbourne,Fremantle,MCG,56,94,-38,0.0,False,1.2,4.3
2022-05-28,2022-05-28 17:30:00,West Coast,Western Bulldogs,Optus Stadium,60,161,-101,0.0,False,7.33,1.08
2022-05-28,2022-05-28 19:10:00,Gold Coast,Hawthorn,TIO Stadium,121,54,67,1.0,False,1.75,2.0
2022-05-29,2022-05-29 13:10:00,St Kilda,North Melbourne,Marvel Stadium,103,50,53,1.0,False,1.09,6.7
2022-05-29,2022-05-29 15:20:00,Collingwood,Carlton,MCG,79,75,4,1.0,False,2.18,1.64
2022-05-29,2022-05-29 16:10:00,Port Adelaide,Essendon,Adelaide Oval,66,50,16,1.0,False,1.12,5.83
2022-06-03,2022-06-03 19:50:00,Western Bulldogs,Geelong,Marvel Stadium,70,83,-13,0.0,False,1.75,2.01
2022-06-04,2022-06-04 13:05:00,Adelaide,West Coast,Adelaide Oval,88,57,31,1.0,False,1.09,6.66
2022-06-04,2022-06-04 16:05:00,Gold Coast,North Melbourne,TIO Stadium,109,47,62,1.0,False,1.08,7.11
2022-06-04,2022-06-04 19:25:00,Melbourne,Sydney,MCG,61,73,-12,0.0,False,1.23,3.87
2022-06-05,2022-06-05 14:10:00,Hawthorn,Collingwood,MCG,68,72,-4,0.0,False,2.49,1.51
2022-06-05,2022-06-05 15:20:00,Fremantle,Brisbane,Optus Stadium,99,85,14,1.0,False,2.06,1.72
2022-06-09,2022-06-09 19:20:00,Richmond,Port Adelaide,MCG,77,65,12,1.0,False,1.49,2.52
2022-06-10,2022-06-10 19:50:00,Essendon,Carlton,MCG,54,80,-26,0.0,False,2.95,1.37
2022-06-11,2022-06-11 14:10:00,Fremantle,Hawthorn,Optus Stadium,95,82,13,1.0,False,1.11,6.11
2022-06-11,2022-06-11 19:25:00,Brisbane,St Kilda,Gabba,78,57,21,1.0,False,1.26,3.5
2022-06-12,2022-06-12 15:20:00,North Melbourne,GWS Giants,Marvel Stadium,53,102,-49,0.0,False,5.13,1.15
2022-06-13,2022-06-13 15:20:00,Collingwood,Melbourne,MCG,82,56,26,1.0,False,2.87,1.4
2022-06-16,2022-06-16 19:20:00,Richmond,Carlton,MCG,81,66,15,1.0,False,1.65,2.17
2022-06-17,2022-06-17 19:50:00,St Kilda,Essendon,Marvel Stadium,72,107,-35,0.0,False,1.24,3.81
2022-06-18,2022-06-18 13:05:00,Port Adelaide,Sydney,Adelaide Oval,82,59,23,1.0,False,2.19,1.64
2022-06-18,2022-06-18 14:35:00,West Coast,Geelong,Optus Stadium,63,81,-18,0.0,False,7.7,1.08
2022-06-18,2022-06-18 19:25:00,GWS Giants,Western Bulldogs,ENGIE Stadium,105,125,-20,0.0,False,2.31,1.58
2022-06-19,2022-06-19 15:20:00,Gold Coast,Adelaide,People First Stadium,116,73,43,1.0,False,1.24,3.86
2022-06-23,2022-06-23 19:20:00,Melbourne,Brisbane,MCG,117,53,64,1.0,False,1.56,2.35
2022-06-24,2022-06-24 18:40:00,West Coast,Essendon,Optus Stadium,107,97,10,1.0,False,2.56,1.48
2022-06-24,2022-06-24 19:00:00,Western Bulldogs,Hawthorn,Marvel Stadium,125,83,42,1.0,False,1.29,3.44
2022-06-25,2022-06-25 13:45:00,Carlton,Fremantle,Marvel Stadium,81,50,31,1.0,False,2.13,1.67
2022-06-25,2022-06-25 16:35:00,Geelong,Richmond,MCG,89,86,3,1.0,False,1.77,2.0
2022-06-25,2022-06-25 19:25:00,Sydney,St Kilda,SCG,83,32,51,1.0,False,1.37,2.94
2022-06-26,2022-06-26 13:10:00,North Melbourne,Adelaide,Ninja Stadium,58,115,-57,0.0,False,3.09,1.34
2022-06-26,2022-06-26 15:20:00,Collingwood,GWS Giants,MCG,88,77,11,1.0,False,1.42,2.77
2022-06-26,2022-06-26 15:40:00,Port Adelaide,Gold Coast,Adelaide Oval,93,91,2,1.0,False,1.45,2.67
2022-06-30,2022-06-30 19:20:00,Brisbane,Western Bulldogs,Gabba,108,67,41,1.0,False,1.38,2.92
2022-07-01,2022-07-01 19:50:00,Carlton,St Kilda,Marvel Stadium,78,93,-15,0.0,False,1.66,2.17
2022-07-02,2022-07-02 13:45:00,Essendon,Sydney,MCG,95,86,9,1.0,False,2.96,1.37
2022-07-02,2022-07-02 16:05:00,Adelaide,Melbourne,Adelaide Oval,65,94,-29,0.0,False,4.52,1.18
2022-07-02,2022-07-02 19:25:00,Geelong,North Melbourne,GMHBA Stadium,144,32,112,1.0,False,1.01,17.88
2022-07-02,2022-07-02 19:25:00,Gold Coast,Collingwood,People First Stadium,62,67,-5,0.0,False,1.73,2.04
2022-07-03,2022-07-03 14:10:00,Richmond,West Coast,MCG,128,93,35,1.0,False,1.08,8.09
2022-07-03,2022-07-03 15:20:00,Fremantle,Port Adelaide,Optus Stadium,99,91,8,1.0,False,1.41,2.79
2022-07-03,2022-07-03 15:20:00,GWS Giants,Hawthorn,ENGIE Stadium,72,50,22,1.0,False,1.46,2.61
2022-07-07,2022-07-07 19:20:00,Geelong,Melbourne,GMHBA Stadium,91,63,28,1.0,False,1.93,1.83
2022-07-08,2022-07-08 19:50:00,Sydney,Western Bulldogs,SCG,120,67,53,1.0,False,1.6,2.27
2022-07-09,2022-07-09 13:45:00,Collingwood,North Melbourne,MCG,88,81,7,1.0,False,1.03,10.94
2022-07-09,2022-07-09 16:35:00,Gold Coast,Richmond,People First Stadium,94,92,2,1.0,False,1.88,1.87
2022-07-09,2022-07-09 19:00:00,Port Adelaide,GWS Giants,Adelaide Oval,84,29,55,1.0,False,1.36,2.99
2022-07-09,2022-07-09 19:25:00,St Kilda,Fremantle,Marvel Stadium,70,111,-41,0.0,False,1.87,1.87
2022-07-10,2022-07-10 13:10:00,Brisbane,Essendon,Gabba,90,100,-10,0.0,False,1.32,3.26
2022-07-10,2022-07-10 14:40:00,West Coast,Carlton,Optus Stadium,53,116,-63,0.0,False,3.19,1.33
2022-07-10,2022-07-10 15:20:00,Hawthorn,Adelaide,Marvel Stadium,86,54,32,1.0,False,1.63,2.22
2022-07-15,2022-07-15 19:50:00,Western Bulldogs,St Kilda,Marvel Stadium,84,56,28,1.0,False,1.63,2.2
2022-07-16,2022-07-16 13:05:00,Adelaide,Collingwood,Manuka Oval,86,91,-5,0.0,False,2.36,1.56
2022-07-16,2022-07-16 13:45:00,GWS Giants,Brisbane,Adelaide Oval,59,99,-40,0.0,False,2.42,1.53
2022-07-16,2022-07-16 16:35:00,North Melbourne,Richmond,Marvel Stadium,92,88,4,1.0,False,8.2,1.06
2022-07-16,2022-07-16 17:30:00,Fremantle,Sydney,Optus Stadium,65,82,-17,0.0,False,1.53,2.42
2022-07-16,2022-07-16 19:25:00,Carlton,Geelong,MCG,55,85,-30,0.0,False,2.41,1.53
2022-07-17,2022-07-17 13:10:00,Hawthorn,West Coast,MCG,102,77,25,1.0,False,1.13,5.36
2022-07-17,2022-07-17 14:50:00,Melbourne,Port Adelaide,TIO Stadium,83,69,14,1.0,False,1.58,2.32
2022-07-17,2022-07-17 16:40:00,Essendon,Gold Coast,Marvel Stadium,103,55,48,1.0,False,1.86,1.89
2022-07-22,2022-07-22 19:50:00,Richmond,Fremantle,Ninja Stadium,52,52,0,0.5,False,1.86,1.88
2022-07-23,2022-07-23 13:45:00,North Melbourne,Hawthorn,SCG,75,121,-46,0.0,False,3.27,1.31
2022-07-23,2022-07-23 13:45:00,Sydney,Adelaide,SCG,118,85,33,1.0,False,1.1,6.35
2022-07-23,2022-07-23 16:05:00,Port Adelaide,Geelong,Adelaide Oval,94,106,-12,0.0,False,2.11,1.69
2022-07-23,2022-07-23 19:10:00,Brisbane,Gold Coast,Gabba,110,93,17,1.0,False,1.23,3.97
2022-07-23,2022-07-23 19:25:00,Western Bulldogs,Melbourne,Marvel Stadium,110,100,10,1.0,False,2.28,1.6
2022-07-24,2022-07-24 13:10:00,Carlton,GWS Giants,Marvel Stadium,90,54,36,1.0,False,1.15,5.03
2022-07-24,2022-07-24 14:40:00,West Coast,St Kilda,Optus Stadium,62,90,-28,0.0,False,3.15,1.33
2022-07-24,2022-07-24 15:20:00,Collingwood,Essendon,MCG,80,76,4,1.0,False,1.7,2.08
2022-07-29,2022-07-29 18:10:00,Fremantle,Melbourne,Optus Stadium,39,85,-46,0.0,False,2.17,1.66
2022-07-30,2022-07-30 13:45:00,Collingwood,Port Adelaide,MCG,88,82,6,1.0,False,1.67,2.14
2022-07-30,2022-07-30 14:10:00,Sydney,GWS Giants,SCG,112,39,73,1.0,False,1.19,4.41
2022-07-30,2022-07-30 16:35:00,St Kilda,Hawthorn,Marvel Stadium,75,63,12,1.0,False,1.63,2.2
2022-07-30,2022-07-30 19:00:00,Adelaide,Carlton,Adelaide Oval,84,55,29,1.0,False,2.9,1.38
2022-07-30,2022-07-30 19:25:00,Geelong,Western Bulldogs,GMHBA Stadium,94,66,28,1.0,False,1.27,3.62
2022-07-31,2022-07-31 13:10:00,Gold Coast,West Coast,People First Stadium,107,104,3,1.0,False,1.15,5.07
2022-07-31,2022-07-31 15:20:00,Richmond,Brisbane,MCG,104,97,7,1.0,False,1.77,1.99
2022-07-31,2022-07-31 16:40:00,Essendon,North Melbourne,Marvel Stadium,114,66,48,1.0,False,1.08,7.17
2022-08-05,2022-08-05 19:50:00,Melbourne,Collingwood,MCG,89,96,-7,0.0,False,1.32,3.19
2022-08-06,2022-08-06 13:45:00,Hawthorn,Gold Coast,UTAS Stadium,70,63,7,1.0,False,1.9,1.85
2022-08-06,2022-08-06 14:10:00,GWS Giants,Essendon,ENGIE Stadium,96,69,27,1.0,False,2.19,1.64
2022-08-06,2022-08-06 16:35:00,Western Bulldogs,Fremantle,Marvel Stadium,78,95,-17,0.0,False,1.44,2.67
2022-08-06,2022-08-06 19:10:00,Port Adelaide,Richmond,Adelaide Oval,71,109,-38,0.0,False,1.64,2.18
2022-08-06,2022-08-06 19:25:00,Geelong,St Kilda,GMHBA Stadium,110,65,45,1.0,False,1.14,5.35
2022-08-07,2022-08-07 13:10:00,North Melbourne,Sydney,Marvel Stadium,88,126,-38,0.0,False,8.48,1.06
2022-08-07,2022-08-07 14:10:00,West Coast,Adelaide,Optus Stadium,86,102,-16,0.0,False,1.98,1.78
2022-08-07,2022-08-07 15:20:00,Brisbane,Carlton,Gabba,114,81,33,1.0,False,1.3,3.4
2022-08-12,2022-08-12 19:50:00,St Kilda,Brisbane,Marvel Stadium,66,81,-15,0.0,False,2.74,1.42
2022-08-13,2022-08-13 13:40:00,Adelaide,North Melbourne,Adelaide Oval,103,74,29,1.0,False,1.16,4.95
2022-08-13,2022-08-13 13:45:00,Western Bulldogs,GWS Giants,Marvel Stadium,62,57,5,1.0,False,1.17,4.8
2022-08-13,2022-08-13 16:35:00,Gold Coast,Geelong,People First Stadium,59,119,-60,0.0,False,4.06,1.22
2022-08-13,2022-08-13 19:25:00,Melbourne,Carlton,MCG,79,74,5,1.0,False,1.26,3.66
2022-08-13,2022-08-13 19:40:00,Fremantle,West Coast,Optus Stadium,71,47,24,1.0,False,1.08,7.17
2022-08-14,2022-08-14 13:10:00,Richmond,Hawthorn,MCG,128,67,61,1.0,False,1.27,3.56
2022-08-14,2022-08-14 15:20:00,Sydney,Collingwood,SCG,77,50,27,1.0,False,1.32,3.22
2022-08-14,2022-08-14 16:40:00,Essendon,Port Adelaide,Marvel Stadium,62,146,-84,0.0,False,1.74,2.03
2022-08-19,2022-08-19 19:50:00,Brisbane,Melbourne,Gabba,57,115,-58,0.0,False,1.79,1.96
2022-08-20,2022-08-20 13:45:00,GWS Giants,Fremantle,Manuka Oval,69,89,-20,0.0,False,2.83,1.41
2022-08-20,2022-08-20 14:10:00,North Melbourne,Gold Coast,Marvel Stadium,47,114,-67,0.0,False,3.16,1.34
2022-08-20,2022-08-20 16:35:00,Geelong,West Coast,GMHBA Stadium,131,46,85,1.0,False,1.02,13.33
2022-08-20,2022-08-20 19:00:00,Port Adelaide,Adelaide,Adelaide Oval,111,55,56,1.0,False,1.29,3.4
2022-08-20,2022-08-20 19:25:00,Essendon,Richmond,MCG,75,141,-66,0.0,False,3.47,1.28
2022-08-21,2022-08-21 13:10:00,Hawthorn,Western Bulldogs,UTAS Stadium,64,87,-23,0.0,False,2.97,1.37
2022-08-21,2022-08-21 15:20:00,Carlton,Collingwood,MCG,74,75,-1,0.0,False,2.02,1.74
2022-08-21,2022-08-21 16:40:00,St Kilda,Sydney,Marvel Stadium,74,88,-14,0.0,False,4.29,1.2
2022-09-01,2022-09-01 19:20:00,Brisbane,Richmond,Gabba,106,104,2,1.0,True,2.14,1.67
2022-09-02,2022-09-02 19:50:00,Melbourne,Sydney,MCG,69,91,-22,0.0,True,1.48,2.58
2022-09-03,2022-09-03 16:35:00,Geelong,Collingwood,MCG,78,72,6,1.0,True,1.3,3.38
2022-09-03,2022-09-03 18:10:00,Fremantle,Western Bulldogs,Optus Stadium,73,60,13,1.0,True,1.53,2.44
2022-09-09,2022-09-09 19:50:00,Melbourne,Brisbane,MCG,79,92,-13,0.0,True,1.2,4.28
2022-09-10,2022-09-10 19:25:00,Collingwood,Fremantle,MCG,79,59,20,1.0,True,1.5,2.51
2022-09-16,2022-09-16 19:50:00,Geelong,Brisbane,MCG,120,49,71,1.0,True,1.27,3.73
2022-09-17,2022-09-17 16:45:00,Sydney,Collingwood,SCG,95,94,1,1.0,True,1.39,2.99
2022-09-24,2022-09-24 14:30:00,Geelong,Sydney,MCG,133,52,81,1.0,True,1.47,2.57
2023-03-16,2023-03-16 19:20:00,Richmond,Carlton,MCG,58,58,0,0.5,False,1.62,2.21
2023-03-17,2023-03-17 19:40:00,Geelong,Collingwood,MCG,103,125,-22,0.0,False,1.52,2.43
2023-03-18,2023-03-18 13:45:00,North Melbourne,West Coast,Marvel Stadium,87,82,5,1.0,False,1.88,1.86
2023-03-18,2023-03-18 16:05:00,Port Adelaide,Brisbane,Adelaide Oval,126,72,54,1.0,False,1.92,1.83
2023-03-18,2023-03-18 19:00:00,Gold Coast,Sydney,People First Stadium,61,110,-49,0.0,False,2.25,1.6
2023-03-18,2023-03-18 19:25:00,Melbourne,Western Bulldogs,MCG,115,65,50,1.0,False,1.73,2.02
2023-03-19,2023-03-19 13:10:00,GWS Giants,Adelaide,ENGIE Stadium,106,90,16,1.0,False,1.62,2.2
2023-03-19,2023-03-19 15:20:00,Hawthorn,Essendon,MCG,65,124,-59,0.0,False,2.08,1.69
2023-03-19,2023-03-19 16:40:00,St Kilda,Fremantle,Marvel Stadium,67,52,15,1.0,False,2.68,1.43
2023-03-23,2023-03-23 19:20:00,Carlton,Geelong,MCG,90,82,8,1.0,False,2.41,1.53
2023-03-24,2023-03-24 18:55:00,Brisbane,Melbourne,Gabba,93,82,11,1.0,False,2.05,1.72
2023-03-25,2023-03-25 13:45:00,Collingwood,Port Adelaide,MCG,135,64,71,1.0,False,1.53,2.41
2023-03-25,2023-03-25 16:05:00,Adelaide,Richmond,Adelaide Oval,76,108,-32,0.0,False,2.4,1.53
2023-03-25,2023-03-25 16:30:00,Fremantle,North Melbourne,Optus Stadium,72,73,-1,0.0,False,1.13,5.49
2023-03-25,2023-03-25 19:25:00,Western Bulldogs,St Kilda,Marvel Stadium,41,92,-51,0.0,False,1.49,2.52
2023-03-26,2023-03-26 13:10:00,Sydney,Hawthorn,SCG,118,37,81,1.0,False,1.07,7.47
2023-03-26,2023-03-26 15:20:00,Essendon,Gold Coast,Marvel Stadium,108,80,28,1.0,False,1.53,2.42
2023-03-26,2023-03-26 15:20:00,West Coast,GWS Giants,Optus Stadium,100,81,19,1.0,False,1.94,1.81
2023-03-30,2023-03-30 19:20:00,Western Bulldogs,Brisbane,Marvel Stadium,67,53,14,1.0,False,2.33,1.57
2023-03-31,2023-03-31 19:50:00,Collingwood,Richmond,MCG,63,49,14,1.0,False,1.43,2.79
2023-04-01,2023-04-01 13:45:00,Hawthorn,North Melbourne,UTAS Stadium,80,61,19,1.0,False,2.28,1.6
2023-04-01,2023-04-01 16:35:00,GWS Giants,Carlton,ENGIE Stadium,64,74,-10,0.0,False,2.33,1.57
2023-04-01,2023-04-01 19:00:00,Port Adelaide,Adelaide,Adelaide Oval,86,117,-31,0.0,False,1.35,3.08
2023-04-01,2023-04-01 19:25:00,St Kilda,Essendon,MCG,92,74,18,1.0,False,1.8,1.95
2023-04-02,2023-04-02 14:10:00,Gold Coast,Geelong,People First Stadium,73,54,19,1.0,False,3.05,1.35
2023-04-02,2023-04-02 15:20:00,Fremantle,West Coast,Optus Stadium,108,67,41,1.0,False,1.4,2.81
2023-04-02,2023-04-02 15:20:00,Melbourne,Sydney,MCG,134,84,50,1.0,False,1.71,2.07
2023-04-06,2023-04-06 19:35:00,Brisbane,Collingwood,Gabba,116,83,33,1.0,False,1.92,1.83
2023-04-07,2023-04-07 16:20:00,North Melbourne,Carlton,Marvel Stadium,84,107,-23,0.0,False,4.68,1.17
2023-04-08,2023-04-08 13:05:00,Adelaide,Fremantle,Adelaide Oval,111,72,39,1.0,False,1.65,2.17
2023-04-08,2023-04-08 16:35:00,Richmond,Western Bulldogs,MCG,84,89,-5,0.0,False,1.56,2.36
2023-04-08,2023-04-08 19:30:00,St Kilda,Gold Coast,Marvel Stadium,113,60,53,1.0,False,1.41,2.73
2023-04-08,2023-04-08 19:30:00,Sydney,Port Adelaide,SCG,64,66,-2,0.0,False,1.33,3.21
2023-04-09,2023-04-09 14:10:00,Essendon,GWS Giants,Marvel Stadium,88,75,13,1.0,False,1.46,2.6
2023-04-09,2023-04-09 15:20:00,West Coast,Melbourne,Optus Stadium,63,126,-63,0.0,False,8.77,1.05
2023-04-10,2023-04-10 15:20:00,Geelong,Hawthorn,MCG,127,45,82,1.0,False,1.16,4.98
2023-04-13,2023-04-13 19:10:00,Adelaide,Carlton,Adelaide Oval,118,62,56,1.0,False,1.97,1.78
2023-04-14,2023-04-14 16:40:00,Fremantle,Gold Coast,Norwood Oval,100,90,10,1.0,False,1.64,2.19
2023-04-14,2023-04-14 19:40:00,Richmond,Sydney,Adelaide Oval,78,122,-44,0.0,False,2.21,1.62
2023-04-15,2023-04-15 12:40:00,Brisbane,North Melbourne,Adelaide Hills,152,77,75,1.0,False,1.2,4.27
2023-04-15,2023-04-15 13:40:00,Essendon,Melbourne,Adelaide Oval,104,77,27,1.0,False,3.24,1.32
2023-04-15,2023-04-15 19:20:00,Port Adelaide,Western Bulldogs,Adelaide Oval,70,56,14,1.0,False,1.47,2.59
2023-04-16,2023-04-16 12:40:00,Geelong,West Coast,Adelaide Oval,136,89,47,1.0,False,1.04,9.55
2023-04-16,2023-04-16 14:50:00,GWS Giants,Hawthorn,Norwood Oval,77,75,2,1.0,False,1.44,2.67
2023-04-16,2023-04-16 16:20:00,Collingwood,St Kilda,Adelaide Oval,70,64,6,1.0,False,1.49,2.52
2023-04-21,2023-04-21 18:10:00,Fremantle,Western Bulldogs,Optus Stadium,69,118,-49,0.0,False,1.79,1.97
2023-04-22,2023-04-22 13:05:00,Port Adelaide,West Coast,Adelaide Oval,109,69,40,1.0,False,1.05,9.24
2023-04-22,2023-04-22 16:35:00,GWS Giants,Brisbane,Manuka Oval,87,108,-21,0.0,False,3.15,1.33
2023-04-22,2023-04-22 19:25:00,Geelong,Sydney,GMHBA Stadium,130,37,93,1.0,False,1.38,2.9
2023-04-23,2023-04-23 13:10:00,Hawthorn,Adelaide,UTAS Stadium,76,79,-3,0.0,False,3.57,1.27
2023-04-23,2023-04-23 15:20:00,Carlton,St Kilda,Marvel Stadium,60,82,-22,0.0,False,2.05,1.72
2023-04-23,2023-04-23 16:40:00,Gold Coast,North Melbourne,People First Stadium,97,54,43,1.0,False,1.21,4.18
2023-04-24,2023-04-24 19:20:00,Melbourne,Richmond,MCG,96,78,18,1.0,False,1.29,3.43
2023-04-25,2023-04-25 15:20:00,Collingwood,Essendon,MCG,90,77,13,1.0,False,1.48,2.54
2023-04-28,2023-04-28 19:50:00,St Kilda,Port Adelaide,Marvel Stadium,76,83,-7,0.0,False,1.48,2.54
2023-04-29,2023-04-29 13:45:00,Brisbane,Fremantle,Gabba,115,67,48,1.0,False,1.15,5.14
2023-04-29,2023-04-29 14:10:00,Sydney,GWS Giants,SCG,106,107,-1,0.0,False,1.26,3.63
2023-04-29,2023-04-29 16:35:00,Western Bulldogs,Hawthorn,Marvel Stadium,94,65,29,1.0,False,1.23,4.02
2023-04-29,2023-04-29 17:30:00,West Coast,Carlton,Optus Stadium,44,152,-108,0.0,False,4.23,1.2
2023-04-29,2023-04-29 19:25:00,Melbourne,North Melbourne,MCG,139,49,90,1.0,False,1.06,8.77
2023-04-30,2023-04-30 13:10:00,Essendon,Geelong,MCG,104,132,-28,0.0,False,2.75,1.42
2023-04-30,2023-04-30 15:20:00,Richmond,Gold Coast,Marvel Stadium,48,72,-24,0.0,False,1.41,2.76
2023-04-30,2023-04-30 16:10:00,Adelaide,Collingwood,Adelaide Oval,58,59,-1,0.0,False,2.06,1.72
2023-05-05,2023-05-05 19:50:00,Carlton,Brisbane,Marvel Stadium,74,100,-26,0.0,False,1.76,1.98
2023-05-06,2023-05-06 13:45:00,Richmond,West Coast,MCG,104,58,46,1.0,False,1.08,7.03
2023-05-06,2023-05-06 14:10:00,Geelong,Adelaide,GMHBA Stadium,98,72,26,1.0,False,1.19,4.36
2023-05-06,2023-05-06 16:35:00,Gold Coast,Melbourne,People First Stadium,85,90,-5,0.0,False,3.17,1.33
2023-05-06,2023-05-06 17:30:00,Fremantle,Hawthorn,Optus Stadium,117,48,69,1.0,False,1.33,3.19
2023-05-06,2023-05-06 19:25:00,GWS Giants,Western Bulldogs,Manuka Oval,71,86,-15,0.0,False,2.75,1.42
2023-05-07,2023-05-07 12:40:00,Port Adelaide,Essendon,Adelaide Oval,92,87,5,1.0,False,1.45,2.63
2023-05-07,2023-05-07 15:20:00,Collingwood,Sydney,MCG,77,48,29,1.0,False,1.42,2.74
2023-05-07,2023-05-07 16:40:00,North Melbourne,St Kilda,Marvel Stadium,34,64,-30,0.0,False,5.83,1.12
2023-05-12,2023-05-12 18:40:00,West Coast,Gold Coast,Optus Stadium,43,113,-70,0.0,False,3.38,1.29
2023-05-12,2023-05-12 19:20:00,Richmond,Geelong,MCG,102,78,24,1.0,False,2.81,1.4
2023-05-13,2023-05-13 13:45:00,Sydney,Fremantle,SCG,86,103,-17,0.0,False,1.29,3.37
2023-05-13,2023-05-13 14:10:00,North Melbourne,Port Adelaide,Ninja Stadium,65,135,-70,0.0,False,4.51,1.18
2023-05-13,2023-05-13 16:35:00,Hawthorn,Melbourne,MCG,49,103,-54,0.0,False,6.57,1.09
2023-05-13,2023-05-13 19:25:00,Brisbane,Essendon,Gabba,87,45,42,1.0,False,1.18,4.59
2023-05-13,2023-05-13 19:30:00,Carlton,Western Bulldogs,Marvel Stadium,59,79,-20,0.0,False,1.82,1.93
2023-05-14,2023-05-14 12:40:00,Adelaide,St Kilda,Adelaide Oval,121,69,52,1.0,False,1.57,2.32
2023-05-14,2023-05-14 16:40:00,Collingwood,GWS Giants,MCG,120,55,65,1.0,False,1.13,5.56
2023-05-19,2023-05-19 19:50:00,Port Adelaide,Melbourne,Adelaide Oval,80,76,4,1.0,False,2.21,1.62
2023-05-20,2023-05-20 13:45:00,North Melbourne,Sydney,Marvel Stadium,90,93,-3,0.0,False,5.35,1.13
2023-05-20,2023-05-20 14:10:00,Western Bulldogs,Adelaide,Mars Stadium,85,40,45,1.0,False,1.49,2.49
2023-05-20,2023-05-20 14:35:00,Fremantle,Geelong,Optus Stadium,106,77,29,1.0,False,2.18,1.63
2023-05-20,2023-05-20 19:30:00,Brisbane,Gold Coast,Gabba,107,64,43,1.0,False,1.24,3.8
2023-05-20,2023-05-20 19:40:00,Essendon,Richmond,MCG,71,70,1,1.0,False,2.38,1.54
2023-05-21,2023-05-21 13:10:00,Hawthorn,West Coast,UTAS Stadium,142,26,116,1.0,False,1.23,3.87
2023-05-21,2023-05-21 15:20:00,Carlton,Collingwood,MCG,57,85,-28,0.0,False,2.59,1.46
2023-05-21,2023-05-21 16:40:00,GWS Giants,St Kilda,ENGIE Stadium,80,92,-12,0.0,False,2.28,1.58
2023-05-26,2023-05-26 19:50:00,Sydney,Carlton,SCG,77,51,26,1.0,False,2.01,1.79
2023-05-27,2023-05-27 13:45:00,St Kilda,Hawthorn,Marvel Stadium,78,88,-10,0.0,False,1.22,4.01
2023-05-27,2023-05-27 14:10:00,Melbourne,Fremantle,MCG,72,79,-7,0.0,False,1.33,3.18
2023-05-27,2023-05-27 16:45:00,Geelong,GWS Giants,GMHBA Stadium,74,81,-7,0.0,False,1.08,7.28
2023-05-27,2023-05-27 17:30:00,West Coast,Essendon,Optus Stadium,46,96,-50,0.0,False,7.07,1.08
2023-05-27,2023-05-27 18:55:00,Gold Coast,Western Bulldogs,TIO Stadium,84,77,7,1.0,False,2.44,1.51
2023-05-28,2023-05-28 13:10:00,Richmond,Port Adelaide,MCG,67,77,-10,0.0,False,1.92,1.83
2023-05-28,2023-05-28 15:20:00,Collingwood,North Melbourne,Marvel Stadium,105,70,35,1.0,False,1.04,9.19
2023-05-28,2023-05-28 16:10:00,Adelaide,Brisbane,Adelaide Oval,95,78,17,1.0,False,2.18,1.65
2023-06-02,2023-06-02 19:50:00,Melbourne,Carlton,MCG,61,44,17,1.0,False,1.4,2.83
2023-06-03,2023-06-03 13:45:00,Port Adelaide,Hawthorn,Adelaide Oval,151,96,55,1.0,False,1.11,6.05
2023-06-03,2023-06-03 16:35:00,West Coast,Collingwood,Optus Stadium,57,120,-63,0.0,False,10.48,1.03
2023-06-03,2023-06-03 19:00:00,Gold Coast,Adelaide,TIO Stadium,112,87,25,1.0,False,1.96,1.79
2023-06-03,2023-06-03 19:25:00,Western Bulldogs,Geelong,Marvel Stadium,75,97,-22,0.0,False,1.64,2.18
2023-06-04,2023-06-04 13:10:00,GWS Giants,Richmond,ENGIE Stadium,104,110,-6,0.0,False,1.82,1.93
2023-06-04,2023-06-04 16:40:00,Essendon,North Melbourne,Marvel Stadium,105,99,6,1.0,False,1.18,4.55
2023-06-08,2023-06-08 19:10:00,Sydney,St Kilda,SCG,66,80,-14,0.0,False,1.55,2.36
2023-06-09,2023-06-09 19:50:00,Western Bulldogs,Port Adelaide,Marvel Stadium,85,107,-22,0.0,False,1.99,1.77
2023-06-10,2023-06-10 13:45:00,Hawthorn,Brisbane,MCG,98,73,25,1.0,False,3.74,1.25
2023-06-10,2023-06-10 16:05:00,Adelaide,West Coast,Adelaide Oval,174,52,122,1.0,False,1.03,11.21
2023-06-10,2023-06-10 17:25:00,Fremantle,Richmond,Optus Stadium,70,85,-15,0.0,False,1.63,2.21
2023-06-11,2023-06-11 15:20:00,North Melbourne,GWS Giants,Ninja Stadium,75,103,-28,0.0,False,2.65,1.45
2023-06-11,2023-06-11 19:15:00,Carlton,Essendon,MCG,52,86,-34,0.0,False,1.86,1.89
2023-06-12,2023-06-12 15:20:00,Melbourne,Collingwood,MCG,66,62,4,1.0,False,1.96,1.79
2023-06-15,2023-06-15 18:50:00,Port Adelaide,Geelong,Adelaide Oval,110,72,38,1.0,False,1.57,2.34
2023-06-16,2023-06-16 19:50:00,Brisbane,Sydney,Gabba,97,81,16,1.0,False,1.24,3.87
2023-06-17,2023-06-17 16:35:00,GWS Giants,Fremantle,ENGIE Stadium,106,36,70,1.0,False,1.73,2.04
2023-06-17,2023-06-17 19:25:00,Richmond,St Kilda,MCG,90,70,20,1.0,False,1.68,2.12
2023-06-18,2023-06-18 13:10:00,Carlton,Gold Coast,MCG,120,61,59,1.0,False,1.63,2.21
2023-06-18,2023-06-18 16:40:00,North Melbourne,Western Bulldogs,Marvel Stadium,84,105,-21,0.0,False,4.8,1.17
2023-06-22,2023-06-22 19:20:00,Geelong,Melbourne,GMHBA Stadium,78,63,15,1.0,False,1.79,1.99
2023-06-23,2023-06-23 19:50:00,St Kilda,Brisbane,Marvel Stadium,56,84,-28,0.0,False,2.19,1.65
2023-06-24,2023-06-24 16:35:00,Sydney,West Coast,SCG,205,34,171,1.0,False,1.03,12.23
2023-06-24,2023-06-24 17:25:00,Fremantle,Essendon,Optus Stadium,93,61,32,1.0,False,1.66,2.16
2023-06-25,2023-06-25 13:10:00,Collingwood,Adelaide,MCG,82,80,2,1.0,False,1.35,3.13
2023-06-25,2023-06-25 16:40:00,Gold Coast,Hawthorn,People First Stadium,101,34,67,1.0,False,1.27,3.61
2023-06-29,2023-06-29 19:20:00,Brisbane,Richmond,Gabba,134,53,81,1.0,False,1.33,3.21
2023-06-30,2023-06-30 19:50:00,Sydney,Geelong,SCG,54,54,0,0.5,False,1.92,1.83
2023-07-01,2023-07-01 13:15:00,Adelaide,North Melbourne,Adelaide Oval,138,72,66,1.0,False,1.06,8.22
2023-07-01,2023-07-01 13:45:00,Western Bulldogs,Fremantle,Marvel Stadium,102,73,29,1.0,False,1.52,2.43
2023-07-01,2023-07-01 16:35:00,Gold Coast,Collingwood,People First Stadium,42,120,-78,0.0,False,2.18,1.65
2023-07-01,2023-07-01 19:25:00,Essendon,Port Adelaide,MCG,74,78,-4,0.0,False,2.68,1.44
2023-07-02,2023-07-02 13:10:00,Hawthorn,Carlton,MCG,52,112,-60,0.0,False,3.12,1.34
2023-07-02,2023-07-02 14:40:00,West Coast,St Kilda,Optus Stadium,77,85,-8,0.0,False,9.69,1.04
2023-07-02,2023-07-02 15:20:00,Melbourne,GWS Giants,Traeger Park,45,47,-2,0.0,False,1.39,2.88
2023-07-06,2023-07-06 19:20:00,Richmond,Sydney,MCG,88,75,13,1.0,False,1.88,1.87
2023-07-07,2023-07-07 19:50:00,Western Bulldogs,Collingwood,Marvel Stadium,77,89,-12,0.0,False,2.39,1.55
2023-07-08,2023-07-08 13:45:00,Brisbane,West Coast,Gabba,116,35,81,1.0,False,1.01,23.48
2023-07-08,2023-07-08 16:35:00,GWS Giants,Hawthorn,ENGIE Stadium,85,72,13,1.0,False,1.14,5.28
2023-07-08,2023-07-08 19:10:00,Port Adelaide,Gold Coast,Adelaide Oval,106,73,33,1.0,False,1.18,4.65
2023-07-08,2023-07-08 19:25:00,St Kilda,Melbourne,Marvel Stadium,58,79,-21,0.0,False,2.65,1.45
2023-07-09,2023-07-09 13:10:00,Geelong,North Melbourne,GMHBA Stadium,125,63,62,1.0,False,1.03,10.5
2023-07-09,2023-07-09 14:40:00,Fremantle,Carlton,Optus Stadium,45,98,-53,0.0,False,1.75,2.01
2023-07-09,2023-07-09 15:20:00,Essendon,Adelaide,Marvel Stadium,115,97,18,1.0,False,1.86,1.88
2023-07-13,2023-07-13 19:20:00,Sydney,Western Bulldogs,SCG,78,76,2,1.0,False,1.6,2.25
2023-07-14,2023-07-14 19:50:00,Melbourne,Brisbane,MCG,105,104,1,1.0,False,1.94,1.8
2023-07-15,2023-07-15 13:45:00,Collingwood,Fremantle,MCG,113,67,46,1.0,False,1.06,8.08
2023-07-15,2023-07-15 14:10:00,Gold Coast,St Kilda,People First Stadium,77,51,26,1.0,False,1.52,2.44
2023-07-15,2023-07-15 16:35:00,Carlton,Port Adelaide,Marvel Stadium,122,72,50,1.0,False,1.79,1.95
2023-07-15,2023-07-15 19:10:00,Adelaide,GWS Giants,Adelaide Oval,57,71,-14,0.0,False,1.32,3.22
2023-07-15,2023-07-15 19:25:00,Geelong,Essendon,GMHBA Stadium,122,45,77,1.0,False,1.24,3.79
2023-07-16,2023-07-16 13:10:00,North Melbourne,Hawthorn,Marvel Stadium,40,88,-48,0.0,False,3.02,1.36
2023-07-16,2023-07-16 14:40:00,West Coast,Richmond,Optus Stadium,60,98,-38,0.0,False,6.63,1.09
2023-07-21,2023-07-21 19:50:00,Essendon,Western Bulldogs,Marvel Stadium,49,90,-41,0.0,False,2.27,1.59
2023-07-22,2023-07-22 13:45:00,Richmond,Hawthorn,MCG,96,95,1,1.0,False,1.35,3.02
2023-07-22,2023-07-22 14:10:00,Carlton,West Coast,Marvel Stadium,140,69,71,1.0,False,1.02,14.01
2023-07-22,2023-07-22 16:35:00,Brisbane,Geelong,Gabba,64,53,11,1.0,False,1.48,2.53
2023-07-22,2023-07-22 17:40:00,Fremantle,Sydney,Optus Stadium,76,105,-29,0.0,False,2.59,1.46
2023-07-22,2023-07-22 19:10:00,Port Adelaide,Collingwood,Adelaide Oval,83,85,-2,0.0,False,1.88,1.85
2023-07-23,2023-07-23 13:10:00,GWS Giants,Gold Coast,Manuka Oval,103,63,40,1.0,False,1.61,2.24
2023-07-23,2023-07-23 15:20:00,Melbourne,Adelaide,MCG,97,93,4,1.0,False,1.27,3.52
2023-07-23,2023-07-23 16:40:00,St Kilda,North Melbourne,Marvel Stadium,69,61,8,1.0,False,1.13,5.58
2023-07-28,2023-07-28 19:50:00,Collingwood,Carlton,MCG,76,93,-17,0.0,False,1.36,2.99
2023-07-29,2023-07-29 13:45:00,Geelong,Fremantle,GMHBA Stadium,64,71,-7,0.0,False,1.04,9.45
2023-07-29,2023-07-29 13:45:00,Western Bulldogs,GWS Giants,Mars Stadium,73,78,-5,0.0,False,1.43,2.71
2023-07-29,2023-07-29 16:35:00,Gold Coast,Brisbane,People First Stadium,96,55,41,1.0,False,3.13,1.34
2023-07-29,2023-07-29 19:10:00,Adelaide,Port Adelaide,Adelaide Oval,112,65,47,1.0,False,2.65,1.44
2023-07-29,2023-07-29 19:25:00,Essendon,Sydney,Marvel Stadium,99,101,-2,0.0,False,2.43,1.52
2023-07-30,2023-07-30 13:10:00,Hawthorn,St Kilda,Marvel Stadium,93,122,-29,0.0,False,2.13,1.67
2023-07-30,2023-07-30 14:40:00,West Coast,North Melbourne,Optus Stadium,72,67,5,1.0,False,2.26,1.6
2023-07-30,2023-07-30 15:20:00,Richmond,Melbourne,MCG,98,130,-32,0.0,False,2.36,1.55
2023-08-04,2023-08-04 19:50:00,Western Bulldogs,Richmond,Marvel Stadium,126,71,55,1.0,False,1.4,2.78
2023-08-05,2023-08-05 13:40:00,Adelaide,Gold Coast,Adelaide Oval,89,61,28,1.0,False,1.29,3.36
2023-08-05,2023-08-05 13:45:00,Essendon,West Coast,Marvel Stadium,73,72,1,1.0,False,1.04,9.53
2023-08-05,2023-08-05 16:35:00,Hawthorn,Collingwood,MCG,105,73,32,1.0,False,5.04,1.14
2023-08-05,2023-08-05 19:25:00,Geelong,Port Adelaide,GMHBA Stadium,97,85,12,1.0,False,1.32,3.13
2023-08-05,2023-08-05 19:30:00,GWS Giants,Sydney,ENGIE Stadium,85,96,-11,0.0,False,1.62,2.19
2023-08-06,2023-08-06 13:10:00,North Melbourne,Melbourne,Ninja Stadium,71,103,-32,0.0,False,7.56,1.07
2023-08-06,2023-08-06 14:40:00,Fremantle,Brisbane,Optus Stadium,74,77,-3,0.0,False,2.57,1.45
2023-08-06,2023-08-06 15:20:00,St Kilda,Carlton,Marvel Stadium,54,73,-19,0.0,False,2.34,1.55
2023-08-11,2023-08-11 19:50:00,Collingwood,Geelong,MCG,109,101,8,1.0,False,1.66,2.1
2023-08-12,2023-08-12 13:45:00,North Melbourne,Essendon,Marvel Stadium,77,86,-9,0.0,False,3.27,1.3
2023-08-12,2023-08-12 13:45:00,Sydney,Gold Coast,SCG,114,90,24,1.0,False,1.27,3.33
2023-08-12,2023-08-12 16:35:00,Brisbane,Adelaide,Gabba,99,93,6,1.0,False,1.29,3.22
2023-08-12,2023-08-12 18:10:00,West Coast,Fremantle,Optus Stadium,33,134,-101,0.0,False,4.66,1.17
2023-08-12,2023-08-12 19:30:00,Carlton,Melbourne,MCG,60,56,4,1.0,False,2.37,1.54
2023-08-13,2023-08-13 13:10:00,Hawthorn,Western Bulldogs,UTAS Stadium,67,64,3,1.0,False,2.68,1.41
2023-08-13,2023-08-13 15:20:00,St Kilda,Richmond,Marvel Stadium,93,57,36,1.0,False,1.77,1.93
2023-08-13,2023-08-13 16:10:00,Port Adelaide,GWS Giants,Adelaide Oval,136,85,51,1.0,False,1.45,2.51
2023-08-18,2023-08-18 19:50:00,Collingwood,Brisbane,MCG,100,124,-24,0.0,False,2.11,1.66
2023-08-19,2023-08-19 13:45:00,Richmond,North Melbourne,MCG,101,72,29,1.0,False,1.13,5.36
2023-08-19,2023-08-19 14:10:00,Gold Coast,Carlton,People First Stadium,87,91,-4,0.0,False,2.24,1.59
2023-08-19,2023-08-19 16:35:00,GWS Giants,Essendon,ENGIE Stadium,162,36,126,1.0,False,1.33,3.11
2023-08-19,2023-08-19 19:10:00,Adelaide,Sydney,Adelaide Oval,73,74,-1,0.0,False,1.49,2.47
2023-08-19,2023-08-19 19:25:00,St Kilda,Geelong,Marvel Stadium,88,55,33,1.0,False,2.19,1.62
2023-08-20,2023-08-20 13:10:00,Western Bulldogs,West Coast,Marvel Stadium,85,92,-7,0.0,False,1.02,14.71
2023-08-20,2023-08-20 14:40:00,Fremantle,Port Adelaide,Optus Stadium,58,74,-16,0.0,False,2.39,1.52
2023-08-20,2023-08-20 15:20:00,Melbourne,Hawthorn,MCG,87,60,27,1.0,False,1.2,4.17
2023-08-25,2023-08-25 19:50:00,Essendon,Collingwood,MCG,31,101,-70,0.0,False,4.54,1.17
2023-08-26,2023-08-26 13:45:00,Hawthorn,Fremantle,MCG,56,93,-37,0.0,False,1.66,2.11
2023-08-26,2023-08-26 13:45:00,North Melbourne,Gold Coast,Ninja Stadium,132,97,35,1.0,False,4.12,1.2
2023-08-26,2023-08-26 16:35:00,Brisbane,St Kilda,Gabba,72,60,12,1.0,False,1.19,4.29
2023-08-26,2023-08-26 18:10:00,West Coast,Adelaide,Optus Stadium,78,123,-45,0.0,False,4.34,1.18
2023-08-26,2023-08-26 19:25:00,Geelong,Western Bulldogs,GMHBA Stadium,79,104,-25,0.0,False,2.43,1.5
2023-08-27,2023-08-27 12:00:00,Port Adelaide,Richmond,Adelaide Oval,94,63,31,1.0,False,1.11,5.84
2023-08-27,2023-08-27 15:20:00,Sydney,Melbourne,SCG,56,77,-21,0.0,False,1.74,2.0
2023-08-27,2023-08-27 18:10:00,Carlton,GWS Giants,Marvel Stadium,73,105,-32,0.0,False,1.73,2.01
2023-09-07,2023-09-07 19:20:00,Collingwood,Melbourne,MCG,60,53,7,1.0,True,1.88,1.85
2023-09-08,2023-09-08 19:50:00,Carlton,Sydney,MCG,74,68,6,1.0,True,1.45,2.61
2023-09-09,2023-09-09 15:20:00,St Kilda,GWS Giants,MCG,77,101,-24,0.0,True,2.1,1.67
2023-09-09,2023-09-09 19:25:00,Brisbane,Port Adelaide,Gabba,123,75,48,1.0,True,1.43,2.67
2023-09-15,2023-09-15 19:50:00,Melbourne,Carlton,MCG,71,73,-2,0.0,True,1.61,2.21
2023-09-16,2023-09-16 19:10:00,Port Adelaide,GWS Giants,Adelaide Oval,70,93,-23,0.0,True,1.62,2.18
2023-09-22,2023-09-22 19:50:00,Collingwood,GWS Giants,MCG,58,57,1,1.0,True,1.55,2.34
2023-09-23,2023-09-23 17:15:00,Brisbane,Carlton,Gabba,79,63,16,1.0,True,1.38,3.05
2023-09-30,2023-09-30 14:30:00,Collingwood,Brisbane,MCG,90,86,4,1.0,True,1.69,2.07
2024-03-07,2024-03-07 19:30:00,Sydney,Melbourne,SCG,86,64,22,1.0,False,1.76,2.03
2024-03-08,2024-03-08 18:40:00,Brisbane,Carlton,Gabba,85,86,-1,0.0,False,1.27,3.59
2024-03-09,2024-03-09 15:20:00,Gold Coast,Richmond,People First Stadium,99,60,39,1.0,False,1.41,2.81
2024-03-09,2024-03-09 19:30:00,GWS Giants,Collingwood,ENGIE Stadium,114,82,32,1.0,False,1.69,2.1
2024-03-14,2024-03-14 19:30:00,Carlton,Richmond,MCG,86,81,5,1.0,False,1.42,2.73
2024-03-15,2024-03-15 19:40:00,Collingwood,Sydney,MCG,69,102,-33,0.0,False,1.49,2.52
2024-03-16,2024-03-16 13:45:00,Essendon,Hawthorn,MCG,107,83,24,1.0,False,1.84,1.91
2024-03-16,2024-03-16 16:35:00,GWS Giants,North Melbourne,ENGIE Stadium,121,82,39,1.0,False,1.05,8.81
2024-03-16,2024-03-16 19:30:00,Geelong,St Kilda,GMHBA Stadium,76,68,8,1.0,False,1.42,2.76
2024-03-16,2024-03-16 19:40:00,Gold Coast,Adelaide,People First Stadium,60,54,6,1.0,False,1.59,2.27
2024-03-17,2024-03-17 13:00:00,Melbourne,Western Bulldogs,MCG,109,64,45,1.0,False,1.54,2.39
2024-03-17,2024-03-17 15:30:00,Port Adelaide,West Coast,Adelaide Oval,120,70,50,1.0,False,1.05,8.59
2024-03-17,2024-03-17 15:50:00,Fremantle,Brisbane,Optus Stadium,93,70,23,1.0,False,2.19,1.63
2024-03-21,2024-03-21 19:30:00,St Kilda,Collingwood,MCG,94,79,15,1.0,False,2.43,1.52
2024-03-22,2024-03-22 19:10:00,Adelaide,Geelong,Adelaide Oval,77,96,-19,0.0,False,1.39,2.89
2024-03-23,2024-03-23 13:45:00,North Melbourne,Fremantle,Marvel Stadium,76,102,-26,0.0,False,3.0,1.36
2024-03-23,2024-03-23 16:35:00,Hawthorn,Melbourne,MCG,38,93,-55,0.0,False,3.47,1.28
2024-03-23,2024-03-23 19:30:00,Sydney,Essendon,SCG,131,101,30,1.0,False,1.17,4.61
2024-03-24,2024-03-24 13:00:00,Western Bulldogs,Gold Coast,Mars Stadium,115,67,48,1.0,False,1.58,2.29
2024-03-24,2024-03-24 15:50:00,West Coast,GWS Giants,Optus Stadium,43,108,-65,0.0,False,8.27,1.06
2024-03-24,2024-03-24 16:00:00,Richmond,Port Adelaide,MCG,92,122,-30,0.0,False,3.0,1.36
2024-03-28,2024-03-28 18:30:00,Brisbane,Collingwood,Gabba,72,92,-20,0.0,False,1.4,2.83
2024-03-29,2024-03-29 16:20:00,North Melbourne,Carlton,Marvel Stadium,81,137,-56,0.0,False,5.22,1.14
2024-03-29,2024-03-29 16:30:00,Fremantle,Adelaide,Optus Stadium,69,34,35,1.0,False,1.66,2.16
2024-03-30,2024-03-30 16:20:00,Essendon,St Kilda,Marvel Stadium,71,67,4,1.0,False,2.11,1.69
2024-03-30,2024-03-30 19:00:00,Port Adelaide,Melbourne,Adelaide Oval,89,96,-7,0.0,False,1.48,2.55
2024-03-31,2024-03-31 13:00:00,Western Bulldogs,West Coast,Marvel Stadium,106,30,76,1.0,False,1.04,9.9
2024-03-31,2024-03-31 16:00:00,Richmond,Sydney,MCG,82,77,5,1.0,False,3.83,1.24
2024-04-01,2024-04-01 15:20:00,Hawthorn,Geelong,MCG,70,106,-36,0.0,False,2.89,1.39
2024-04-04,2024-04-04 19:10:00,Adelaide,Melbourne,Adelaide Oval,63,78,-15,0.0,False,2.45,1.52
2024-04-05,2024-04-05 16:40:00,Brisbane,North Melbourne,Norwood Oval,112,42,70,1.0,False,1.11,5.9
2024-04-05,2024-04-05 19:40:00,Port Adelaide,Essendon,Adelaide Oval,111,42,69,1.0,False,1.24,3.88
2024-04-06,2024-04-06 13:00:00,West Coast,Sydney,Adelaide Hills,78,104,-26,0.0,False,11.71,1.02
2024-04-06,2024-04-06 15:50:00,Fremantle,Carlton,Adelaide Oval,63,73,-10,0.0,False,2.3,1.58
2024-04-06,2024-04-06 19:40:00,Western Bulldogs,Geelong,Adelaide Oval,91,95,-4,0.0,False,1.92,1.83
2024-04-07,2024-04-07 12:00:00,Gold Coast,GWS Giants,Adelaide Hills,89,117,-28,0.0,False,3.49,1.28
2024-04-07,2024-04-07 14:50:00,Richmond,St Kilda,Norwood Oval,60,67,-7,0.0,False,2.93,1.38
2024-04-07,2024-04-07 16:40:00,Collingwood,Hawthorn,Adelaide Oval,77,72,5,1.0,False,1.2,4.24
2024-04-11,2024-04-11 19:30:00,Melbourne,Brisbane,MCG,60,82,-22,0.0,False,1.47,2.59
2024-04-12,2024-04-12 19:40:00,Western Bulldogs,Essendon,Marvel Stadium,67,96,-29,0.0,False,1.34,3.13
2024-04-13,2024-04-13 13:45:00,GWS Giants,St Kilda,Manuka Oval,80,79,1,1.0,False,1.26,3.66
2024-04-13,2024-04-13 16:35:00,Carlton,Adelaide,Marvel Stadium,98,100,-2,0.0,False,1.3,3.35
2024-04-13,2024-04-13 19:00:00,Port Adelaide,Fremantle,Adelaide Oval,66,63,3,1.0,False,1.27,3.58
2024-04-13,2024-04-13 19:30:00,Gold Coast,Hawthorn,People First Stadium,109,56,53,1.0,False,1.28,3.52
2024-04-14,2024-04-14 13:00:00,Geelong,North Melbourne,GMHBA Stadium,139,64,75,1.0,False,1.03,10.17
2024-04-14,2024-04-14 14:00:00,West Coast,Richmond,Optus Stadium,109,70,39,1.0,False,2.69,1.43
2024-04-18,2024-04-18 19:30:00,St Kilda,Western Bulldogs,Marvel Stadium,64,124,-60,0.0,False,1.86,1.9
2024-04-19,2024-04-19 19:10:00,Adelaide,Essendon,Adelaide Oval,75,78,-3,0.0,False,1.41,2.79
2024-04-20,2024-04-20 13:45:00,Collingwood,Port Adelaide,MCG,123,81,42,1.0,False,1.72,2.06
2024-04-20,2024-04-20 16:35:00,Carlton,GWS Giants,Marvel Stadium,117,98,19,1.0,False,1.81,1.95
2024-04-20,2024-04-20 18:10:00,West Coast,Fremantle,Optus Stadium,105,68,37,1.0,False,5.51,1.13
2024-04-20,2024-04-20 19:30:00,Brisbane,Geelong,Gabba,37,63,-26,0.0,False,1.57,2.33
2024-04-21,2024-04-21 13:05:00,Sydney,Gold Coast,SCG,110,57,53,1.0,False,1.35,3.1
2024-04-21,2024-04-21 16:05:00,North Melbourne,Hawthorn,Marvel Stadium,68,113,-45,0.0,False,3.19,1.33
2024-04-24,2024-04-24 19:25:00,Richmond,Melbourne,MCG,42,85,-43,0.0,False,5.18,1.14
2024-04-25,2024-04-25 15:20:00,Essendon,Collingwood,MCG,85,85,0,0.5,False,2.85,1.4
2024-04-25,2024-04-25 19:35:00,GWS Giants,Brisbane,Manuka Oval,113,59,54,1.0,False,2.02,1.75
2024-04-26,2024-04-26 19:10:00,Port Adelaide,St Kilda,Adelaide Oval,82,72,10,1.0,False,1.2,4.27
2024-04-27,2024-04-27 13:45:00,North Melbourne,Adelaide,Ninja Stadium,81,138,-57,0.0,False,4.73,1.17
2024-04-27,2024-04-27 16:35:00,Geelong,Carlton,MCG,118,105,13,1.0,False,1.69,2.1
2024-04-27,2024-04-27 17:40:00,Fremantle,Western Bulldogs,Optus Stadium,95,71,24,1.0,False,1.98,1.79
2024-04-28,2024-04-28 13:00:00,Gold Coast,West Coast,People First Stadium,112,75,37,1.0,False,1.14,5.4
2024-04-28,2024-04-28 16:00:00,Hawthorn,Sydney,MCG,42,118,-76,0.0,False,3.36,1.3
2024-05-02,2024-05-02 19:30:00,Adelaide,Port Adelaide,Adelaide Oval,78,48,30,1.0,False,2.18,1.64
2024-05-03,2024-05-03 19:40:00,Carlton,Collingwood,MCG,79,85,-6,0.0,False,1.53,2.42
2024-05-04,2024-05-04 13:45:00,Sydney,GWS Giants,SCG,98,69,29,1.0,False,1.81,1.95
2024-05-04,2024-05-04 16:35:00,St Kilda,North Melbourne,Marvel Stadium,103,65,38,1.0,False,1.11,6.03
2024-05-04,2024-05-04 18:10:00,West Coast,Essendon,Optus Stadium,71,77,-6,0.0,False,2.77,1.42
2024-05-04,2024-05-04 19:30:00,Melbourne,Geelong,MCG,74,66,8,1.0,False,2.03,1.74
2024-05-05,2024-05-05 13:00:00,Richmond,Fremantle,MCG,49,103,-54,0.0,False,2.69,1.44
2024-05-05,2024-05-05 16:00:00,Western Bulldogs,Hawthorn,Marvel Stadium,91,98,-7,0.0,False,1.22,4.06
2024-05-05,2024-05-05 19:10:00,Brisbane,Gold Coast,Gabba,79,45,34,1.0,False,1.45,2.65
2024-05-09,2024-05-09 19:30:00,Carlton,Melbourne,MCG,77,76,1,1.0,False,2.05,1.72
2024-05-10,2024-05-10 18:30:00,Fremantle,Sydney,Optus Stadium,39,87,-48,0.0,False,2.24,1.61
2024-05-10,2024-05-10 19:10:00,Geelong,Port Adelaide,GMHBA Stadium,95,101,-6,0.0,False,1.26,3.67
2024-05-11,2024-05-11 13:45:00,Hawthorn,St Kilda,UTAS Stadium,58,53,5,1.0,False,2.52,1.49
2024-05-11,2024-05-11 16:35:00,Essendon,GWS Giants,Marvel Stadium,82,62,20,1.0,False,2.52,1.49
2024-05-11,2024-05-11 19:00:00,Gold Coast,North Melbourne,TIO Stadium,120,52,68,1.0,False,1.09,6.78
2024-05-11,2024-05-11 19:30:00,Richmond,Western Bulldogs,MCG,42,133,-91,0.0,False,2.98,1.36
2024-05-12,2024-05-12 13:00:00,Collingwood,West Coast,Marvel Stadium,103,37,66,1.0,False,1.1,6.58
2024-05-12,2024-05-12 15:30:00,Adelaide,Brisbane,Adelaide Oval,90,90,0,0.5,False,1.61,2.24
2024-05-16,2024-05-16 19:00:00,Gold Coast,Geelong,TIO Stadium,164,100,64,1.0,False,1.96,1.78
2024-05-17,2024-05-17 19:40:00,Sydney,Carlton,SCG,117,65,52,1.0,False,1.38,2.92
2024-05-18,2024-05-18 13:45:00,Collingwood,Adelaide,MCG,78,74,4,1.0,False,1.42,2.75
2024-05-18,2024-05-18 16:35:00,GWS Giants,Western Bulldogs,ENGIE Stadium,43,70,-27,0.0,False,1.42,2.72
2024-05-18,2024-05-18 19:30:00,Brisbane,Richmond,Gabba,163,44,119,1.0,False,1.05,8.73
2024-05-18,2024-05-18 19:30:00,St Kilda,Fremantle,Marvel Stadium,55,72,-17,0.0,False,1.78,1.97
2024-05-19,2024-05-19 13:10:00,Essendon,North Melbourne,Marvel Stadium,106,66,40,1.0,False,1.04,9.02
2024-05-19,2024-05-19 14:50:00,Port Adelaide,Hawthorn,Adelaide Oval,80,79,1,1.0,False,1.12,5.59
2024-05-19,2024-05-19 16:20:00,West Coast,Melbourne,Optus Stadium,105,70,35,1.0,False,5.64,1.13
2024-05-23,2024-05-23 19:30:00,Western Bulldogs,Sydney,Marvel Stadium,88,102,-14,0.0,False,2.29,1.58
2024-05-24,2024-05-24 20:10:00,Fremantle,Collingwood,Optus Stadium,75,75,0,0.5,False,1.55,2.34
2024-05-25,2024-05-25 13:45:00,Carlton,Gold Coast,Marvel Stadium,102,73,29,1.0,False,1.41,2.77
2024-05-25,2024-05-25 13:45:00,North Melbourne,Port Adelaide,Ninja Stadium,48,107,-59,0.0,False,8.29,1.06
2024-05-25,2024-05-25 16:35:00,Geelong,GWS Giants,GMHBA Stadium,74,78,-4,0.0,False,1.42,2.7
2024-05-25,2024-05-25 19:40:00,Richmond,Essendon,MCG,74,86,-12,0.0,False,5.72,1.12
2024-05-26,2024-05-26 13:10:00,Hawthorn,Brisbane,Marvel Stadium,100,75,25,1.0,False,2.7,1.43
2024-05-26,2024-05-26 15:20:00,Melbourne,St Kilda,MCG,100,62,38,1.0,False,1.34,3.12
2024-05-26,2024-05-26 16:10:00,Adelaide,West Coast,Adelaide Oval,137,38,99,1.0,False,1.18,4.48
2024-05-30,2024-05-30 19:00:00,Port Adelaide,Carlton,Adelaide Oval,71,107,-36,0.0,False,1.56,2.33
2024-05-31,2024-05-31 19:40:00,Collingwood,Western Bulldogs,Marvel Stadium,82,100,-18,0.0,False,2.08,1.69
2024-06-01,2024-06-01 13:45:00,Hawthorn,Adelaide,MCG,107,80,27,1.0,False,1.77,1.97
2024-06-01,2024-06-01 14:35:00,West Coast,St Kilda,Optus Stadium,68,82,-14,0.0,False,2.49,1.5
2024-06-01,2024-06-01 19:30:00,Geelong,Richmond,GMHBA Stadium,99,69,30,1.0,False,1.04,9.37
2024-06-02,2024-06-02 12:30:00,Melbourne,Fremantle,TIO Stadium,49,141,-92,0.0,False,1.5,2.48
2024-06-02,2024-06-02 16:00:00,Gold Coast,Essendon,People First Stadium,91,80,11,1.0,False,1.66,2.13
2024-06-06,2024-06-06 19:30:00,Adelaide,Richmond,Adelaide Oval,71,79,-8,0.0,False,1.21,4.1
2024-06-07,2024-06-07 19:40:00,Western Bulldogs,Brisbane,Marvel Stadium,71,114,-43,0.0,False,1.68,2.1
2024-06-08,2024-06-08 13:45:00,Hawthorn,GWS Giants,UTAS Stadium,85,79,6,1.0,False,1.89,1.84
2024-06-08,2024-06-08 16:35:00,West Coast,North Melbourne,Optus Stadium,65,74,-9,0.0,False,1.22,3.93
2024-06-08,2024-06-08 19:30:00,St Kilda,Gold Coast,Marvel Stadium,51,48,3,1.0,False,1.74,2.01
2024-06-09,2024-06-09 15:20:00,Sydney,Geelong,SCG,112,82,30,1.0,False,1.27,3.51
2024-06-09,2024-06-09 19:20:00,Essendon,Carlton,MCG,70,96,-26,0.0,False,2.42,1.51
2024-06-10,2024-06-10 15:20:00,Collingwood,Melbourne,MCG,89,51,38,1.0,False,2.05,1.71
2024-06-14,2024-06-14 19:40:00,Brisbane,St Kilda,Gabba,126,106,20,1.0,False,1.12,5.55
2024-06-15,2024-06-15 13:45:00,Western Bulldogs,Fremantle,Marvel Stadium,149,82,67,1.0,False,1.73,2.02
2024-06-15,2024-06-15 16:35:00,Richmond,Hawthorn,MCG,49,97,-48,0.0,False,2.65,1.44
2024-06-15,2024-06-15 19:00:00,Adelaide,Sydney,Adelaide Oval,67,109,-42,0.0,False,3.29,1.3
2024-06-16,2024-06-16 13:00:00,North Melbourne,Collingwood,Marvel Stadium,118,119,-1,0.0,False,6.71,1.09
2024-06-16,2024-06-16 16:00:00,GWS Giants,Port Adelaide,ENGIE Stadium,73,51,22,1.0,False,1.52,2.42
2024-06-21,2024-06-21 19:40:00,Carlton,Geelong,MCG,138,75,63,1.0,False,1.61,2.22
2024-06-22,2024-06-22 13:45:00,Port Adelaide,Brisbane,Adelaide Oval,73,152,-79,0.0,False,2.05,1.72
2024-06-22,2024-06-22 16:35:00,GWS Giants,Sydney,ENGIE Stadium,75,102,-27,0.0,False,2.99,1.36
2024-06-22,2024-06-22 19:30:00,Melbourne,North Melbourne,MCG,70,67,3,1.0,False,1.18,4.43
2024-06-23,2024-06-23 13:00:00,Essendon,West Coast,Marvel Stadium,122,92,30,1.0,False,1.11,5.88
2024-06-23,2024-06-23 14:00:00,Fremantle,Gold Coast,Optus Stadium,85,65,20,1.0,False,1.37,2.93
2024-06-28,2024-06-28 19:40:00,Brisbane,Melbourne,Gabba,86,81,5,1.0,False,1.15,5.05
2024-06-29,2024-06-29 13:45:00,North Melbourne,Western Bulldogs,Marvel Stadium,60,77,-17,0.0,False,7.07,1.08
2024-06-29,2024-06-29 13:45:00,Sydney,Fremantle,SCG,98,99,-1,0.0,False,1.19,4.36
2024-06-29,2024-06-29 16:35:00,Gold Coast,Collingwood,People First Stadium,101,90,11,1.0,False,1.89,1.84
2024-06-29,2024-06-29 19:00:00,Adelaide,GWS Giants,Adelaide Oval,94,78,16,1.0,False,1.98,1.76
2024-06-29,2024-06-29 19:30:00,Geelong,Essendon,MCG,105,60,45,1.0,False,2.22,1.6
2024-06-30,2024-06-30 13:10:00,St Kilda,Port Adelaide,Marvel Stadium,60,62,-2,0.0,False,1.68,2.09
2024-06-30,2024-06-30 14:40:00,West Coast,Hawthorn,Optus Stadium,33,94,-61,0.0,False,2.4,1.53
2024-06-30,2024-06-30 15:20:00,Richmond,Carlton,MCG,70,131,-61,0.0,False,6.58,1.09
2024-07-05,2024-07-05 19:40:00,Collingwood,Essendon,MCG,80,92,-12,0.0,False,1.57,2.3
2024-07-06,2024-07-06 13:15:00,Port Adelaide,Western Bulldogs,Adelaide Oval,102,54,48,1.0,False,1.91,1.82
2024-07-06,2024-07-06 13:35:00,North Melbourne,Gold Coast,Marvel Stadium,87,83,4,1.0,False,3.38,1.29
2024-07-06,2024-07-06 16:35:00,Geelong,Hawthorn,GMHBA Stadium,110,59,51,1.0,False,1.54,2.38
2024-07-06,2024-07-06 18:10:00,Fremantle,Richmond,Optus Stadium,105,54,51,1.0,False,1.05,8.5
2024-07-06,2024-07-06 19:30:00,GWS Giants,Carlton,ENGIE Stadium,116,104,12,1.0,False,2.24,1.6
2024-07-07,2024-07-07 13:10:00,Melbourne,West Coast,MCG,112,58,54,1.0,False,1.14,5.06
2024-07-07,2024-07-07 15:20:00,St Kilda,Sydney,Marvel Stadium,84,82,2,1.0,False,3.97,1.22
2024-07-07,2024-07-07 16:10:00,Brisbane,Adelaide,Gabba,97,86,11,1.0,False,1.21,4.12
2024-07-12,2024-07-12 19:40:00,Collingwood,Geelong,MCG,71,91,-20,0.0,False,2.06,1.7
2024-07-13,2024-07-13 13:45:00,Hawthorn,Fremantle,UTAS Stadium,87,74,13,1.0,False,1.97,1.76
2024-07-13,2024-07-13 13:45:00,Sydney,North Melbourne,SCG,138,59,79,1.0,False,1.04,8.73
2024-07-13,2024-07-13 16:35:00,Western Bulldogs,Carlton,Marvel Stadium,100,86,14,1.0,False,2.52,1.48
2024-07-13,2024-07-13 19:00:00,Adelaide,St Kilda,Adelaide Oval,71,39,32,1.0,False,1.51,2.42
2024-07-13,2024-07-13 19:30:00,Melbourne,Essendon,MCG,84,67,17,1.0,False,2.4,1.52
2024-07-14,2024-07-14 13:10:00,Gold Coast,Port Adelaide,People First Stadium,96,82,14,1.0,False,1.76,1.98
2024-07-14,2024-07-14 14:40:00,West Coast,Brisbane,Optus Stadium,93,106,-13,0.0,False,5.15,1.14
2024-07-14,2024-07-14 15:20:00,Richmond,GWS Giants,MCG,84,108,-24,0.0,False,3.79,1.24
2024-07-19,2024-07-19 19:40:00,Essendon,Adelaide,Marvel Stadium,113,115,-2,0.0,False,1.4,2.77
2024-07-20,2024-07-20 13:45:00,GWS Giants,Gold Coast,ENGIE Stadium,89,50,39,1.0,False,1.37,2.89
2024-07-20,2024-07-20 13:45:00,St Kilda,West Coast,Marvel Stadium,113,41,72,1.0,False,1.1,5.96
2024-07-20,2024-07-20 16:35:00,Hawthorn,Collingwood,MCG,133,67,66,1.0,False,1.79,1.94
2024-07-20,2024-07-20 19:00:00,Port Adelaide,Richmond,Adelaide Oval,116,75,41,1.0,False,1.05,8.43
2024-07-20,2024-07-20 19:30:00,Geelong,Western Bulldogs,GMHBA Stadium,48,95,-47,0.0,False,1.56,2.32
2024-07-21,2024-07-21 13:10:00,Brisbane,Sydney,Gabba,79,77,2,1.0,False,1.77,1.96
2024-07-21,2024-07-21 13:20:00,Fremantle,Melbourne,Optus Stadium,116,66,50,1.0,False,1.3,3.27
2024-07-21,2024-07-21 16:40:00,Carlton,North Melbourne,Marvel Stadium,107,88,19,1.0,False,1.11,5.84
2024-07-26,2024-07-26 19:40:00,Carlton,Port Adelaide,Marvel Stadium,65,79,-14,0.0,False,1.57,2.31
2024-07-27,2024-07-27 13:45:00,North Melbourne,Geelong,Ninja Stadium,66,106,-40,0.0,False,3.68,1.25
2024-07-27,2024-07-27 16:35:00,Gold Coast,Brisbane,People First Stadium,65,93,-28,0.0,False,2.02,1.72
2024-07-27,2024-07-27 16:35:00,St Kilda,Essendon,Marvel Stadium,108,55,53,1.0,False,2.19,1.62
2024-07-27,2024-07-27 18:10:00,Fremantle,West Coast,Optus Stadium,110,75,35,1.0,False,1.07,7.17
2024-07-27,2024-07-27 19:30:00,Melbourne,GWS Giants,MCG,83,85,-2,0.0,False,1.85,1.87
2024-07-28,2024-07-28 13:10:00,Collingwood,Richmond,MCG,93,67,26,1.0,False,1.23,3.86
2024-07-28,2024-07-28 15:20:00,Sydney,Western Bulldogs,SCG,48,87,-39,0.0,False,1.55,2.36
2024-07-28,2024-07-28 15:40:00,Adelaide,Hawthorn,Adelaide Oval,58,124,-66,0.0,False,1.92,1.81
2024-08-02,2024-08-02 18:30:00,West Coast,Gold Coast,Optus Stadium,97,87,10,1.0,False,2.87,1.38
2024-08-02,2024-08-02 19:15:00,Western Bulldogs,Melbourne,Marvel Stadium,110,59,51,1.0,False,1.28,3.38
2024-08-03,2024-08-03 13:45:00,North Melbourne,Richmond,Marvel Stadium,90,77,13,1.0,False,2.08,1.68
2024-08-03,2024-08-03 16:35:00,Geelong,Adelaide,GMHBA Stadium,90,85,5,1.0,False,1.33,3.12
2024-08-03,2024-08-03 19:00:00,Port Adelaide,Sydney,Adelaide Oval,148,36,112,1.0,False,1.81,1.91
2024-08-03,2024-08-03 19:30:00,Collingwood,Carlton,MCG,84,81,3,1.0,False,2.33,1.55
2024-08-04,2024-08-04 13:10:00,GWS Giants,Hawthorn,Manuka Oval,84,82,2,1.0,False,1.78,1.95
2024-08-04,2024-08-04 15:20:00,Essendon,Fremantle,MCG,90,89,1,1.0,False,2.19,1.62
2024-08-04,2024-08-04 16:40:00,St Kilda,Brisbane,Marvel Stadium,39,124,-85,0.0,False,2.32,1.56
2024-08-09,2024-08-09 19:40:00,Sydney,Collingwood,SCG,89,86,3,1.0,False,1.38,2.85
2024-08-10,2024-08-10 13:45:00,Brisbane,GWS Giants,Gabba,64,82,-18,0.0,False,1.3,3.33
2024-08-10,2024-08-10 13:45:00,North Melbourne,West Coast,Ninja Stadium,97,102,-5,0.0,False,1.65,2.16
2024-08-10,2024-08-10 16:35:00,Fremantle,Geelong,Optus Stadium,62,73,-11,0.0,False,1.51,2.42
2024-08-10,2024-08-10 19:30:00,Essendon,Gold Coast,Marvel Stadium,86,87,-1,0.0,False,1.5,2.46
2024-08-10,2024-08-10 19:30:00,Melbourne,Port Adelaide,MCG,51,53,-2,0.0,False,2.85,1.38
2024-08-11,2024-08-11 13:10:00,Carlton,Hawthorn,MCG,38,112,-74,0.0,False,1.79,1.93
2024-08-11,2024-08-11 15:20:00,Richmond,St Kilda,Marvel Stadium,51,99,-48,0.0,False,3.81,1.23
2024-08-11,2024-08-11 16:10:00,Adelaide,Western Bulldogs,Adelaide Oval,111,72,39,1.0,False,2.66,1.43
2024-08-16,2024-08-16 19:40:00,Essendon,Sydney,Marvel Stadium,59,98,-39,0.0,False,2.12,1.66
2024-08-17,2024-08-17 13:45:00,GWS Giants,Fremantle,ENGIE Stadium,101,92,9,1.0,False,1.32,3.14
2024-08-17,2024-08-17 13:45:00,Gold Coast,Melbourne,People First Stadium,63,117,-54,0.0,False,1.37,2.9
2024-08-17,2024-08-17 16:35:00,Collingwood,Brisbane,MCG,79,78,1,1.0,False,2.44,1.5
2024-08-17,2024-08-17 19:00:00,Port Adelaide,Adelaide,Adelaide Oval,80,58,22,1.0,False,1.44,2.64
2024-08-17,2024-08-17 19:30:00,St Kilda,Geelong,Marvel Stadium,107,89,18,1.0,False,2.44,1.51
2024-08-18,2024-08-18 13:10:00,Western Bulldogs,North Melbourne,Marvel Stadium,138,42,96,1.0,False,1.07,7.3
2024-08-18,2024-08-18 14:40:00,West Coast,Carlton,Optus Stadium,34,99,-65,0.0,False,1.7,2.07
2024-08-18,2024-08-18 15:20:00,Hawthorn,Richmond,MCG,131,68,63,1.0,False,1.06,7.96
2024-08-23,2024-08-23 19:40:00,Melbourne,Collingwood,MCG,57,103,-46,0.0,False,2.02,1.72
2024-08-24,2024-08-24 12:30:00,Hawthorn,North Melbourne,UTAS Stadium,170,46,124,1.0,False,1.02,10.53
2024-08-24,2024-08-24 13:45:00,Geelong,West Coast,GMHBA Stadium,168,75,93,1.0,False,1.02,12.46
2024-08-24,2024-08-24 15:20:00,Richmond,Gold Coast,MCG,66,94,-28,0.0,False,2.41,1.52
2024-08-24,2024-08-24 19:30:00,Brisbane,Essendon,Gabba,87,67,20,1.0,False,1.11,5.82
2024-08-24,2024-08-24 19:40:00,Sydney,Adelaide,SCG,121,90,31,1.0,False,1.32,3.17
2024-08-25,2024-08-25 12:30:00,Western Bulldogs,GWS Giants,Mars Stadium,98,61,37,1.0,False,1.39,2.81
2024-08-25,2024-08-25 15:20:00,Carlton,St Kilda,Marvel Stadium,74,76,-2,0.0,False,2.04,1.71
2024-08-25,2024-08-25 16:10:00,Fremantle,Port Adelaide,Optus Stadium,67,87,-20,0.0,False,1.72,2.04
2024-09-05,2024-09-05 19:10:00,Port Adelaide,Geelong,Adelaide Oval,54,138,-84,0.0,True,1.35,3.04
2024-09-06,2024-09-06 19:40:00,Western Bulldogs,Hawthorn,MCG,62,99,-37,0.0,True,1.62,2.2
2024-09-07,2024-09-07 15:20:00,Sydney,GWS Giants,SCG,88,82,6,1.0,True,1.56,2.32
2024-09-07,2024-09-07 19:30:00,Brisbane,Carlton,Gabba,99,71,28,1.0,True,1.24,3.8
2024-09-13,2024-09-13 19:10:00,Port Adelaide,Hawthorn,Adelaide Oval,75,72,3,1.0,True,2.18,1.64
2024-09-14,2024-09-14 19:30:00,GWS Giants,Brisbane,ENGIE Stadium,100,105,-5,0.0,True,1.67,2.12
2024-09-20,2024-09-20 19:40:00,Sydney,Port Adelaide,SCG,95,59,36,1.0,True,1.35,3.02
2024-09-21,2024-09-21 17:15:00,Geelong,Brisbane,MCG,85,95,-10,0.0,True,1.78,1.97
2024-09-28,2024-09-28 14:30:00,Sydney,Brisbane,MCG,60,120,-60,0.0,True,1.73,2.02
2025-03-07,2025-03-07 19:40:00,Sydney,Hawthorn,SCG,76,96,-20,0.0,False,1.93,1.81
2025-03-09,2025-03-09 15:20:00,GWS Giants,Collingwood,ENGIE Stadium,104,52,52,1.0,False,2.07,1.7
2025-03-13,2025-03-13 19:30:00,Richmond,Carlton,MCG,82,69,13,1.0,False,8.56,1.05
2025-03-14,2025-03-14 19:40:00,Hawthorn,Essendon,MCG,111,85,26,1.0,False,1.27,3.52
2025-03-15,2025-03-15 13:20:00,Geelong,Fremantle,GMHBA Stadium,147,69,78,1.0,False,1.41,2.78
2025-03-15,2025-03-15 16:15:00,Sydney,Brisbane,SCG,82,86,-4,0.0,False,2.15,1.66
2025-03-15,2025-03-15 19:35:00,Collingwood,Port Adelaide,MCG,136,45,91,1.0,False,1.55,2.35
2025-03-15,2025-03-15 19:35:00,Western Bulldogs,North Melbourne,Marvel Stadium,113,97,16,1.0,False,1.33,3.16
2025-03-16,2025-03-16 12:05:00,Adelaide,St Kilda,Adelaide Oval,135,72,63,1.0,False,1.3,3.34
2025-03-16,2025-03-16 15:10:00,West Coast,Gold Coast,Optus Stadium,49,136,-87,0.0,False,2.4,1.53
2025-03-16,2025-03-16 15:20:00,Melbourne,GWS Giants,MCG,74,77,-3,0.0,False,2.27,1.59
2025-03-20,2025-03-20 19:30:00,Carlton,Hawthorn,MCG,60,80,-20,0.0,False,2.79,1.41
2025-03-21,2025-03-21 19:40:00,Western Bulldogs,Collingwood,MCG,70,76,-6,0.0,False,2.83,1.4
2025-03-22,2025-03-22 13:20:00,Essendon,Adelaide,MCG,100,161,-61,0.0,False,2.55,1.48
2025-03-22,2025-03-22 15:45:00,Port Adelaide,Richmond,Adelaide Oval,140,68,72,1.0,False,1.1,6.3
2025-03-22,2025-03-22 19:35:00,St Kilda,Geelong,Marvel Stadium,98,91,7,1.0,False,3.45,1.29
2025-03-23,2025-03-23 12:10:00,Brisbane,West Coast,Gabba,94,75,19,1.0,False,1.02,12.59
2025-03-23,2025-03-23 15:10:00,Fremantle,Sydney,Optus Stadium,65,68,-3,0.0,False,1.63,2.19
2025-03-23,2025-03-23 15:20:00,North Melbourne,Melbourne,Marvel Stadium,125,66,59,1.0,False,2.88,1.39
2025-03-27,2025-03-27 19:30:00,Essendon,Port Adelaide,Marvel Stadium,72,60,12,1.0,False,2.2,1.64
2025-03-28,2025-03-28 19:40:00,Carlton,Western Bulldogs,Marvel Stadium,75,83,-8,0.0,False,1.95,1.81
2025-03-29,2025-03-29 13:20:00,Melbourne,Gold Coast,MCG,62,120,-58,0.0,False,2.07,1.71
2025-03-29,2025-03-29 16:15:00,St Kilda,Richmond,Marvel Stadium,135,53,82,1.0,False,1.21,4.12
2025-03-29,2025-03-29 18:35:00,Brisbane,Geelong,Gabba,70,61,9,1.0,False,1.45,2.65
2025-03-29,2025-03-29 19:35:00,Hawthorn,GWS Giants,UTAS Stadium,76,64,12,1.0,False,1.53,2.4
2025-03-30,2025-03-30 14:50:00,Adelaide,North Melbourne,Adelaide Oval,114,78,36,1.0,False,1.1,6.19
2025-03-30,2025-03-30 15:10:00,West Coast,Fremantle,Optus Stadium,68,106,-38,0.0,False,3.82,1.24
2025-04-03,2025-04-03 19:30:00,Collingwood,Carlton,MCG,63,46,17,1.0,False,1.41,2.81
2025-04-04,2025-04-04 19:40:00,Geelong,Melbourne,GMHBA Stadium,85,46,39,1.0,False,1.19,4.41
2025-04-05,2025-04-05 12:20:00,Gold Coast,Adelaide,People First Stadium,91,90,1,1.0,False,1.67,2.15
2025-04-05,2025-04-05 16:15:00,Richmond,Brisbane,MCG,90,118,-28,0.0,False,8.28,1.06
2025-04-05,2025-04-05 19:35:00,North Melbourne,Sydney,Marvel Stadium,52,117,-65,0.0,False,2.18,1.65
2025-04-06,2025-04-06 13:10:00,GWS Giants,West Coast,ENGIE Stadium,132,51,81,1.0,False,1.01,13.75
2025-04-06,2025-04-06 14:50:00,Port Adelaide,St Kilda,Adelaide Oval,72,89,-17,0.0,False,1.48,2.55
2025-04-06,2025-04-06 15:10:00,Fremantle,Western Bulldogs,Optus Stadium,97,81,16,1.0,False,1.6,2.27
2025-04-10,2025-04-10 19:10:00,Adelaide,Geelong,Adelaide Oval,100,119,-19,0.0,False,1.43,2.69
2025-04-11,2025-04-11 19:10:00,Collingwood,Sydney,Adelaide Oval,109,78,31,1.0,False,1.69,2.11
2025-04-12,2025-04-12 12:05:00,North Melbourne,Gold Coast,Barossa Park,89,141,-52,0.0,False,3.96,1.23
2025-04-12,2025-04-12 14:50:00,Carlton,West Coast,Adelaide Oval,121,50,71,1.0,False,1.1,6.34
2025-04-12,2025-04-12 15:45:00,Western Bulldogs,Brisbane,Norwood Oval,97,118,-21,0.0,False,2.53,1.48
2025-04-12,2025-04-12 19:05:00,Melbourne,Essendon,Adelaide Oval,57,96,-39,0.0,False,1.88,1.87
2025-04-13,2025-04-13 12:05:00,Richmond,Fremantle,Barossa Park,47,108,-61,0.0,False,6.44,1.1
2025-04-13,2025-04-13 14:50:00,St Kilda,GWS Giants,Norwood Oval,82,110,-28,0.0,False,2.59,1.47
2025-04-13,2025-04-13 18:50:00,Port Adelaide,Hawthorn,Adelaide Oval,121,91,30,1.0,False,2.76,1.42
2025-04-17,2025-04-17 19:30:00,Brisbane,Collingwood,Gabba,53,105,-52,0.0,False,1.52,2.44
2025-04-18,2025-04-18 15:20:00,North Melbourne,Carlton,Marvel Stadium,71,153,-82,0.0,False,2.94,1.38
2025-04-18,2025-04-18 16:10:00,West Coast,Essendon,Optus Stadium,75,77,-2,0.0,False,3.68,1.26
2025-04-19,2025-04-19 13:20:00,Melbourne,Fremantle,MCG,107,97,10,1.0,False,3.35,1.3
2025-04-19,2025-04-19 15:45:00,Adelaide,GWS Giants,Adelaide Oval,52,34,18,1.0,False,1.55,2.36
2025-04-19,2025-04-19 19:35:00,Richmond,Gold Coast,Marvel Stadium,80,69,11,1.0,False,7.67,1.06
2025-04-20,2025-04-20 15:20:00,Sydney,Port Adelaide,SCG,77,85,-8,0.0,False,1.5,2.51
2025-04-20,2025-04-20 19:20:00,Western Bulldogs,St Kilda,Marvel Stadium,127,56,71,1.0,False,1.54,2.4
2025-04-21,2025-04-21 15:20:00,Geelong,Hawthorn,MCG,86,79,7,1.0,False,1.91,1.84
2025-04-24,2025-04-24 19:30:00,Melbourne,Richmond,MCG,83,63,20,1.0,False,1.29,3.41
2025-04-25,2025-04-25 15:20:00,Collingwood,Essendon,MCG,107,66,41,1.0,False,1.24,3.82
2025-04-25,2025-04-25 18:10:00,Fremantle,Adelaide,Optus Stadium,85,67,18,1.0,False,1.71,2.08
2025-04-26,2025-04-26 13:20:00,St Kilda,Brisbane,Marvel Stadium,73,118,-45,0.0,False,2.71,1.43
2025-04-26,2025-04-26 15:45:00,Port Adelaide,North Melbourne,Adelaide Oval,97,88,9,1.0,False,1.1,6.44
2025-04-26,2025-04-26 19:35:00,GWS Giants,Western Bulldogs,Manuka Oval,81,113,-32,0.0,False,1.52,2.44
2025-04-27,2025-04-27 13:15:00,Gold Coast,Sydney,People First Stadium,117,79,38,1.0,False,1.44,2.7
2025-04-27,2025-04-27 15:20:00,Carlton,Geelong,MCG,94,76,18,1.0,False,2.29,1.59
2025-04-27,2025-04-27 16:45:00,Hawthorn,West Coast,Marvel Stadium,124,74,50,1.0,False,1.03,10.12
2025-05-01,2025-05-01 19:30:00,Essendon,North Melbourne,Marvel Stadium,65,62,3,1.0,False,1.31,3.3
2025-05-02,2025-05-02 19:40:00,St Kilda,Fremantle,Marvel Stadium,94,33,61,1.0,False,2.5,1.5
2025-05-03,2025-05-03 13:20:00,Western Bulldogs,Port Adelaide,Mars Stadium,131,41,90,1.0,False,1.32,3.27
2025-05-03,2025-05-03 15:45:00,Adelaide,Carlton,Adelaide Oval,110,50,60,1.0,False,1.55,2.37
2025-05-03,2025-05-03 17:35:00,West Coast,Melbourne,Optus Stadium,76,108,-32,0.0,False,2.6,1.47
2025-05-03,2025-05-03 19:35:00,Collingwood,Geelong,MCG,87,90,-3,0.0,False,1.42,2.72
2025-05-04,2025-05-04 13:10:00,Sydney,GWS Giants,SCG,87,73,14,1.0,False,2.13,1.67
2025-05-04,2025-05-04 15:20:00,Hawthorn,Richmond,MCG,109,44,65,1.0,False,1.06,8.16
2025-05-04,2025-05-04 19:20:00,Brisbane,Gold Coast,Gabba,66,49,17,1.0,False,1.5,2.49
2025-05-08,2025-05-08 18:10:00,Fremantle,Collingwood,Optus Stadium,83,97,-14,0.0,False,1.99,1.76
2025-05-09,2025-05-09 19:40:00,St Kilda,Carlton,MCG,62,77,-15,0.0,False,2.36,1.55
2025-05-10,2025-05-10 13:20:00,Melbourne,Hawthorn,MCG,56,91,-35,0.0,False,3.75,1.25
2025-05-10,2025-05-10 16:15:00,Essendon,Sydney,Marvel Stadium,71,63,8,1.0,False,2.27,1.59
2025-05-10,2025-05-10 19:05:00,Gold Coast,Western Bulldogs,TIO Stadium,106,96,10,1.0,False,1.79,1.96
2025-05-10,2025-05-10 19:40:00,Port Adelaide,Adelaide,Adelaide Oval,84,89,-5,0.0,False,2.85,1.4
2025-05-11,2025-05-11 13:10:00,Richmond,West Coast,MCG,81,79,2,1.0,False,1.46,2.6
2025-05-11,2025-05-11 15:20:00,Geelong,GWS Giants,GMHBA Stadium,101,105,-4,0.0,False,1.39,2.85
2025-05-11,2025-05-11 16:40:00,North Melbourne,Brisbane,Ninja Stadium,71,71,0,0.5,False,6.56,1.09
2025-05-15,2025-05-15 19:30:00,Gold Coast,Hawthorn,TIO Stadium,104,96,8,1.0,False,1.55,2.34
2025-05-16,2025-05-16 19:40:00,Sydney,Carlton,SCG,78,62,16,1.0,False,1.59,2.27
2025-05-17,2025-05-17 13:20:00,Collingwood,Adelaide,MCG,78,68,10,1.0,False,1.49,2.5
2025-05-17,2025-05-17 13:45:00,Port Adelaide,Geelong,Adelaide Oval,39,115,-76,0.0,False,2.27,1.59
2025-05-17,2025-05-17 16:15:00,GWS Giants,Fremantle,ENGIE Stadium,61,95,-34,0.0,False,1.34,3.15
2025-05-17,2025-05-17 19:35:00,Western Bulldogs,Essendon,Marvel Stadium,127,36,91,1.0,False,1.23,3.89
2025-05-18,2025-05-18 13:10:00,Richmond,North Melbourne,MCG,74,78,-4,0.0,False,2.45,1.52
2025-05-18,2025-05-18 14:40:00,West Coast,St Kilda,Optus Stadium,108,80,28,1.0,False,3.04,1.35
2025-05-18,2025-05-18 15:20:00,Brisbane,Melbourne,Gabba,88,99,-11,0.0,False,1.15,5.09
2025-05-22,2025-05-22 19:30:00,Geelong,Western Bulldogs,GMHBA Stadium,127,113,14,1.0,False,1.79,1.97
2025-05-23,2025-05-23 19:40:00,Essendon,Richmond,MCG,81,58,23,1.0,False,1.25,3.76
2025-05-24,2025-05-24 12:35:00,Carlton,GWS Giants,Marvel Stadium,82,110,-28,0.0,False,1.59,2.27
2025-05-24,2025-05-24 16:15:00,Hawthorn,Brisbane,MCG,60,93,-33,0.0,False,1.46,2.62
2025-05-24,2025-05-24 18:10:00,Fremantle,Port Adelaide,Optus Stadium,100,51,49,1.0,False,1.3,3.33
2025-05-24,2025-05-24 19:35:00,North Melbourne,Collingwood,Marvel Stadium,63,108,-45,0.0,False,4.09,1.21
2025-05-25,2025-05-25 12:40:00,Adelaide,West Coast,Adelaide Oval,128,62,66,1.0,False,1.04,9.15
2025-05-25,2025-05-25 15:20:00,Melbourne,Sydney,MCG,131,78,53,1.0,False,1.85,1.89
2025-05-25,2025-05-25 16:40:00,St Kilda,Gold Coast,Marvel Stadium,61,80,-19,0.0,False,2.53,1.49
2025-05-29,2025-05-29 19:30:00,Brisbane,Essendon,Gabba,90,72,18,1.0,False,1.06,8.07
2025-05-30,2025-05-30 19:40:00,Collingwood,Hawthorn,MCG,107,56,51,1.0,False,1.59,2.27
2025-05-31,2025-05-31 13:20:00,Gold Coast,Fremantle,People First Stadium,64,75,-11,0.0,False,1.38,2.93
2025-05-31,2025-05-31 16:15:00,GWS Giants,Richmond,ENGIE Stadium,80,77,3,1.0,False,1.06,8.35
2025-05-31,2025-05-31 19:35:00,Sydney,Adelaide,SCG,41,131,-90,0.0,False,2.28,1.59
2025-06-01,2025-06-01 14:50:00,Melbourne,St Kilda,TIO Stadium,63,91,-28,0.0,False,1.45,2.64
2025-06-01,2025-06-01 17:20:00,West Coast,Geelong,Optus Stadium,73,116,-43,0.0,False,7.52,1.07
2025-06-05,2025-06-05 19:30:00,Western Bulldogs,Hawthorn,Marvel Stadium,59,81,-22,0.0,False,1.34,3.13
2025-06-06,2025-06-06 19:10:00,Adelaide,Brisbane,Adelaide Oval,68,63,5,1.0,False,1.52,2.45
2025-06-07,2025-06-07 13:20:00,Richmond,Sydney,MCG,36,80,-44,0.0,False,2.58,1.48
2025-06-07,2025-06-07 16:15:00,Geelong,Gold Coast,GMHBA Stadium,61,37,24,1.0,False,1.39,2.9
2025-06-07,2025-06-07 19:35:00,GWS Giants,Port Adelaide,Manuka Oval,50,66,-16,0.0,False,1.32,3.25
2025-06-08,2025-06-08 13:20:00,North Melbourne,West Coast,Hands Oval,62,52,10,1.0,False,1.62,2.23
2025-06-08,2025-06-08 19:20:00,Carlton,Essendon,MCG,78,70,8,1.0,False,1.41,2.81
2025-06-09,2025-06-09 15:20:00,Melbourne,Collingwood,MCG,71,72,-1,0.0,False,3.69,1.26
2025-06-12,2025-06-12 19:30:00,St Kilda,Western Bulldogs,Marvel Stadium,60,132,-72,0.0,False,3.65,1.26
2025-06-13,2025-06-13 19:40:00,Hawthorn,Adelaide,UTAS Stadium,47,44,3,1.0,False,1.81,1.95
2025-06-14,2025-06-14 13:20:00,Brisbane,GWS Giants,Gabba,96,107,-11,0.0,False,1.23,3.97
2025-06-14,2025-06-14 16:15:00,Essendon,Geelong,MCG,56,151,-95,0.0,False,5.44,1.14
2025-06-14,2025-06-14 17:45:00,North Melbourne,Fremantle,Optus Stadium,67,73,-6,0.0,False,5.6,1.13
2025-06-15,2025-06-15 14:50:00,Port Adelaide,Melbourne,Adelaide Oval,93,68,25,1.0,False,1.81,1.94
2025-06-15,2025-06-15 16:10:00,West Coast,Carlton,Optus Stadium,52,86,-34,0.0,False,3.87,1.24
2025-06-19,2025-06-19 18:10:00,Fremantle,Essendon,Optus Stadium,104,63,41,1.0,False,1.13,5.57
2025-06-20,2025-06-20 19:40:00,Geelong,Brisbane,GMHBA Stadium,51,92,-41,0.0,False,1.37,3.07
2025-06-21,2025-06-21 13:20:00,Carlton,North Melbourne,MCG,73,84,-11,0.0,False,1.25,3.83
2025-06-21,2025-06-21 15:45:00,Port Adelaide,Sydney,Adelaide Oval,52,71,-19,0.0,False,1.78,2.02
2025-06-21,2025-06-21 19:35:00,Collingwood,St Kilda,Marvel Stadium,108,74,34,1.0,False,1.16,4.99
2025-06-22,2025-06-22 13:10:00,GWS Giants,Gold Coast,ENGIE Stadium,106,99,7,1.0,False,1.84,1.94
2025-06-22,2025-06-22 15:20:00,Western Bulldogs,Richmond,Marvel Stadium,135,56,79,1.0,False,1.05,9.88
2025-06-26,2025-06-26 19:00:00,Port Adelaide,Carlton,Adelaide Oval,110,60,50,1.0,False,1.79,2.0
2025-06-27,2025-06-27 19:40:00,Sydney,Western Bulldogs,SCG,96,105,-9,0.0,False,2.5,1.53
2025-06-28,2025-06-28 13:20:00,Gold Coast,Melbourne,People First Stadium,104,85,19,1.0,False,1.29,3.51
2025-06-28,2025-06-28 16:15:00,Hawthorn,North Melbourne,UTAS Stadium,150,65,85,1.0,False,1.15,5.24
2025-06-28,2025-06-28 19:35:00,Collingwood,West Coast,Marvel Stadium,88,59,29,1.0,False,1.02,12.71
2025-06-29,2025-06-29 15:10:00,Fremantle,St Kilda,Optus Stadium,81,69,12,1.0,False,1.26,3.77
2025-06-29,2025-06-29 15:15:00,Richmond,Adelaide,MCG,54,122,-68,0.0,False,6.43,1.11
2025-07-03,2025-07-03 19:30:00,North Melbourne,Western Bulldogs,Marvel Stadium,85,134,-49,0.0,False,9.4,1.05
2025-07-04,2025-07-04 18:20:00,West Coast,GWS Giants,Optus Stadium,52,111,-59,0.0,False,3.13,1.34
2025-07-04,2025-07-04 19:20:00,Carlton,Collingwood,MCG,59,115,-56,0.0,False,4.31,1.2
2025-07-05,2025-07-05 12:35:00,Essendon,Gold Coast,Marvel Stadium,74,115,-41,0.0,False,3.28,1.32
2025-07-05,2025-07-05 16:15:00,Geelong,Richmond,GMHBA Stadium,124,52,72,1.0,False,1.02,12.27
2025-07-05,2025-07-05 19:35:00,Brisbane,Port Adelaide,Gabba,120,92,28,1.0,False,1.23,4.06
2025-07-05,2025-07-05 19:40:00,St Kilda,Hawthorn,Marvel Stadium,74,94,-20,0.0,False,3.07,1.35
2025-07-06,2025-07-06 13:10:00,Sydney,Fremantle,SCG,94,83,11,1.0,False,1.57,2.35
2025-07-06,2025-07-06 14:45:00,Adelaide,Melbourne,Adelaide Oval,90,77,13,1.0,False,1.19,4.46
2025-07-10,2025-07-10 19:30:00,Carlton,Brisbane,Marvel Stadium,66,103,-37,0.0,False,4.58,1.18
2025-07-11,2025-07-11 19:40:00,Gold Coast,Collingwood,People First Stadium,69,63,6,1.0,False,2.05,1.73
2025-07-12,2025-07-12 15:20:00,Western Bulldogs,Adelaide,Marvel Stadium,98,109,-11,0.0,False,1.52,2.45
2025-07-12,2025-07-12 16:15:00,GWS Giants,Geelong,ENGIE Stadium,111,85,26,1.0,False,2.17,1.66
2025-07-12,2025-07-12 18:10:00,Fremantle,Hawthorn,Optus Stadium,77,64,13,1.0,False,1.8,1.96
2025-07-12,2025-07-12 19:35:00,Richmond,Essendon,MCG,46,37,9,1.0,False,2.93,1.39
2025-07-13,2025-07-13 12:49:00,Melbourne,North Melbourne,MCG,119,83,36,1.0,False,1.2,4.32
2025-07-13,2025-07-13 15:15:00,St Kilda,Sydney,Marvel Stadium,87,92,-5,0.0,False,2.28,1.6
2025-07-13,2025-07-13 16:10:00,Port Adelaide,West Coast,Adelaide Oval,87,61,26,1.0,False,1.06,8.65
2025-07-17,2025-07-17 19:30:00,Essendon,GWS Giants,Marvel Stadium,56,104,-48,0.0,False,7.22,1.08
2025-07-18,2025-07-18 19:40:00,Brisbane,Western Bulldogs,Gabba,86,76,10,1.0,False,1.57,2.33
2025-07-19,2025-07-19 13:20:00,Hawthorn,Port Adelaide,UTAS Stadium,87,49,38,1.0,False,1.14,5.34
2025-07-19,2025-07-19 16:15:00,Sydney,North Melbourne,SCG,84,53,31,1.0,False,1.08,7.13
2025-07-19,2025-07-19 18:10:00,West Coast,Richmond,Optus Stadium,56,105,-49,0.0,False,1.65,2.17
2025-07-19,2025-07-19 19:35:00,Carlton,Melbourne,MCG,78,70,8,1.0,False,2.54,1.48
2025-07-20,2025-07-20 13:10:00,Geelong,St Kilda,GMHBA Stadium,113,82,31,1.0,False,1.13,5.51
2025-07-20,2025-07-20 15:15:00,Collingwood,Fremantle,MCG,78,79,-1,0.0,False,1.34,3.12
2025-07-20,2025-07-20 16:10:00,Adelaide,Gold Coast,Adelaide Oval,107,46,61,1.0,False,1.32,3.28
2025-07-24,2025-07-24 19:30:00,Hawthorn,Carlton,MCG,85,61,24,1.0,False,1.2,4.29
2025-07-25,2025-07-25 19:20:00,Essendon,Western Bulldogs,Marvel Stadium,50,143,-93,0.0,False,9.91,1.04
2025-07-25,2025-07-25 19:50:00,GWS Giants,Sydney,ENGIE Stadium,102,58,44,1.0,False,1.43,2.73
2025-07-26,2025-07-26 13:20:00,Gold Coast,Brisbane,People First Stadium,130,64,66,1.0,False,2.42,1.54
2025-07-26,2025-07-26 14:15:00,Fremantle,West Coast,Optus Stadium,126,77,49,1.0,False,1.04,9.96
2025-07-26,2025-07-26 19:35:00,North Melbourne,Geelong,Marvel Stadium,49,150,-101,0.0,False,8.53,1.06
2025-07-26,2025-07-26 19:40:00,Adelaide,Port Adelaide,Adelaide Oval,133,35,98,1.0,False,1.16,4.79
2025-07-27,2025-07-27 14:10:00,Richmond,Collingwood,MCG,57,93,-36,0.0,False,9.9,1.04
2025-07-27,2025-07-27 15:15:00,St Kilda,Melbourne,Marvel Stadium,96,90,6,1.0,False,1.99,1.77
2025-07-31,2025-07-31 19:30:00,Western Bulldogs,GWS Giants,Marvel Stadium,132,44,88,1.0,False,1.4,2.83
2025-08-01,2025-08-01 19:10:00,Adelaide,Hawthorn,Adelaide Oval,101,87,14,1.0,False,1.46,2.63
2025-08-02,2025-08-02 13:20:00,Melbourne,West Coast,Marvel Stadium,139,56,83,1.0,False,1.05,9.12
2025-08-02,2025-08-02 16:10:00,Gold Coast,Richmond,People First Stadium,107,23,84,1.0,False,1.03,11.19
2025-08-02,2025-08-02 16:15:00,Sydney,Essendon,SCG,68,54,14,1.0,False,1.07,7.73
2025-08-02,2025-08-02 19:35:00,Collingwood,Brisbane,MCG,65,92,-27,0.0,False,1.49,2.56
2025-08-03,2025-08-03 13:40:00,St Kilda,North Melbourne,Marvel Stadium,78,69,9,1.0,False,1.25,3.76
2025-08-03,2025-08-03 15:10:00,Fremantle,Carlton,Optus Stadium,94,67,27,1.0,False,1.07,7.42
2025-08-03,2025-08-03 15:15:00,Geelong,Port Adelaide,GMHBA Stadium,153,65,88,1.0,False,1.02,12.14
2025-08-07,2025-08-07 19:30:00,Hawthorn,Collingwood,MCG,110,46,64,1.0,False,2.24,1.62
2025-08-08,2025-08-08 19:40:00,Geelong,Essendon,GMHBA Stadium,109,65,44,1.0,False,1.01,16.55
2025-08-09,2025-08-09 13:20:00,Richmond,St Kilda,MCG,52,56,-4,0.0,False,3.34,1.31
2025-08-09,2025-08-09 16:15:00,Brisbane,Sydney,Gabba,90,92,-2,0.0,False,1.25,3.84
2025-08-09,2025-08-09 19:35:00,Carlton,Gold Coast,Marvel Stadium,74,93,-19,0.0,False,3.92,1.24
2025-08-09,2025-08-09 19:40:00,Port Adelaide,Fremantle,Adelaide Oval,86,92,-6,0.0,False,3.65,1.27
2025-08-10,2025-08-10 13:40:00,GWS Giants,North Melbourne,Manuka Oval,133,79,54,1.0,False,1.05,8.97
2025-08-10,2025-08-10 15:10:00,West Coast,Adelaide,Optus Stadium,78,87,-9,0.0,False,12.64,1.02
2025-08-10,2025-08-10 15:15:00,Melbourne,Western Bulldogs,MCG,99,105,-6,0.0,False,3.56,1.28
2025-08-15,2025-08-15 18:35:00,Fremantle,Brisbane,Optus Stadium,44,101,-57,0.0,False,1.72,2.1
2025-08-15,2025-08-15 19:20:00,Essendon,St Kilda,Marvel Stadium,75,77,-2,0.0,False,4.19,1.22
2025-08-16,2025-08-16 12:25:00,Gold Coast,GWS Giants,People First Stadium,76,111,-35,0.0,False,1.42,2.81
2025-08-16,2025-08-16 13:20:00,Carlton,Port Adelaide,Marvel Stadium,118,64,54,1.0,False,1.47,2.63
2025-08-16,2025-08-16 16:15:00,Hawthorn,Melbourne,MCG,92,56,36,1.0,False,1.31,3.33
2025-08-16,2025-08-16 19:05:00,Adelaide,Collingwood,Adelaide Oval,59,56,3,1.0,False,1.46,2.67
2025-08-17,2025-08-17 13:10:00,North Melbourne,Richmond,Ninja Stadium,135,87,48,1.0,False,1.61,2.29
2025-08-17,2025-08-17 15:15:00,Sydney,Geelong,SCG,68,111,-43,0.0,False,3.08,1.36
2025-08-17,2025-08-17 16:40:00,Western Bulldogs,West Coast,Marvel Stadium,126,32,94,1.0,False,1.01,14.95
2025-08-21,2025-08-21 19:30:00,Essendon,Carlton,MCG,56,90,-34,0.0,False,3.69,1.26
2025-08-22,2025-08-22 19:10:00,Collingwood,Melbourne,MCG,82,76,6,1.0,False,1.26,3.7
2025-08-22,2025-08-22 19:40:00,Port Adelaide,Gold Coast,Adelaide Oval,71,67,4,1.0,False,3.6,1.27
2025-08-23,2025-08-23 13:20:00,North Melbourne,Adelaide,Marvel Stadium,100,113,-13,0.0,False,5.46,1.13
2025-08-23,2025-08-23 16:15:00,Richmond,Geelong,MCG,64,103,-39,0.0,False,13.33,1.01
2025-08-23,2025-08-23 17:35:00,West Coast,Sydney,Optus Stadium,51,118,-67,0.0,False,5.39,1.14
2025-08-24,2025-08-24 12:20:00,GWS Giants,St Kilda,ENGIE Stadium,104,93,11,1.0,False,1.16,4.9
2025-08-24,2025-08-24 15:15:00,Western Bulldogs,Fremantle,Marvel Stadium,97,112,-15,0.0,False,1.35,3.11
2025-08-24,2025-08-24 19:20:00,Brisbane,Hawthorn,Gabba,89,79,10,1.0,False,1.66,2.16
2025-08-27,2025-08-27 19:20:00,Gold Coast,Essendon,People First Stadium,153,58,95,1.0,False,1.05,9.19
2025-09-04,2025-09-04 19:10:00,Adelaide,Collingwood,Adelaide Oval,55,79,-24,0.0,True,1.65,2.19
2025-09-05,2025-09-05 19:40:00,Geelong,Brisbane,MCG,112,74,38,1.0,True,1.66,2.16
2025-09-06,2025-09-06 15:15:00,GWS Giants,Hawthorn,ENGIE Stadium,88,107,-19,0.0,True,1.78,1.99
2025-09-06,2025-09-06 17:35:00,Fremantle,Gold Coast,Optus Stadium,79,80,-1,0.0,True,1.65,2.2
2025-09-12,2025-09-12 19:10:00,Adelaide,Hawthorn,Adelaide Oval,67,101,-34,0.0,True,1.72,2.07
2025-09-13,2025-09-13 19:35:00,Brisbane,Gold Coast,Gabba,100,47,53,1.0,True,1.54,2.43
2025-09-19,2025-09-19 19:40:00,Geelong,Hawthorn,MCG,115,85,30,1.0,True,1.52,2.46
2025-09-20,2025-09-20 17:15:00,Collingwood,Brisbane,MCG,71,100,-29,0.0,True,1.63,2.22
2025-09-27,2025-09-27 14:30:00,Geelong,Brisbane,MCG,75,122,-47,0.0,True,1.51,2.47
2026-03-05,2026-03-05 19:30:00,Sydney,Carlton,SCG,132,69,63,1.0,False,1.3,3.85
2026-03-06,2026-03-06 19:05:00,Gold Coast,Geelong,People First Stadium,125,69,56,1.0,False,1.6,2.75
2026-03-07,2026-03-07 16:15:00,GWS Giants,Hawthorn,ENGIE Stadium,122,95,27,1.0,False,2.5,1.56
2026-03-07,2026-03-07 18:35:00,Brisbane,Western Bulldogs,Gabba,106,111,-5,0.0,False,1.43,3.3
2026-03-08,2026-03-08 19:20:00,St Kilda,Collingwood,MCG,66,78,-12,0.0,False,1.87,1.97
2026-03-12,2026-03-12 19:30:00,Carlton,Richmond,MCG,75,71,4,1.0,False,1.33,3.45
2026-03-13,2026-03-13 19:40:00,Essendon,Hawthorn,MCG,83,145,-62,0.0,False,5.5,1.21
2026-03-14,2026-03-14 13:15:00,Western Bulldogs,GWS Giants,Marvel Stadium,134,53,81,1.0,False,1.32,3.5
2026-03-14,2026-03-14 16:15:00,Geelong,Fremantle,GMHBA Stadium,110,100,10,1.0,False,1.49,3.0
2026-03-14,2026-03-14 19:10:00,Sydney,Brisbane,SCG,104,60,44,1.0,False,1.52,2.8
2026-03-14,2026-03-14 19:35:00,Collingwood,Adelaide,MCG,79,93,-14,0.0,False,1.63,2.45
2026-03-15,2026-03-15 13:10:00,North Melbourne,Port Adelaide,Marvel Stadium,113,67,46,1.0,False,2.13,1.75
2026-03-15,2026-03-15 15:15:00,Melbourne,St Kilda,MCG,120,107,13,1.0,False,2.5,1.62
2026-03-15,2026-03-15 17:10:00,Gold Coast,West Coast,People First Stadium,131,72,59,1.0,False,1.01,21.0
2026-03-19,2026-03-19 19:30:00,Hawthorn,Sydney,MCG,99,82,17,1.0,False,1.37,3.35
2026-03-20,2026-03-20 19:10:00,Adelaide,Western Bulldogs,Adelaide Oval,88,94,-6,0.0,False,1.95,1.88
2026-03-21,2026-03-21 13:15:00,Richmond,Gold Coast,MCG,60,128,-68,0.0,False,5.0,1.21
2026-03-21,2026-03-21 16:15:00,GWS Giants,St Kilda,ENGIE Stadium,74,78,-4,0.0,False,1.57,2.45
2026-03-21,2026-03-21 16:35:00,Fremantle,Melbourne,Optus Stadium,118,70,48,1.0,False,1.33,3.35
2026-03-22,2026-03-22 14:45:00,Port Adelaide,Essendon,Adelaide Oval,133,70,63,1.0,False,1.38,3.25
2026-03-22,2026-03-22 15:10:00,West Coast,North Melbourne,Optus Stadium,111,94,17,1.0,False,2.7,1.48
2026-03-26,2026-03-26 19:30:00,Geelong,Adelaide,GMHBA Stadium,68,60,8,1.0,False,1.27,4.2
2026-03-27,2026-03-27 19:40:00,Collingwood,GWS Giants,Marvel Stadium,87,54,33,1.0,False,1.42,3.1
2026-03-28,2026-03-28 12:35:00,St Kilda,Brisbane,Marvel Stadium,80,113,-33,0.0,False,2.42,1.6
2026-03-28,2026-03-28 13:15:00,Fremantle,Richmond,Optus Stadium,103,43,60,1.0,False,1.05,12.0
2026-03-28,2026-03-28 19:35:00,Essendon,North Melbourne,Marvel Stadium,69,81,-12,0.0,False,2.9,1.49
2026-03-29,2026-03-29 12:00:00,Port Adelaide,West Coast,Adelaide Oval,90,92,-2,0.0,False,1.28,4.05
2026-03-29,2026-03-29 15:15:00,Carlton,Melbourne,MCG,77,100,-23,0.0,False,1.95,1.89
2026-04-02,2026-04-02 18:30:00,Brisbane,Collingwood,Gabba,119,65,54,1.0,False,1.31,4.0
2026-04-03,2026-04-03 15:15:00,North Melbourne,Carlton,Marvel Stadium,96,86,10,1.0,False,2.18,1.7
2026-04-03,2026-04-03 18:45:00,Adelaide,Fremantle,Adelaide Oval,76,78,-2,0.0,False,2.2,1.8
2026-04-04,2026-04-04 16:15:00,Richmond,Port Adelaide,MCG,48,90,-42,0.0,False,3.0,1.41
2026-04-04,2026-04-04 16:35:00,West Coast,Sydney,Optus Stadium,35,163,-128,0.0,False,5.5,1.19
2026-04-05,2026-04-05 15:15:00,Melbourne,Gold Coast,MCG,109,89,20,1.0,False,3.3,1.35
2026-04-05,2026-04-05 19:20:00,Western Bulldogs,Essendon,Marvel Stadium,99,65,34,1.0,False,1.01,19.0
2026-04-06,2026-04-06 15:15:00,Hawthorn,Geelong,MCG,92,91,1,1.0,False,1.82,2.07
2026-04-09,2026-04-09 19:10:00,Adelaide,Carlton,Adelaide Oval,114,86,28,1.0,False,1.16,6.0
2026-04-10,2026-04-10 19:10:00,Collingwood,Fremantle,Adelaide Oval,39,45,-6,0.0,False,2.7,1.47
2026-04-11,2026-04-11 12:05:00,North Melbourne,Brisbane,Barossa Park,66,92,-26,0.0,False,7.0,1.12
2026-04-11,2026-04-11 12:45:00,Essendon,Melbourne,Adelaide Oval,113,68,45,1.0,False,4.35,1.25
2026-04-11,2026-04-11 15:45:00,Sydney,Gold Coast,Norwood Oval,100,68,32,1.0,False,1.68,2.2
2026-04-11,2026-04-11 19:05:00,Hawthorn,Western Bulldogs,Adelaide Oval,104,64,40,1.0,False,1.65,2.3
2026-04-12,2026-04-12 12:00:00,Geelong,West Coast,Norwood Oval,122,76,46,1.0,False,1.08,8.0
2026-04-12,2026-04-12 14:45:00,GWS Giants,Richmond,Barossa Park,131,75,56,1.0,False,1.11,6.5
2026-04-12,2026-04-12 18:45:00,Port Adelaide,St Kilda,Adelaide Oval,67,81,-14,0.0,False,2.24,1.68
2026-04-16,2026-04-16 19:30:00,Carlton,Collingwood,MCG,83,88,-5,0.0,False,2.5,1.58
2026-04-17,2026-04-17 19:20:00,Geelong,Western Bulldogs,GMHBA Stadium,131,56,75,1.0,False,1.54,2.5
2026-04-17,2026-04-17 19:50:00,Sydney,GWS Giants,SCG,107,66,41,1.0,False,1.23,4.5
2026-04-18,2026-04-18 13:15:00,Gold Coast,Essendon,People First Stadium,119,110,9,1.0,False,1.11,6.7
2026-04-18,2026-04-18 16:15:00,Hawthorn,Port Adelaide,Marvel Stadium,89,86,3,1.0,False,1.12,6.5
2026-04-18,2026-04-18 19:05:00,Adelaide,St Kilda,Adelaide Oval,103,102,1,1.0,False,1.7,2.32
2026-04-19,2026-04-19 13:10:00,North Melbourne,Richmond,Marvel Stadium,130,55,75,1.0,False,1.23,5.25
2026-04-19,2026-04-19 15:10:00,West Coast,Fremantle,Optus Stadium,41,97,-56,0.0,False,8.5,1.09
2026-04-19,2026-04-19 15:15:00,Melbourne,Brisbane,MCG,104,102,2,1.0,False,4.5,1.24
2026-04-23,2026-04-23 19:30:00,Western Bulldogs,Sydney,Marvel Stadium,60,126,-66,0.0,False,3.1,1.44
2026-04-24,2026-04-24 19:40:00,Richmond,Melbourne,MCG,72,126,-54,0.0,False,6.25,1.14
2026-04-25,2026-04-25 12:30:00,Hawthorn,Gold Coast,UTAS Stadium,112,63,49,1.0,False,1.61,2.45
2026-04-25,2026-04-25 15:20:00,Essendon,Collingwood,MCG,60,137,-77,0.0,False,3.75,1.42
2026-04-25,2026-04-25 18:05:00,Port Adelaide,Geelong,Adelaide Oval,95,65,30,1.0,False,4.2,1.25
2026-04-25,2026-04-25 18:15:00,Fremantle,Carlton,Optus Stadium,103,89,14,1.0,False,1.11,8.0
2026-04-26,2026-04-26 13:10:00,St Kilda,West Coast,Marvel Stadium,143,42,101,1.0,False,1.11,7.5
2026-04-26,2026-04-26 15:15:00,Brisbane,Adelaide,Gabba,127,75,52,1.0,False,1.31,4.2
2026-04-26,2026-04-26 16:40:00,GWS Giants,North Melbourne,Manuka Oval,105,98,7,1.0,False,1.5,2.6
2026-04-30,2026-04-30 19:30:00,Collingwood,Hawthorn,MCG,93,93,0,0.5,False,4.33,1.27
2026-05-01,2026-05-01 19:30:00,Western Bulldogs,Fremantle,Marvel Stadium,102,114,-12,0.0,False,3.05,1.42
2026-05-01,2026-05-01 19:40:00,Adelaide,Port Adelaide,Adelaide Oval,76,75,1,1.0,False,1.62,2.34
2026-05-02,2026-05-02 12:35:00,Essendon,Brisbane,Marvel Stadium,79,143,-64,0.0,False,9.5,1.08
2026-05-02,2026-05-02 14:15:00,West Coast,Richmond,Optus Stadium,88,99,-11,0.0,False,1.4,3.0
2026-05-02,2026-05-02 16:35:00,Geelong,North Melbourne,GMHBA Stadium,135,86,49,1.0,False,1.25,4.5
2026-05-02,2026-05-02 19:35:00,Carlton,St Kilda,Marvel Stadium,69,108,-39,0.0,False,2.44,1.61
2026-05-03,2026-05-03 15:15:00,Sydney,Melbourne,SCG,131,114,17,1.0,False,1.15,6.25
2026-05-03,2026-05-03 19:20:00,Gold Coast,GWS Giants,People First Stadium,83,63,20,1.0,False,1.62,2.39
2026-05-07,2026-05-07 18:10:00,Fremantle,Hawthorn,Optus Stadium,88,73,15,1.0,False,1.71,2.18
2026-05-08,2026-05-08 19:30:00,Brisbane,Carlton,Gabba,100,89,11,1.0,False,1.11,7.5
2026-05-08,2026-05-08 19:40:00,Port Adelaide,Western Bulldogs,Adelaide Oval,72,74,-2,0.0,False,1.78,2.05
2026-05-09,2026-05-09 12:35:00,North Melbourne,Sydney,Marvel Stadium,97,105,-8,0.0,False,3.6,1.34
2026-05-09,2026-05-09 16:15:00,GWS Giants,Essendon,ENGIE Stadium,103,89,14,1.0,False,1.11,8.0
2026-05-09,2026-05-09 18:40:00,Gold Coast,St Kilda,TIO Stadium,89,60,29,1.0,False,1.381,3.35
2026-05-09,2026-05-09 19:35:00,Geelong,Collingwood,MCG,122,68,54,1.0,False,1.47,2.8
2026-05-10,2026-05-10 13:10:00,Melbourne,West Coast,Marvel Stadium,99,67,32,1.0,False,1.09,8.0
2026-05-10,2026-05-10 15:15:00,Richmond,Adelaide,MCG,61,98,-37,0.0,False,7.0,1.18
2026-05-14,2026-05-14 19:30:00,Brisbane,Geelong,Gabba,76,117,-41,0.0,False,1.54,2.65
2026-05-15,2026-05-15 19:30:00,Sydney,Collingwood,SCG,81,75,6,1.0,False,1.17,5.75
2026-05-15,2026-05-15 19:40:00,Gold Coast,Port Adelaide,TIO Stadium,98,73,25,1.0,False,1.23,4.5
2026-05-16,2026-05-16 12:45:00,Adelaide,North Melbourne,Adelaide Oval,133,65,68,1.0,False,1.51,2.7
2026-05-16,2026-05-16 16:15:00,Melbourne,Hawthorn,MCG,120,81,39,1.0,False,2.8,1.47
2026-05-16,2026-05-16 19:35:00,Carlton,Western Bulldogs,Marvel Stadium,74,62,12,1.0,False,2.34,1.62
2026-05-17,2026-05-17 13:10:00,Essendon,Fremantle,MCG,61,104,-43,0.0,False,4.6,1.2
2026-05-17,2026-05-17 15:15:00,St Kilda,Richmond,Marvel Stadium,109,73,36,1.0,False,1.1,7.0
2026-05-17,2026-05-17 16:15:00,West Coast,GWS Giants,Optus Stadium,88,71,17,1.0,False,4.2,1.25
2026-05-21,2026-05-21 19:30:00,Hawthorn,Adelaide,UTAS Stadium,75,66,9,1.0,False,1.58,2.44
2026-05-22,2026-05-22 18:30:00,Fremantle,St Kilda,Optus Stadium,104,74,30,1.0,False,1.29,3.85
2026-05-22,2026-05-22 19:45:00,Richmond,Essendon,MCG,74,56,18,1.0,False,2.9,1.46
2026-05-23,2026-05-23 13:15:00,North Melbourne,Gold Coast,Marvel Stadium,111,105,6,1.0,False,2.39,1.66
2026-05-23,2026-05-23 16:15:00,Geelong,Sydney,GMHBA Stadium,107,80,27,1.0,False,1.54,2.8
2026-05-23,2026-05-23 16:35:00,Collingwood,West Coast,MCG,92,82,10,1.0,False,1.07,10.0
2026-05-23,2026-05-23 19:05:00,Port Adelaide,Carlton,Adelaide Oval,58,92,-34,0.0,False,1.5,2.8
2026-05-24,2026-05-24 12:30:00,GWS Giants,Brisbane,ENGIE Stadium,166,88,78,1.0,False,2.5,1.55
2026-05-24,2026-05-24 15:15:00,Western Bulldogs,Melbourne,Marvel Stadium,93,90,3,1.0,False,2.05,1.78
2026-05-28,2026-05-28 19:30:00,St Kilda,Hawthorn,Marvel Stadium,67,119,-52,0.0,False,3.6,1.32
2026-05-29,2026-05-29 19:40:00,Carlton,Geelong,MCG,88,84,4,1.0,False,4.35,1.24
2026-05-30,2026-05-30 13:15:00,Sydney,Richmond,SCG,170,56,114,1.0,False,1.03,12.0
2026-05-30,2026-05-30 16:15:00,Brisbane,Fremantle,Gabba,78,103,-25,0.0,False,1.61,2.45
2026-05-30,2026-05-30 19:35:00,Western Bulldogs,Collingwood,Marvel Stadium,97,93,4,1.0,False,1.56,2.45
2026-05-31,2026-05-31 14:45:00,Melbourne,GWS Giants,TIO Traeger Park,70,119,-49,0.0,False,2.18,1.7
2026-05-31,2026-05-31 15:20:00,West Coast,Essendon,Optus Stadium,85,55,30,1.0,False,1.45,2.8
2026-06-04,2026-06-04 19:00:00,Adelaide,Geelong,Adelaide Oval,75,74,1,1.0,False,2.8,1.49
2026-06-05,2026-06-05 19:40:00,Hawthorn,Western Bulldogs,MCG,71,77,-6,0.0,False,1.53,2.65
2026-06-06,2026-06-06 12:15:00,North Melbourne,Fremantle,Hands Oval,31,155,-124,0.0,False,4.5,1.26
2026-06-06,2026-06-06 17:15:00,Gold Coast,Brisbane,People First Stadium,75,106,-31,0.0,False,1.54,2.55
2026-06-06,2026-06-06 18:15:00,West Coast,Port Adelaide,Optus Stadium,71,77,-6,0.0,False,2.25,1.66
2026-06-07,2026-06-07 15:15:00,Sydney,St Kilda,SCG,104,102,2,1.0,False,1.2,5.25
2026-06-07,2026-06-07 19:20:00,Essendon,Carlton,MCG,67,72,-5,0.0,False,5.25,1.17
2026-06-08,2026-06-08 15:15:00,Collingwood,Melbourne,MCG,75,83,-8,0.0,False,1.91,1.94
2026-06-11,2026-06-11 19:30:00,Western Bulldogs,Adelaide,Marvel Stadium,64,121,-57,0.0,False,1.73,2.2
2026-06-12,2026-06-12 19:40:00,Geelong,Gold Coast,GMHBA Stadium,105,60,45,1.0,False,1.25,4.5
2026-06-13,2026-06-13 13:15:00,Melbourne,Essendon,MCG,95,50,45,1.0,False,1.2,5.25
2026-06-13,2026-06-13 14:15:00,North Melbourne,West Coast,Optus Stadium,74,73,1,1.0,False,1.51,2.7
2026-06-13,2026-06-13 19:05:00,Port Adelaide,Sydney,Adelaide Oval,90,93,-3,0.0,False,3.2,1.42
2026-06-14,2026-06-14 13:10:00,Richmond,Brisbane,Ninja Stadium,80,115,-35,0.0,False,11.0,1.05
2026-06-14,2026-06-14 15:15:00,St Kilda,GWS Giants,Marvel Stadium,96,88,8,1.0,False,1.97,1.87
2026-06-18,2026-06-18 18:10:00,Fremantle,Geelong,Optus Stadium,99,90,9,1.0,False,1.38,3.35
2026-06-19,2026-06-19 19:40:00,Gold Coast,Hawthorn,People First Stadium,97,113,-16,0.0,False,2.25,1.71
2026-06-20,2026-06-20 12:45:00,Adelaide,Melbourne,Adelaide Oval,79,62,17,1.0,False,1.37,3.25
2026-06-20,2026-06-20 16:15:00,GWS Giants,Carlton,ENGIE Stadium,65,88,-23,0.0,False,1.3,3.75
2026-06-20,2026-06-20 19:35:00,Collingwood,Port Adelaide,MCG,78,52,26,1.0,False,1.56,2.55
2026-06-21,2026-06-21 13:10:00,Richmond,North Melbourne,MCG,48,73,-25,0.0,False,3.75,1.3
2026-06-21,2026-06-21 15:15:00,St Kilda,Western Bulldogs,Marvel Stadium,61,83,-22,0.0,False,1.85,1.99
2026-06-25,2026-06-25 19:30:00,Brisbane,Sydney,Gabba,126,83,43,1.0,False,1.84,2.0
2026-06-26,2026-06-26 19:40:00,Hawthorn,GWS Giants,MCG,96,82,14,1.0,False,1.31,3.83
2026-06-27,2026-06-27 13:15:00,Carlton,West Coast,Marvel Stadium,117,64,53,1.0,False,1.13,6.0
2026-06-27,2026-06-27 16:15:00,Collingwood,Richmond,MCG,106,72,34,1.0,False,1.11,7.0
2026-06-27,2026-06-27 19:05:00,Port Adelaide,Adelaide,Adelaide Oval,97,71,26,1.0,False,3.8,1.28
2026-06-28,2026-06-28 15:10:00,Fremantle,Gold Coast,Optus Stadium,80,29,51,1.0,False,1.18,5.25
2026-06-28,2026-06-28 15:15:00,North Melbourne,Essendon,Marvel Stadium,79,65,14,1.0,False,1.46,2.8
2026-07-02,2026-07-02 19:30:00,Geelong,Brisbane,GMHBA Stadium,101,123,-22,0.0,False,1.45,2.75
2026-07-03,2026-07-03 18:10:00,West Coast,Adelaide,Optus Stadium,74,99,-25,0.0,False,4.6,1.21
2026-07-03,2026-07-03 19:40:00,Sydney,Western Bulldogs,SCG,90,55,35,1.0,False,1.45,2.85
2026-07-04,2026-07-04 13:15:00,Hawthorn,Melbourne,UTAS Stadium,90,125,-35,0.0,False,1.42,2.9
2026-07-04,2026-07-04 13:35:00,GWS Giants,Fremantle,Manuka Oval,109,88,21,1.0,False,4.0,1.25
2026-07-04,2026-07-04 16:15:00,Gold Coast,Collingwood,People First Stadium,98,104,-6,0.0,False,1.68,2.23
2026-07-04,2026-07-04 19:35:00,Richmond,Carlton,MCG,72,74,-2,0.0,False,5.5,1.18
2026-07-05,2026-07-05 13:15:00,Essendon,St Kilda,Marvel Stadium,50,117,-67,0.0,False,4.35,1.22
2026-07-05,2026-07-05 16:10:00,Port Adelaide,North Melbourne,Adelaide Oval,73,52,21,1.0,False,1.43,2.9
2026-07-09,2026-07-09 18:10:00,Fremantle,Sydney,Optus Stadium,111,73,38,1.0,False,1.46,2.9
2026-07-10,2026-07-10 19:40:00,Collingwood,North Melbourne,Marvel Stadium,89,85,4,1.0,False,1.42,3.05
2026-07-11,2026-07-11 13:15:00,St Kilda,Port Adelaide,Marvel Stadium,87,73,14,1.0,False,1.59,2.59
2026-07-11,2026-07-11 16:15:00,GWS Giants,Geelong,ENGIE Stadium,86,73,13,1.0,False,2.18,1.73
2026-07-11,2026-07-11 19:35:00,Carlton,Hawthorn,MCG,39,103,-64,0.0,False,2.55,1.55
2026-07-11,2026-07-11 19:40:00,Adelaide,Gold Coast,Adelaide Oval,128,49,79,1.0,False,1.33,3.6
2026-07-12,2026-07-12 13:10:00,Western Bulldogs,West Coast,Marvel Stadium,86,70,16,1.0,False,1.13,6.25
2026-07-12,2026-07-12 15:15:00,Melbourne,Richmond,MCG,111,65,46,1.0,False,1.11,7.2
2026-07-12,2026-07-12 16:40:00,Brisbane,Essendon,Gabba,149,59,90,1.0,False,1.01,21.0
2026-07-16,2026-07-16 19:30:00,Geelong,St Kilda,GMHBA Stadium,102,75,27,1.0,False,1.41,3.0
2026-07-17,2026-07-17 19:40:00,Sydney,Adelaide,SCG,71,87,-16,0.0,False,1.43,2.9
2026-07-18,2026-07-18 12:45:00,Port Adelaide,Fremantle,Adelaide Oval,75,103,-28,0.0,False,8.0,1.09
2026-07-18,2026-07-18 16:15:00,North Melbourne,Melbourne,Marvel Stadium,76,92,-16,0.0,False,3.1,1.39
2026-07-18,2026-07-18 18:10:00,West Coast,Brisbane,Optus Stadium,69,93,-24,0.0,False,7.5,1.11
2026-07-18,2026-07-18 19:35:00,Collingwood,Carlton,MCG,90,69,21,1.0,False,1.72,2.21
2026-07-19,2026-07-19 13:10:00,Richmond,Hawthorn,MCG,52,122,-70,0.0,False,11.0,1.06
2026-07-19,2026-07-19 15:15:00,Gold Coast,Western Bulldogs,People First Stadium,68,77,-9,0.0,False,1.78,2.11
2026-07-19,2026-07-19 16:40:00,Essendon,GWS Giants,Marvel Stadium,67,64,3,1.0,False,6.5,1.13
2026-07-23,2026-07-23 19:00:00,Adelaide,Collingwood,Adelaide Oval,74,108,-34,0.0,False,1.44,2.9
2026-07-24,2026-07-24 18:10:00,Fremantle,West Coast,Optus Stadium,112,42,70,1.0,False,1.05,11.0
2026-07-24,2026-07-24 19:40:00,Melbourne,Geelong,MCG,97,117,-20,0.0,False,2.0,1.88
2026-07-25,2026-07-25 13:05:00,Carlton,Gold Coast,Marvel Stadium,110,97,13,1.0,False,1.67,2.25
2026-07-25,2026-07-25 16:15:00,Hawthorn,Essendon,MCG,132,39,93,1.0,False,1.02,15.0
2026-07-25,2026-07-25 16:35:00,GWS Giants,Sydney,ENGIE Stadium,88,139,-51,0.0,False,2.55,1.53
2026-07-25,2026-07-25 19:40:00,Western Bulldogs,Richmond,Marvel Stadium,105,48,57,1.0,False,1.12,7.0
2026-07-26,2026-07-26 13:10:00,Brisbane,Port Adelaide,Gabba,126,67,59,1.0,False,1.08,8.5
2026-07-26,2026-07-26 15:15:00,North Melbourne,St Kilda,Marvel Stadium,62,93,-31,0.0,False,2.7,1.48
2026-07-30,2026-07-30 19:30:00,Collingwood,Geelong,MCG,72,97,-25,0.0,False,2.18,1.71
2026-07-31,2026-07-31 18:10:00,Fremantle,Western Bulldogs,Optus Stadium,78,41,37,1.0,False,1.12,7.6
2026-08-01,2026-08-01 13:05:00,St Kilda,Sydney,Marvel Stadium,88,107,-19,0.0,False,2.62,1.55
2026-08-01,2026-08-01 13:35:00,Hawthorn,North Melbourne,UTAS Stadium,99,83,16,1.0,False,1.11,7.5
2026-08-01,2026-08-01 18:05:00,Port Adelaide,GWS Giants,Adelaide Oval,63,75,-12,0.0,False,2.0,1.84
2026-08-01,2026-08-01 19:40:00,Carlton,Brisbane,Marvel Stadium,154,78,76,1.0,False,3.7,1.35
2026-08-02,2026-08-02 13:10:00,Richmond,West Coast,MCG,84,73,11,1.0,False,2.12,1.78
2026-08-02,2026-08-02 15:15:00,Gold Coast,Melbourne,People First Stadium,105,114,-9,0.0,False,2.22,1.85
2026-08-02,2026-08-02 16:40:00,Essendon,Adelaide,Marvel Stadium,73,145,-72,0.0,False,7.0,1.1
